Player_ID,Opponent_ID,Opponent_Name,Opponent_Nation,Tournament,Year,Date,Surface,Round,Result,Score
800586822,800513800.0,Felipe Virgili Berini,ITA,J3 Dubrovnik,2022,17 Oct to 23 Oct 2022,Clay,Semi-final,L,6-7 0-6
800586822,800570253.0,Alejandro Arcila,COL,J3 Dubrovnik,2022,17 Oct to 23 Oct 2022,Clay,Quarter-final,W,6-3 7-6
800586822,800478487.0,Pavel Lagutin,RUS,J3 Dubrovnik,2022,17 Oct to 23 Oct 2022,Clay,2nd Round,W,6-4 6-3
800586822,800541002.0,Ludovico Vaccari,ITA,J3 Dubrovnik,2022,17 Oct to 23 Oct 2022,Clay,1st Round,W,6-2 6-2
800586822,800568761.0,Nal Sok,SLO,J3 Dubrovnik,2022,17 Oct to 23 Oct 2022,Clay,Quarter-final,W,6-3 6-1
800586822,800521938.0,Anes Latifovic,GER,J3 Dubrovnik,2022,17 Oct to 23 Oct 2022,Clay,2nd Round,W,6-1 6-1
800586822,800575291.0,Naoya Honda,JPN,J4 Porec,2022,10 Oct to 16 Oct 2022,Clay,3rd Round,L,0-6 2-6
800586822,800667560.0,Lorenzo Leti Messina,ITA,J4 Porec,2022,10 Oct to 16 Oct 2022,Clay,2nd Round,W,6-4 7-5
800586822,800556982.0,Filip Avdeev,RUS,J3 Barcelona,2022,30 Aug to 03 Sep 2022,Clay,Quarter-final,L,6-6
800586822,800596715.0,Alex Van Lumich,ESP,J3 Barcelona,2022,30 Aug to 03 Sep 2022,Clay,2nd Round,W,6-3 6-4
800586822,800577606.0,Javier Gonzalez,ESP,J3 Barcelona,2022,30 Aug to 03 Sep 2022,Clay,1st Round,W,3-0
800586822,800632144.0,alex alvarez,ESP,J3 Barcelona,2022,23 Aug to 27 Aug 2022,Clay,2nd Round,L,4-6 4-6
800586822,800594178.0,Silviu Lucian Buzgau,ESP,J3 Barcelona,2022,23 Aug to 27 Aug 2022,Clay,1st Round,W,6-0 6-0
800586822,800654119.0,Connor Doig,RSA,2022 ITF World Junior Tennis Finals (Boys),2022,01 Aug to 06 Aug 2022,Clay,Round Robin Group 2,W,7-5 6-3
800586822,800602231.0,Ali Missoum,MAR,2022 ITF World Junior Tennis Finals (Boys),2022,01 Aug to 06 Aug 2022,Clay,Round Robin Group 2,W,4-6 7-5 6-1
800586822,800598581.0,Gyeom Do,KOR,2022 ITF World Junior Tennis Finals (Boys),2022,01 Aug to 06 Aug 2022,Clay,Round Robin Group 2,W,6-4 6-0
800586822,800572931.0,Niels McDonald,GER,2022 ITF World Junior Tennis Finals (Boys),2022,01 Aug to 06 Aug 2022,Clay,,W,6-2 7-6
800586822,800579895.0,Ziga Sesko,SLO,2022 ITF World Junior Tennis Finals (Boys),2022,01 Aug to 06 Aug 2022,Clay,,W,6-4 6-3
800586822,800598581.0,Gyeom Do,KOR,2022 ITF World Junior Tennis Finals (Boys),2022,01 Aug to 06 Aug 2022,Clay,,W,6-1 6-2
800586822,800513569.0,Mahmut Bera Binici,TUR,J5 Sozopol,2022,16 May to 21 May 2022,Hard,Quarter-final,L,1-6 0-6
800586822,800510649.0,Velizar Iliev,BUL,J5 Sozopol,2022,16 May to 21 May 2022,Hard,2nd Round,W,6-1 6-1
800586822,800521079.0,Tomas Kratochvil,CZE,J5 Sozopol,2022,16 May to 21 May 2022,Hard,1st Round,W,6-2 6-3
800586822,800490353.0,Nikola Zekic,SRB,J2 Haskovo,2022,19 Apr to 24 Apr 2022,Clay,2nd Round,L,0-6 0-6
800586822,800552944.0,Yerassyl Yerdilda,KAZ,J2 Haskovo,2022,19 Apr to 24 Apr 2022,Clay,1st Round,W,6-4 6-3
800692786,800579401.0,Yannic Nittmann,GER,J4 Atlanta,2022,17 Oct to 22 Oct 2022,Hard,1st Round,L,6-7 2-6
800692786,800653767.0,Aditya Vyas,USA,J4 Corpus Christi,2022,26 Sep to 01 Oct 2022,Hard,3rd Round,L,6-2 2-6 1-6
800692786,800594965.0,Yuvraj Kashyap,IND,J4 Corpus Christi,2022,26 Sep to 01 Oct 2022,Hard,2nd Round,W,6-1 6-2
800692786,800582936.0,Siddhartha Lama,USA,J4 Corpus Christi,2022,26 Sep to 01 Oct 2022,Hard,1st Round,W,6-4 6-1
800692786,800482598.0,Alex Khamrotau,BLR,J5 McKinney,2022,19 Sep to 23 Sep 2022,Hard,2nd Round,L,7-5 1-6 4-6
800692786,800721770.0,Liam Alvarez,USA,J5 McKinney,2022,19 Sep to 23 Sep 2022,Hard,1st Round,W,6-0 6-3
800692786,800584885.0,Maksim Despotovic,SRB,2022 ITF World Junior Tennis Finals (Boys),2022,01 Aug to 06 Aug 2022,Clay,Round Robin Group 3,W,6-2 6-2
800692786,800690276.0,Ren Matsumura,JPN,2022 ITF World Junior Tennis Finals (Boys),2022,01 Aug to 06 Aug 2022,Clay,Round Robin Group 3,L,4-6 7-5 4-6
800692786,800622039.0,Thomas Gunzinger,SUI,2022 ITF World Junior Tennis Finals (Boys),2022,01 Aug to 06 Aug 2022,Clay,,W,6-3 6-4
800692786,800598581.0,Gyeom Do,KOR,2022 ITF World Junior Tennis Finals (Boys),2022,01 Aug to 06 Aug 2022,Clay,,W,6-0 6-0
800692786,800559166.0,Damir Zhalgasbay,KAZ,2022 ITF World Junior Tennis Finals (Boys),2022,01 Aug to 06 Aug 2022,Clay,,W,6-3 6-3
800692786,800538484.0,Leonardo Dal Boni,USA,J3 Delray Beach,2022,25 Apr to 30 Apr 2022,Clay,3rd Round,L,2-6 2-6
800692786,800646697.0,Raul de la vega,BRA,J3 Delray Beach,2022,25 Apr to 30 Apr 2022,Clay,2nd Round,W,7-6 5-7 10-5
800692786,800684082.0,Luca Garbati,CAN,J3 Delray Beach,2022,25 Apr to 30 Apr 2022,Clay,1st Round,W,6-2 6-0
800583844,800553573.0,Woong Bi Lee,KOR,J3 Andong,2022,08 Nov to 13 Nov 2022,Hard,1st Round,L,3-6 1-6
800583844,800564131.0,Yuvan Nandal,IND,JB1 Osan - Asia Closed,2022,31 Oct to 06 Nov 2022,Hard,2nd Round,L,2-6 5-7
800583844,800822738.0,Hyeonseok Seo,KOR,JB1 Osan - Asia Closed,2022,31 Oct to 06 Nov 2022,Hard,1st Round,W,7-5 7-5
800583844,800653479.0,Minhoon Lee,AUS,JB1 Osan - Asia Closed,2022,31 Oct to 06 Nov 2022,Hard,3rd Round,W,6-2 6-1
800583844,800572099.0,Chang Min Ryu,KOR,JB1 Osan - Asia Closed,2022,31 Oct to 06 Nov 2022,Hard,2nd Round,W,4-6 6-0 10-6
800583844,800576614.0,Satoru Nakajima,JPN,J2 Nagoya,2022,18 Oct to 23 Oct 2022,Carpet,2nd Round,L,2-6 2-6
800583844,800568461.0,Hiiro Sakamoto,JPN,J2 Nagoya,2022,18 Oct to 23 Oct 2022,Carpet,1st Round,W,6-0 6-4
800657117,800573167.0,William Semler,USA,J5 San Diego,2022,14 Nov to 18 Nov 2022,Hard,Quarter-final,L,3-6 3-6
800657117,800585867.0,Brody Nejedly,USA,J5 San Diego,2022,14 Nov to 18 Nov 2022,Hard,2nd Round,W,6-3 7-6
800657117,800772920.0,Brandon Vu,USA,J5 San Diego,2022,14 Nov to 18 Nov 2022,Hard,1st Round,W,6-2 6-1
800657117,800630354.0,Winston Zhang,CAN,J4 Langley,2022,10 Oct to 15 Oct 2022,Hard,1st Round,L,6-7 2-6
800575096,800672010.0,Cooper Woestendick,USA,J3 Burlington,2022,31 Oct to 04 Nov 2022,Hard,Final,W,6-1 7-5
800575096,800582785.0,Bernardo Munk Mesa,ESP,J3 Burlington,2022,31 Oct to 04 Nov 2022,Hard,Semi-final,W,7-5 6-4
800575096,800625281.0,Connor Church,CAN,J3 Burlington,2022,31 Oct to 04 Nov 2022,Hard,Quarter-final,W,6-3 6-2
800575096,800573641.0,Denny Bao,CAN,J3 Burlington,2022,31 Oct to 04 Nov 2022,Hard,2nd Round,W,6-1 6-3
800575096,800672477.0,Alexander Andrei,CAN,J3 Burlington,2022,31 Oct to 04 Nov 2022,Hard,1st Round,W,6-0 6-2
800575096,800600432.0,Edward Stan,CAN,J5 Woodbridge 		,2022,24 Oct to 28 Oct 2022,Hard,Final,W,6-2 6-3
800575096,800623377.0,Matej Kajzer,CAN,J5 Woodbridge 		,2022,24 Oct to 28 Oct 2022,Hard,Semi-final,W,6-1 6-3
800575096,800666136.0,Mikael Arseneault,CAN,J5 Woodbridge 		,2022,24 Oct to 28 Oct 2022,Hard,Quarter-final,W,6-3 6-2
800575096,800623789.0,Leo Fortier-Gariepy,CAN,J5 Woodbridge 		,2022,24 Oct to 28 Oct 2022,Hard,2nd Round,W,6-0 6-0
800575096,800596144.0,Kristian Thomas,CAN,J5 Woodbridge 		,2022,24 Oct to 28 Oct 2022,Hard,1st Round,W,6-2 6-2
800575096,800573641.0,Denny Bao,CAN,J4 Victoria,2022,17 Oct to 22 Oct 2022,Hard,Final,W,4-6 6-1 7-6
800575096,800625281.0,Connor Church,CAN,J4 Victoria,2022,17 Oct to 22 Oct 2022,Hard,Semi-final,W,6-3 6-4
800575096,800683470.0,Owen Nguyen,CAN,J4 Victoria,2022,17 Oct to 22 Oct 2022,Hard,Quarter-final,W,6-0 6-0
800575096,800623377.0,Matej Kajzer,CAN,J4 Victoria,2022,17 Oct to 22 Oct 2022,Hard,2nd Round,W,6-2 6-3
800575096,800679002.0,Eric Crivei,CAN,J4 Victoria,2022,17 Oct to 22 Oct 2022,Hard,1st Round,W,6-3 6-3
800575096,800592946.0,Emmett Potter,CAN,J4 Langley,2022,10 Oct to 15 Oct 2022,Hard,Final,W,6-3 6-0
800575096,800625281.0,Connor Church,CAN,J4 Langley,2022,10 Oct to 15 Oct 2022,Hard,Semi-final,W,6-1 6-3
800575096,800687140.0,Mustafa Raja,CAN,J4 Langley,2022,10 Oct to 15 Oct 2022,Hard,Quarter-final,W,6-0 6-4
800575096,800666135.0,Nicolas Arseneault,CAN,J4 Langley,2022,10 Oct to 15 Oct 2022,Hard,2nd Round,W,5-4
800575096,800547026.0,Lucas Mock,CAN,J4 Langley,2022,10 Oct to 15 Oct 2022,Hard,1st Round,W,6-1 6-1
800575096,800519374.0,Goran Zgola,POL,J3 The Hague,2022,15 Jun to 19 Jun 2022,Clay,Quarter-final,L,3-6 2-6
800575096,800515302.0,Kaj Quirijns,SUI,J3 The Hague,2022,15 Jun to 19 Jun 2022,Clay,2nd Round,W,6-3 7-6
800575096,800543643.0,Ye Hongyu,CHN,J3 The Hague,2022,15 Jun to 19 Jun 2022,Clay,1st Round,W,6-2 6-4
800575096,800571905.0,Ognjen Milic,SRB,J5 Skopje,2022,10 May to 15 May 2022,Clay,Semi-final,L,3-6 5-7
800575096,800535508.0,Louis-Lou Langenaken,BEL,J5 Skopje,2022,10 May to 15 May 2022,Clay,2nd Round,W,6-1 6-3
800575096,800513262.0,Filip Stojanovski,MKD,J5 Skopje,2022,10 May to 15 May 2022,Clay,1st Round,W,6-0 6-0
800575096,800506453.0,Andrej Rajak,SRB,J5 Skopje,2022,10 May to 15 May 2022,Clay,Quarter-final,W,6-2 6-0
800575096,800598997.0,Taisei Hata,JPN,J5 Skopje,2022,10 May to 15 May 2022,Clay,2nd Round,W,6-3 6-2
800575096,800575748.0,Martin Vladevski,MKD,J5 Skopje,2022,10 May to 15 May 2022,Clay,1st Round,W,6-0 6-0
800575096,800582798.0,Hiromasa Koyama,JPN,J4 Skopje,2022,02 May to 08 May 2022,Clay,1st Round,L,3-6 3-6
800575096,800516690.0,Jethro Dela Vega,GBR,J4 Skopje,2022,02 May to 08 May 2022,Clay,3rd Round,W,6-4 6-3
800575096,800543558.0,Aleksa Misic,SRB,J4 Skopje,2022,02 May to 08 May 2022,Clay,2nd Round,W,6-2 6-2
800575096,800545540.0,Alex Rosa,SVK,J4 Skopje,2022,02 May to 08 May 2022,Clay,1st Round,W,6-0 6-0
800575096,800547909.0,Evgenios Vasilakis,GRE,J5 The Hague,2022,22 Feb to 26 Feb 2022,Hard,1st Round,L,1-6 7-5 3-6
800590346,800552230.0,Ivan Gretskiy,RUS,J5 Larnaca,2022,22 Nov to 26 Nov 2022,Hard,Final,W,4-2 4-1
800590346,800538756.0,Nico Hipfl,AUT,J5 Larnaca,2022,22 Nov to 26 Nov 2022,Hard,Semi-final,W,5-3 4-5 10-7
800590346,800650471.0,Artur Aiukhanov,RUS,J5 Larnaca,2022,22 Nov to 26 Nov 2022,Hard,Quarter-final,W,1-4 4-2 10-6
800590346,800583480.0,Antreas Stavrou,CYP,J5 Larnaca,2022,22 Nov to 26 Nov 2022,Hard,2nd Round,W,6-1 6-3
800590346,800548595.0,Dominik Kurucsai,HUN,J5 Larnaca,2022,22 Nov to 26 Nov 2022,Hard,1st Round,W,6-0 6-0
800590346,800644429.0,Emirhan Bulut,TUR,J5 Istanbul,2022,14 Nov to 19 Nov 2022,Hard,3rd Round,L,5-7 6-2 2-6
800590346,800556697.0,Egemen Karaman,TUR,J5 Istanbul,2022,14 Nov to 19 Nov 2022,Hard,2nd Round,W,6-2 6-2
800590346,800513569.0,Mahmut Bera Binici,TUR,J5 Istanbul,2022,17 Oct to 23 Oct 2022,Hard,3rd Round,L,4-6 6-1 3-6
800590346,800589546.0,Moise Kouame,FRA,J5 Istanbul,2022,17 Oct to 23 Oct 2022,Hard,2nd Round,W,6-0 5-7 7-6
800590346,800643901.0,Furkan Kaynarca,TUR,J5 Istanbul,2022,17 Oct to 23 Oct 2022,Hard,1st Round,W,6-2 6-1
800590346,800540345.0,Mehmet Onur Turgut,TUR,J5 Istanbul,2022,10 Oct to 16 Oct 2022,Hard,Semi-final,L,3-6 2-6
800590346,800575129.0,Luc Wieland,SUI,J5 Istanbul,2022,10 Oct to 16 Oct 2022,Hard,Quarter-final,W,6-3 6-3
800590346,800513569.0,Mahmut Bera Binici,TUR,J5 Istanbul,2022,10 Oct to 16 Oct 2022,Hard,3rd Round,W,6-3 6-4
800590346,800540072.0,Egor Sergeev,RUS,J5 Istanbul,2022,10 Oct to 16 Oct 2022,Hard,2nd Round,W,6-2 6-1
800590346,800643901.0,Furkan Kaynarca,TUR,J5 Istanbul,2022,10 Oct to 16 Oct 2022,Hard,1st Round,W,6-1 6-0
800590346,800537977.0,Sebastian Eriksson,SWE,J2 Istanbul,2022,03 Oct to 08 Oct 2022,Hard,1st Round,L,3-6 3-6
800590346,800653132.0,Aleksandar Daskalovic,SRB,J5 Peja,2022,05 Sep to 10 Sep 2022,Hard,Final,W,2-6 6-4 6-4
800590346,800541826.0,Makar Krivoshchekov,RUS,J5 Peja,2022,05 Sep to 10 Sep 2022,Hard,Quarter-final,W,4-6 6-4 7-5
800590346,800513156.0,Cem Atlamis,TUR,J5 Peja,2022,05 Sep to 10 Sep 2022,Hard,2nd Round,W,6-3 6-2
800590346,800538069.0,Marko Banicevic,CRO,J5 Peja,2022,05 Sep to 10 Sep 2022,Hard,1st Round,W,6-2 6-1
800590346,800664516.0,Josh Hinton,GBR,J5 Peja,2022,05 Sep to 10 Sep 2022,Hard,Quarter-final,W,6-0 6-1
800590346,800626300.0,Tommy Guichard,USA,J5 Peja,2022,05 Sep to 10 Sep 2022,Hard,1st Round,W,6-0 6-0
800571129,800595178.0,Henry Bernet,SUI,J5 Leimen,2022,08 Nov to 13 Nov 2022,Hard,Final,L,3-6 1-6
800571129,800596852.0,Christopher Thies,GER,J5 Leimen,2022,08 Nov to 13 Nov 2022,Hard,Semi-final,W,6-3 6-4
800571129,800553730.0,Emil Kindhult,SWE,J5 Leimen,2022,08 Nov to 13 Nov 2022,Hard,Quarter-final,W,6-3 6-2
800571129,800555716.0,Lieven Mietusch,GER,J5 Leimen,2022,08 Nov to 13 Nov 2022,Hard,2nd Round,W,6-1 6-2
800571129,800621278.0,Kent Mueller,GER,J5 Leimen,2022,08 Nov to 13 Nov 2022,Hard,1st Round,W,6-2 6-0
800600773,800576190.0,Rodrigo Varillas,PER,J3 Lima,2022,09 May to 14 May 2022,Clay,2nd Round,L,1-6 2-6
800600773,800621186.0,Tiago CUETO BON-BETEMPS,PER,J3 Lima,2022,09 May to 14 May 2022,Clay,1st Round,W,6-4 6-0
800600773,800555735.0,Felipe Spagnuolo,ARG,J4 Lima,2022,02 May to 07 May 2022,Clay,1st Round,L,3-6 4-6
800646827,800576236.0,Christof Schaertlin Coffey,SUI,J3 Loughborough,2022,05 Dec to 09 Dec 2022,Hard,2nd Round,L,3-6 1-6
800646827,800701349.0,Chanula Wickramaratna,GBR,J3 Loughborough,2022,05 Dec to 09 Dec 2022,Hard,1st Round,W,6-2 6-3
800646827,800576391.0,Kyle McKay,GBR,J5 Edinburgh,2022,10 Aug to 14 Aug 2022,Clay,1st Round,L,6-2 3-6 2-6
800720203,800629869.0,Francisco Montana,USA,J4 Boca Raton,2022,31 Oct to 05 Nov 2022,Hard,1st Round,L,3-2
800720203,800649973.0,Paxton Pritchard,USA,J4 Lexington,2022,24 Oct to 29 Oct 2022,Hard,2nd Round,L,4-6 0-6
800720203,800563711.0,Thomas Aston,GBR,J4 Lexington,2022,24 Oct to 29 Oct 2022,Hard,1st Round,W,5-7 6-3 6-2
800654359,800711664.0,Yuma Tobe,JPN,2022 ITF World Junior Tennis Finals (Boys),2022,01 Aug to 06 Aug 2022,Clay,,L,2-6 4-6
800658369,800659758.0,SANTIAGO PESINO,ARG,J5 Buenos Aires,2022,19 Sep to 23 Sep 2022,Clay,1st Round,L,3-6 7-5 5-10
800658369,800595066.0,Lucas Yunez,ECU,2022 ITF World Junior Tennis Finals (Boys),2022,01 Aug to 06 Aug 2022,Clay,Round Robin Group 1,W,7-6 7-5
800658369,800543488.0,Zangar Nurlanuly,KAZ,2022 ITF World Junior Tennis Finals (Boys),2022,01 Aug to 06 Aug 2022,Clay,Round Robin Group 1,W,2-6 6-1 6-1
800658369,800587847.0,Antonio Marigliano,ITA,2022 ITF World Junior Tennis Finals (Boys),2022,01 Aug to 06 Aug 2022,Clay,Round Robin Group 1,L,3-6 7-5 4-6
800658369,800571129.0,Flynn Thomas,SUI,2022 ITF World Junior Tennis Finals (Boys),2022,01 Aug to 06 Aug 2022,Clay,,L,1-6 1-6
800658369,800579895.0,Ziga Sesko,SLO,2022 ITF World Junior Tennis Finals (Boys),2022,01 Aug to 06 Aug 2022,Clay,,L,1-6 4-6
800658369,800598581.0,Gyeom Do,KOR,2022 ITF World Junior Tennis Finals (Boys),2022,01 Aug to 06 Aug 2022,Clay,,W,6-2 6-2
800658369,800546803.0,Juan Cruz Blanco Cauterucci,URU,J3 Asuncion,2022,11 Apr to 16 Apr 2022,Clay,1st Round,L,3-6 2-6
800721316,800563421.0,Ismail ElShafei,EGY,J4 Lexington,2022,24 Oct to 29 Oct 2022,Hard,1st Round,L,5-7 2-6
800721316,800660012.0,David Duong,USA,J4 Atlanta,2022,17 Oct to 22 Oct 2022,Hard,1st Round,L,0-6 1-6
800700658,800683157.0,Ryuto Suzuki,JPN,J5 Yamanashi,2022,16 Nov to 20 Nov 2022,Clay,2nd Round,L,6-1 0-6 3-6
800700658,800684698.0,Kanari Izumisawa,JPN,J5 Yamanashi,2022,16 Nov to 20 Nov 2022,Clay,1st Round,W,6-4 6-1
800700658,800582583.0,Natsuki Yamamoto,JPN,J2 Nagoya,2022,18 Oct to 23 Oct 2022,Carpet,2nd Round,L,3-6 3-6
800700658,800652221.0,Naoki Watanabe,JPN,J2 Nagoya,2022,18 Oct to 23 Oct 2022,Carpet,1st Round,W,6-4 4-6 6-4
800668600,800576416.0,Paolo Vito Domenico Laviola,ITA,J5 Cuneo,2022,15 Aug to 20 Aug 2022,Clay,1st Round,L,6-3 3-6 7-10
800565895,800513800.0,Felipe Virgili Berini,ITA,J3 Dubrovnik,2022,17 Oct to 23 Oct 2022,Clay,Final,L,3-6 5-7
800565895,800535720.0,Marko Maksimovic,SRB,J3 Dubrovnik,2022,17 Oct to 23 Oct 2022,Clay,Semi-final,W,6-1 6-1
800565895,800525841.0,Tymofii Milovanov,UKR,J3 Dubrovnik,2022,17 Oct to 23 Oct 2022,Clay,Quarter-final,W,6-4 6-2
800565895,800496665.0,Viktor Markov,BUL,J3 Dubrovnik,2022,17 Oct to 23 Oct 2022,Clay,2nd Round,W,7-5 3-6 6-4
800565895,800568761.0,Nal Sok,SLO,J3 Dubrovnik,2022,17 Oct to 23 Oct 2022,Clay,1st Round,W,6-1 6-4
800565895,800541664.0,Amar Huseinovic,MKD,J3 Dubrovnik,2022,17 Oct to 23 Oct 2022,Clay,Quarter-final,W,6-1 7-6
800565895,800496428.0,Luka Plosnic,CRO,J3 Dubrovnik,2022,17 Oct to 23 Oct 2022,Clay,2nd Round,W,7-5 6-4
800565895,800540938.0,Leonardo Iemmi,ITA,J4 Veli Losinj,2022,26 Sep to 02 Oct 2022,Clay,3rd Round,L,6-2 3-6 6-7
800565895,800520266.0,Trisztan Gubi,HUN,J4 Veli Losinj,2022,26 Sep to 02 Oct 2022,Clay,2nd Round,W,6-2 6-7 6-1
800565895,800577882.0,Frano Sucic,CRO,J4 Veli Losinj,2022,26 Sep to 02 Oct 2022,Clay,1st Round,W,6-7 6-2 6-2
800565895,800527714.0,Radu David Turcanu,ROU,J5 Bucharest,2022,23 Aug to 28 Aug 2022,Clay,Semi-final,L,5-7 5-7
800565895,800510967.0,Philip Kamara,ROU,J5 Bucharest,2022,23 Aug to 28 Aug 2022,Clay,Quarter-final,W,6-1 6-1
800565895,800523508.0,Luca Mindrut,ROU,J5 Bucharest,2022,23 Aug to 28 Aug 2022,Clay,3rd Round,W,6-3 4-6 6-2
800565895,800534774.0,Rares Teodor Pieleanu,ROU,J5 Bucharest,2022,23 Aug to 28 Aug 2022,Clay,2nd Round,W,6-3 6-4
800565895,800535721.0,Angel Vladov,BUL,J5 Bucharest,2022,23 Aug to 28 Aug 2022,Clay,1st Round,W,6-2 6-3
800565895,800507294.0,Stefan Skobelev,SRB,J4 Timisoara,2022,28 Jun to 03 Jul 2022,Clay,2nd Round,L,3-6 0-6
800565895,800508647.0,Vadym Rogynskyi,UKR,J4 Timisoara,2022,28 Jun to 03 Jul 2022,Clay,1st Round,W,6-2 7-6
800590813,800541826.0,Makar Krivoshchekov,RUS,J5 Astana,2022,05 Dec to 10 Dec 2022,Hard,2nd Round,L,5-7 1-6
800590813,800492014.0,Zhakas Kozbak,KAZ,J5 Astana,2022,05 Dec to 10 Dec 2022,Hard,1st Round,W,4-6 6-3 6-3
800590813,800565253.0,Ivan Timofeev,RUS,J5 Astana,2022,05 Dec to 10 Dec 2022,Hard,Quarter-final,W,6-2 6-4
800590813,800521320.0,Yerassyl Ykylas,KAZ,J5 Astana,2022,05 Dec to 10 Dec 2022,Hard,2nd Round,W,6-0 6-2
800590813,800521321.0,Vitaliy Zatsepin,KAZ,J5 Aktobe,2022,28 Nov to 03 Dec 2022,Hard,1st Round,L,1-6 3-6
800590813,800541124.0,Ilyos Abrorov,UZB,J5 Dushanbe,2022,03 Oct to 08 Oct 2022,Hard,1st Round,L,4-6 1-6
800590813,800705500.0,Abdujafar Aliev,TJK,J5 Dushanbe,2022,03 Oct to 08 Oct 2022,Hard,Quarter-final,W,6-0 6-0
800590813,800542039.0,Farhod Gairatzoda,TJK,J5 Dushanbe,2022,03 Oct to 08 Oct 2022,Hard,1st Round,W,6-1 6-4
800590813,800482117.0,Kanan Gasimov,AZE,J5 Baku,2022,26 Sep to 01 Oct 2022,Hard,Quarter-final,L,1-6 1-6
800590813,800637053.0,Deniz TURE,TUR,J5 Baku,2022,26 Sep to 01 Oct 2022,Hard,2nd Round,W,5-7 6-3 6-2
800590813,800604014.0,Imran Khaitbaev,UZB,J5 Baku,2022,26 Sep to 01 Oct 2022,Hard,1st Round,W,6-4 2-6 6-4
800590813,800537613.0,Taymur Muhammad,GBR,J5 Cholpon-Ata,2022,27 Jun to 02 Jul 2022,Hard,2nd Round,L,4-6 3-6
800590813,800535122.0,Mansur Shaken,KAZ,J5 Cholpon-Ata,2022,27 Jun to 02 Jul 2022,Hard,1st Round,W,6-3 6-0
800686514,800677231.0,maki takei,JPN,J5 Matsuyama,2022,07 Dec to 11 Dec 2022,Hard,2nd Round,L,3-6 5-7
800686514,800581192.0,Riki Utsuyama,JPN,J5 Matsuyama,2022,07 Dec to 11 Dec 2022,Hard,1st Round,W,6-4 6-4
800686514,800689814.0,Kanata Ozaki,JPN,J5 Gifu,2022,30 Nov to 04 Dec 2022,Hard,1st Round,L,2-6 0-6
800573038,800575325.0,Siddharth Marathe,IND,J5 Dehradun,2022,14 Mar to 19 Mar 2022,Hard,1st Round,L,6-7 1-6
800573038,800551158.0,Sarthak Sharma,IND,J5 Gurugram,2022,07 Mar to 12 Mar 2022,Hard,2nd Round,L,4-6 1-6
800573038,800652950.0,SIDDHARTH GOWTHAMAN,IND,J5 Gurugram,2022,07 Mar to 12 Mar 2022,Hard,1st Round,W,5-7 6-4 10-7
800573038,800552891.0,Deep Munim,IND,J5 Indore,2022,24 Jan to 29 Jan 2022,Hard,2nd Round,L,3-6 1-6
800573038,800530926.0,Rajeshwar Reddy Patlolla,IND,J5 Indore,2022,24 Jan to 29 Jan 2022,Hard,1st Round,W,6-0 3-6 6-1
800573038,800631830.0,DREEK SAHA,IND,J5 Indore,2022,24 Jan to 29 Jan 2022,Hard,Quarter-final,W,6-2 6-1
800573038,800551238.0,Samprit Sharma,IND,J5 Indore,2022,24 Jan to 29 Jan 2022,Hard,2nd Round,W,7-6 6-1
800573038,800639125.0,Siddarth Madhavan,IND,J5 Indore,2022,24 Jan to 29 Jan 2022,Hard,1st Round,W,2-6 6-1 10-0
800652195,800547772.0,Alfredo Gallegos,ECU,J5 Managua,2022,26 Sep to 01 Oct 2022,Hard,1st Round,L,6-7 2-6
800652195,800522571.0,Youri Torrekens,BEL,J5 Managua,2022,19 Sep to 24 Sep 2022,Hard,1st Round,L,1-6 0-6
800654119,800589546.0,Moise Kouame,FRA,J5 Bulawayo,2022,05 Dec to 10 Dec 2022,Hard,2nd Round,L,7-6 5-7 2-6
800654119,800639396.0,Caleb Robb,ZIM,J5 Bulawayo,2022,05 Dec to 10 Dec 2022,Hard,1st Round,W,6-0 6-1
800654119,800652318.0,Rudiger Dusselberg,RSA,J5 Bulawayo,2022,28 Nov to 03 Dec 2022,Hard,Quarter-final,L,6-7 6-7
800654119,800601381.0,Michel Delaloye,SUI,J5 Bulawayo,2022,28 Nov to 03 Dec 2022,Hard,2nd Round,W,6-1 7-5
800654119,800707895.0,Makanaka Whata,ZIM,J5 Bulawayo,2022,28 Nov to 03 Dec 2022,Hard,1st Round,W,6-3 6-1
800654119,800546304.0,Gur Trakhtenberg,ISR,J3 Pretoria,2022,24 Oct to 29 Oct 2022,Hard,2nd Round,L,5-7 2-6
800654119,800695400.0,Lourens Alexander Swanepoel,RSA,J3 Pretoria,2022,24 Oct to 29 Oct 2022,Hard,1st Round,W,6-1 6-0
800654119,800544649.0,Oliver Bonding,GBR,J3 Johannesburg,2022,17 Oct to 22 Oct 2022,Hard,Quarter-final,L,1-6 2-6
800654119,800503819.0,Benjamin Scott,RSA,J3 Johannesburg,2022,17 Oct to 22 Oct 2022,Hard,2nd Round,W,7-6 6-4
800654119,800628273.0,Hayden Loffler,SWZ,J3 Johannesburg,2022,17 Oct to 22 Oct 2022,Hard,1st Round,W,6-4 6-2
800589799,800537438.0,Rashed Nawaf,QAT,J4 Isa Town,2022,07 Nov to 13 Nov 2022,Hard,1st Round,L,1-6 0-6
800589799,800570206.0,Jan Rastica,CZE,2022 ITF World Junior Tennis Finals (Boys),2022,01 Aug to 06 Aug 2022,Clay,,W,6-3 6-4
800589799,800630024.0,Lucas Martin Velasco,COL,2022 ITF World Junior Tennis Finals (Boys),2022,01 Aug to 06 Aug 2022,Clay,,L,7-5 6-3
800601948,800594997.0,Nathan Mansfield,USA,J3 Loughborough,2022,05 Dec to 09 Dec 2022,Hard,2nd Round,L,0-6 2-6
800589275,800573678.0,Nicolai Budkov Kjaer,NOR,J3 Aizkraukle,2022,05 Dec to 10 Dec 2022,Carpet,1st Round,L,3-6 2-6
800694107,800581684.0,Cristian Care,AUS,J5 Lautoka,2022,31 Oct to 05 Nov 2022,Hard,Final,W,2-6 7-5 3-0
800694107,800509397.0,Brendan Nicholas Hendrata,INA,J5 Lautoka,2022,31 Oct to 05 Nov 2022,Hard,Semi-final,W,6-1 7-5
800694107,800674216.0,Billy Williams,AUS,J5 Lautoka,2022,31 Oct to 05 Nov 2022,Hard,Quarter-final,W,7-5 6-1
800694107,800577951.0,Damien Caldeira,SGP,J5 Lautoka,2022,31 Oct to 05 Nov 2022,Hard,2nd Round,W,6-4 6-1
800694107,800718146.0,Junior Maka Maui,COK,J5 Lautoka,2022,31 Oct to 05 Nov 2022,Hard,1st Round,W,6-2 6-2
800694107,800667379.0,Jesse Gothelf,AUS,J5 Lautoka,2022,26 Oct to 30 Oct 2022,Hard,2nd Round,L,3-6 3-6
800694107,800726114.0,KEANAU AROARII LEI FOC,PYF,J5 Lautoka,2022,26 Oct to 30 Oct 2022,Hard,1st Round,W,6-2 6-4
800694107,800530011.0,Rintaro Shukuda,JPN,J3 Christchurch,2022,11 Oct to 15 Oct 2022,Hard,Quarter-final,L,2-6 1-6
800694107,800620975.0,Harry Pugh,NZL,J3 Christchurch,2022,11 Oct to 15 Oct 2022,Hard,2nd Round,W,6-3 6-2
800694107,800690419.0,Jack Hansen Ratter,NZL,J3 Christchurch,2022,11 Oct to 15 Oct 2022,Hard,1st Round,W,6-0 6-2
800694107,800679465.0,Noah Brownrigg,AUS,J5 Adelaide,2022,14 Sep to 18 Sep 2022,Hard,1st Round,L,2-6 6-7
800694107,800673498.0,Daniel Jankoski,AUS,J5 Adelaide,2022,07 Sep to 11 Sep 2022,Hard,2nd Round,L,1-6 4-6
800694107,800595817.0,Christian Anthony Salmeron,AUS,J5 Adelaide,2022,07 Sep to 11 Sep 2022,Hard,1st Round,W,6-3 6-4
800694107,800653454.0,Lachlan Vickery,AUS,J2 Sydney,2022,17 Aug to 21 Aug 2022,Hard,Quarter-final,L,0-6 6-4 6-10
800694107,800668253.0,Brendan Jayaprakash,AUS,J2 Sydney,2022,17 Aug to 21 Aug 2022,Hard,2nd Round,W,6-3 7-5
800694107,800622348.0,Harrison Care,AUS,J2 Sydney,2022,17 Aug to 21 Aug 2022,Hard,1st Round,W,6-2 6-2
800694107,800662768.0,Jake Dembo,AUS,J4 Darwin,2022,30 May to 03 Jun 2022,Hard,2nd Round,L,3-6 3-6
800694107,800653368.0,Troy Delgado,AUS,J4 Darwin,2022,30 May to 03 Jun 2022,Hard,1st Round,W,6-4 6-2
800694107,800564091.0,Jett Leong,AUS,J5 Darwin,2022,23 May to 27 May 2022,Hard,2nd Round,L,1-6 3-6
800694107,800664920.0,Jett Grech,AUS,J5 Darwin,2022,23 May to 27 May 2022,Hard,1st Round,W,6-2 6-2
800694107,800495710.0,Daniel Verbeek,NED,J1 Traralgon,2022,14 Jan to 19 Jan 2022,Hard,1st Round,L,2-6 0-6
800595066,800547535.0,gian carlos Rodriguez,ECU,J5 Guayaquil,2022,15 Aug to 20 Aug 2022,Hard,1st Round,L,4-6 3-6
800595066,800658369.0,Dante Pagani,ARG,2022 ITF World Junior Tennis Finals (Boys),2022,01 Aug to 06 Aug 2022,Clay,Round Robin Group 1,L,6-7 5-7
800595066,800543488.0,Zangar Nurlanuly,KAZ,2022 ITF World Junior Tennis Finals (Boys),2022,01 Aug to 06 Aug 2022,Clay,Round Robin Group 1,L,3-6 3-6
800595066,800587847.0,Antonio Marigliano,ITA,2022 ITF World Junior Tennis Finals (Boys),2022,01 Aug to 06 Aug 2022,Clay,Round Robin Group 1,L,0-6 4-6
800595066,800648125.0,David Brueckner,CZE,2022 ITF World Junior Tennis Finals (Boys),2022,01 Aug to 06 Aug 2022,Clay,,W,6-4 7-5
800595066,800680716.0,Mauricio Schtulmann Gasca,MEX,2022 ITF World Junior Tennis Finals (Boys),2022,01 Aug to 06 Aug 2022,Clay,,W,4-6 6-3 6-1
800595066,800690276.0,Ren Matsumura,JPN,2022 ITF World Junior Tennis Finals (Boys),2022,01 Aug to 06 Aug 2022,Clay,,L,6-3 1-6 6-10
800626993,800513569.0,Mahmut Bera Binici,TUR,J5 Istanbul,2022,14 Nov to 19 Nov 2022,Hard,2nd Round,L,4-6 6-7
800626993,800531460.0,Bekzod Nematov,UZB,J5 Istanbul,2022,14 Nov to 19 Nov 2022,Hard,1st Round,W,6-1 7-6
800626993,800537622.0,Ege Arda Bakar,TUR,J5 Istanbul,2022,17 Oct to 23 Oct 2022,Hard,2nd Round,L,2-6 3-6
800626993,800570184.0,Dexter Arnarp,SWE,J5 Istanbul,2022,17 Oct to 23 Oct 2022,Hard,1st Round,W,6-3 6-1
800602236,800591900.0,Dylan Charlap,USA,J3 Haifa,2022,29 Nov to 03 Dec 2022,Hard,2nd Round,L,6-3 3-6 2-6
800602236,800538923.0,Amit Shamash,ISR,J3 Haifa,2022,29 Nov to 03 Dec 2022,Hard,1st Round,W,7-6 7-5
800597132,800631983.0,Jan Klimas,CZE,J5 Prostejov,2022,21 Sep to 25 Sep 2022,Clay,1st Round,L,3-6 0-6
800597132,800673398.0,Jan Rosicky,CZE,J5 Prostejov,2022,21 Sep to 25 Sep 2022,Clay,Quarter-final,L,2-6 1-6
800597132,800572560.0,Bence Juhasz,HUN,J5 Prostejov,2022,21 Sep to 25 Sep 2022,Clay,2nd Round,W,6-4 6-2
800597132,800594498.0,Samuel Krnac,SVK,J5 Prostejov,2022,21 Sep to 25 Sep 2022,Clay,1st Round,W,6-4 6-2
800626895,800556990.0,Ignacio Parisca,VEN,J4 Les Franqueses del Valles,2022,31 May to 05 Jun 2022,Hard,1st Round,L,2-6 1-6
800697653,800630363.0,Fabian Rosales Stephen,USA,J4 Plantation,2022,02 May to 07 May 2022,Clay,2nd Round,L,4-6 6-2 7-10
800697653,800512953.0,Vasco Trocca,ITA,J4 Bayamón,2022,14 Mar to 19 Mar 2022,Hard,2nd Round,L,1-6 0-6
800635903,800486197.0,Denim Yadav,IND,J2 Hannover,2022,16 May to 21 May 2022,Clay,1st Round,L,1-6 2-6
800602679,800578598.0,Jangjun Kim,KOR,JB1 Osan - Asia Closed,2022,31 Oct to 06 Nov 2022,Hard,1st Round,L,6-4 1-6 0-6
800583661,800688594.0,Evan Simon,FRA,J5 Dakar,2022,31 Oct to 05 Nov 2022,Hard,Quarter-final,L,6-7 2-6
800583661,800541475.0,Boris Slesarev,RUS,J5 Dakar,2022,31 Oct to 05 Nov 2022,Hard,2nd Round,W,6-3 6-1
800583661,800662113.0,Finley Dyer,AUS,J5 Dakar,2022,24 Oct to 29 Oct 2022,Hard,Quarter-final,L,5-7 3-6
800583661,800623310.0,Zoheir Fardoun,SEN,J5 Dakar,2022,24 Oct to 29 Oct 2022,Hard,2nd Round,W,6-1 6-4
800583661,800629952.0,David Ekpenyong,NGR,J4 Lome,2022,03 Oct to 07 Oct 2022,Hard,Semi-final,L,6-3 1-6 0-6
800583661,800526332.0,Matthew Miracle Abamu,NGR,J4 Lome,2022,03 Oct to 07 Oct 2022,Hard,Quarter-final,W,6-3 2-0
800583661,800649528.0,MUBARAK AYODEJI GANIYU,NGR,J4 Lome,2022,03 Oct to 07 Oct 2022,Hard,2nd Round,W,7-5 6-0
800583661,800578399.0,Bright Nii Nortei Nortey,GHA,J4 Lome,2022,03 Oct to 07 Oct 2022,Hard,1st Round,W,6-1 6-2
800583661,800592155.0,Emmanuel Oppong Antwi,GHA,J5 Lome,2022,26 Sep to 30 Sep 2022,Hard,Quarter-final,L,6-1 4-6 4-6
800583661,800635212.0,Sofyan Elnaqa,EGY,J5 Lome,2022,26 Sep to 30 Sep 2022,Hard,2nd Round,W,6-0 6-0
800583661,800673156.0,Fortune Joseph,NGR,J5 Lome,2022,26 Sep to 30 Sep 2022,Hard,1st Round,W,6-2 6-3
800597850,800594263.0,Santiago Padilla Cote,MEX,J1 Bradenton,2022,28 Nov to 04 Dec 2022,Clay,2nd Round,L,4-6 2-6
800597850,800504614.0,Artjoms Afanasjevs,LAT,J1 Bradenton,2022,28 Nov to 04 Dec 2022,Clay,1st Round,W,6-2 6-2
800597850,800508859.0,David Fix,GER,JA Merida,2022,21 Nov to 27 Nov 2022,Clay,1st Round,L,3-6 2-6
800597850,800678873.0,Diego Alcala,MEX,JA Merida,2022,21 Nov to 27 Nov 2022,Clay,3rd Round,W,3-6 6-3 10-1
800597850,800663505.0,alejandro flores monteverde,MEX,JA Merida,2022,21 Nov to 27 Nov 2022,Clay,2nd Round,W,6-2 6-2
800597850,800592155.0,Emmanuel Oppong Antwi,GHA,J4 Lome,2022,03 Oct to 07 Oct 2022,Hard,2nd Round,L,6-7 1-6
800597850,800690942.0,Gbolahan Oladipupo,NGR,J4 Lome,2022,03 Oct to 07 Oct 2022,Hard,1st Round,W,6-3 6-4
800651243,800560529.0,Tega Caradima,ROU,J5 Istanbul,2022,14 Nov to 19 Nov 2022,Hard,1st Round,L,4-6 1-6
800651243,800602676.0,Deni Hadzialijagic,GER,J5 Istanbul,2022,14 Nov to 19 Nov 2022,Hard,3rd Round,W,6-2 6-4
800651243,800587830.0,Anton Kartsev,RUS,J5 Istanbul,2022,14 Nov to 19 Nov 2022,Hard,2nd Round,W,6-3 7-5
800651243,800568459.0,Sarp Celik,TUR,J5 Istanbul,2022,14 Nov to 19 Nov 2022,Hard,1st Round,W,6-4 4-6 13-11
800651243,800556775.0,Aras Akar,TUR,J5 Istanbul,2022,17 Oct to 23 Oct 2022,Hard,1st Round,L,2-6 4-6
800651243,800602236.0,Alejandro Mateo Berge Nourescu,ROU,J5 Istanbul,2022,10 Oct to 16 Oct 2022,Hard,2nd Round,L,2-6 1-6
800651243,800697815.0,syota yamamoto,JPN,J5 Istanbul,2022,10 Oct to 16 Oct 2022,Hard,1st Round,W,7-6 6-4
800695726,800629952.0,David Ekpenyong,NGR,J5 Abuja,2022,30 Nov to 04 Dec 2022,Hard,Semi-final,L,1-6 4-6
800695726,800627031.0,Peter Oche John,NGR,J5 Abuja,2022,30 Nov to 04 Dec 2022,Hard,Quarter-final,W,6-3 6-1
800695726,800589832.0,Anoop Keshavamurthy,IND,J5 Abuja,2022,30 Nov to 04 Dec 2022,Hard,2nd Round,W,5-7 7-6 6-1
800695726,800716988.0,Adakole Thankgod Ikparti Adakole,NGR,J5 Abuja,2022,30 Nov to 04 Dec 2022,Hard,1st Round,W,7-6 7-6
800695726,800582832.0,Desmond Ayaaba,GHA,J5 Abuja,2022,23 Nov to 27 Nov 2022,Hard,Quarter-final,L,3-6 6-4 3-6
800695726,800672808.0,ABUBAKAR ALIYU,NGR,J5 Abuja,2022,23 Nov to 27 Nov 2022,Hard,2nd Round,W,6-2 6-0
800695726,800691084.0,MEVI IRIMIYA,NGR,J5 Abuja,2022,23 Nov to 27 Nov 2022,Hard,1st Round,W,6-1 6-0
800695726,800592155.0,Emmanuel Oppong Antwi,GHA,J4 Lome,2022,03 Oct to 07 Oct 2022,Hard,Semi-final,L,3-6 2-6
800695726,800627031.0,Peter Oche John,NGR,J4 Lome,2022,03 Oct to 07 Oct 2022,Hard,Quarter-final,W,6-2 6-0
800695726,800645069.0,Morgane Segodo,BEN,J4 Lome,2022,03 Oct to 07 Oct 2022,Hard,2nd Round,W,6-3 6-2
800695726,800525620.0,Ishmael Nii Nortey Dowuona,GHA,J4 Lome,2022,03 Oct to 07 Oct 2022,Hard,1st Round,W,6-4 6-2
800695726,800718680.0,Hanif Boateng,GHA,J4 Lome,2022,03 Oct to 07 Oct 2022,Hard,Quarter-final,W,6-0 6-4
800695726,800701669.0,Daniel Larbi,GHA,J4 Lome,2022,03 Oct to 07 Oct 2022,Hard,2nd Round,W,6-0 6-1
800695726,800665735.0,Alvin Mwenda Kimathi,KEN,J4 Lome,2022,03 Oct to 07 Oct 2022,Hard,1st Round,W,6-0 6-2
800695726,800541084.0,Mathis Seidl,GER,J5 Lome,2022,26 Sep to 30 Sep 2022,Hard,Quarter-final,L,4-6 6-3 3-6
800695726,800592316.0,Kossi Andre Dogbefu,TOG,J5 Lome,2022,26 Sep to 30 Sep 2022,Hard,2nd Round,W,6-7 6-2 6-1
800695726,800636141.0,Jefferson Temgoua,CMR,J5 Lome,2022,26 Sep to 30 Sep 2022,Hard,1st Round,W,6-1 6-1
800695726,800542325.0,Nikola Jovic,SRB,J4 Accra,2022,29 Aug to 03 Sep 2022,Hard,1st Round,L,2-6 6-7
800695726,800503807.0,Yarona Morule,RSA,J4 Accra,2022,22 Aug to 27 Aug 2022,Hard,2nd Round,L,4-6 6-3 8-10
800695726,800644111.0,Abubakari Yakubu-Lea,GHA,J5 Accra,2022,15 Aug to 20 Aug 2022,Hard,1st Round,L,4-6 5-7
800695726,800718680.0,Hanif Boateng,GHA,J5 Accra,2022,15 Aug to 20 Aug 2022,Hard,Quarter-final,W,6-2 6-1
800695726,800580233.0,Dhanush Varma Pericherla,IND,J5 Accra,2022,15 Aug to 20 Aug 2022,Hard,2nd Round,W,2-6 6-3 12-10
800695726,800647779.0,Ivan Wularu,GHA,J5 Accra,2022,15 Aug to 20 Aug 2022,Hard,1st Round,W,6-3 7-6
800704311,800646697.0,Raul de la vega,BRA,J4 Boca Raton,2022,31 Oct to 05 Nov 2022,Hard,1st Round,L,4-6 3-6
800704311,800649687.0,Srikar Polisetty,IND,J4 Atlanta,2022,17 Oct to 22 Oct 2022,Hard,1st Round,L,5-7 3-6
800704311,800512948.0,Arenui Luethi,SUI,J4 Corpus Christi,2022,26 Sep to 01 Oct 2022,Hard,1st Round,L,2-6 3-6
800704311,800551205.0,Victor Kimpel,GER,J3 Delray Beach,2022,25 Apr to 30 Apr 2022,Clay,2nd Round,L,2-6 1-6
800704311,800686453.0,Luc Metz,USA,J3 Delray Beach,2022,25 Apr to 30 Apr 2022,Clay,1st Round,W,6-1 6-0
800681412,800572397.0,Tristan BERARD,FRA,J5 Ponts de Ce,2022,10 Oct to 15 Oct 2022,Hard,1st Round,L,4-6 4-6
800681412,800526478.0,Niels Villard,FRA,J5 Honfleur,2022,03 Oct to 08 Oct 2022,Hard,1st Round,L,2-6 2-6
800681412,800542498.0,Thomas Duforets,FRA,J5 Honfleur,2022,03 Oct to 08 Oct 2022,Hard,Quarter-final,W,6-2 6-0
800681412,800561349.0,Enzo Pierrot,FRA,J5 Honfleur,2022,03 Oct to 08 Oct 2022,Hard,2nd Round,W,6-2 6-4
800681412,800558448.0,Noah Boutleux,FRA,J5 Honfleur,2022,03 Oct to 08 Oct 2022,Hard,1st Round,W,6-4 4-6 10-5
800681412,800541962.0,Ibrahim Benyahia,MAR,J5 Kaslik,2022,22 Aug to 27 Aug 2022,Clay,1st Round,L,3-6 1-6
800595243,800656927.0,Kevin Pabisiak,POL,J4 Leszno,2022,28 Nov to 04 Dec 2022,Hard,1st Round,L,4-6 2-6
800595243,800678683.0,Mateusz Blaszczyk,POL,J4 Leszno,2022,31 Oct to 06 Nov 2022,Hard,1st Round,L,0-6 3-6
800707189,800692698.0,Oscar Andrews,AUS,J5 Adelaide,2022,14 Sep to 18 Sep 2022,Hard,1st Round,L,1-6 4-6
800707189,800679989.0,Kye Bennett,AUS,J5 Adelaide,2022,07 Sep to 11 Sep 2022,Hard,1st Round,L,1-6 3-6
800625580,800576130.0,Juan Esteban Trujillo Hernandez,COL,J5 Salinas,2022,22 Aug to 27 Aug 2022,Hard,1st Round,L,4-6 2-6
800625580,800546589.0,Bruno Panchana Barandearan,ECU,J5 Salinas,2022,22 Aug to 27 Aug 2022,Hard,Quarter-final,W,6-0 6-2
800625580,800574851.0,Felipe Jose Rivadeneira Gallegos,ECU,J4 Salinas,2022,08 Aug to 13 Aug 2022,Hard,2nd Round,L,4-6 3-6
800625580,800573019.0,Enzo Puppi,PER,J4 Salinas,2022,08 Aug to 13 Aug 2022,Hard,1st Round,W,6-4 6-1
800711858,800530011.0,Rintaro Shukuda,JPN,J5 Perth,2022,16 Nov to 20 Nov 2022,Hard,1st Round,L,0-6 1-6
800711858,800664290.0,Aryan Karnani,AUS,J5 Adelaide,2022,14 Sep to 18 Sep 2022,Hard,1st Round,L,4-6 3-6
800711858,800653410.0,Zac Hamill,AUS,J5 Adelaide,2022,07 Sep to 11 Sep 2022,Hard,1st Round,L,3-6 4-6
800692811,800639276.0,Sanjeev Chundu,USA,J5 San Diego,2022,14 Nov to 18 Nov 2022,Hard,1st Round,L,3-6 3-6
800692811,800679508.0,Sklar Phillips,USA,J5 Managua,2022,19 Sep to 24 Sep 2022,Hard,Semi-final,L,6-2 3-6 5-7
800692811,800715148.0,Joshua Golden,USA,J5 Managua,2022,19 Sep to 24 Sep 2022,Hard,Quarter-final,W,6-3 6-1
800692811,800565152.0,Matheus Delgado,BRA,J5 Managua,2022,19 Sep to 24 Sep 2022,Hard,2nd Round,W,6-0 6-1
800692811,800656452.0,Rodolfo Hernandez Gil,GUA,J5 Managua,2022,19 Sep to 24 Sep 2022,Hard,1st Round,W,6-1 6-0
800692811,800573641.0,Denny Bao,CAN,J4 Vancouver,2022,11 Jul to 16 Jul 2022,Hard,Semi-final,L,2-6 4-6
800692811,800591731.0,Arshjot Bhatti,CAN,J4 Vancouver,2022,11 Jul to 16 Jul 2022,Hard,Quarter-final,W,6-3 6-4
800692811,800673416.0,Elijah Kook,CAN,J4 Vancouver,2022,11 Jul to 16 Jul 2022,Hard,2nd Round,W,5-7 6-0 6-2
800692811,800505252.0,Marvin Kao,CAN,J4 Vancouver,2022,11 Jul to 16 Jul 2022,Hard,1st Round,W,6-1 6-7 6-0
800692811,800680824.0,Chase Fralick,USA,J4 Las Vegas,2022,14 Mar to 19 Mar 2022,Hard,1st Round,L,3-6 0-6
800705312,800587317.0,Nathan Lim,AUS,J5 Perth,2022,16 Nov to 20 Nov 2022,Hard,1st Round,L,5-7 6-3 1-6
800705312,800653253.0,Rudy Thorogood,AUS,J4 Gold Coast,2022,13 Jul to 17 Jul 2022,Hard,1st Round,L,3-6 1-6
800603213,800598704.0,Thomas Lefranc,GBR,J5 Castlebar,2022,31 Oct to 04 Nov 2022,Clay,1st Round,L,5-7 0-6
800603213,800589413.0,Arthur Attrill,GBR,J5 Cork,2022,11 Jul to 16 Jul 2022,Carpet,1st Round,L,1-6 2-6
800603213,800583812.0,James Ashworth,GBR,J5 Dublin,2022,11 Apr to 16 Apr 2022,Hard,2nd Round,L,1-6 1-6
800603213,800696986.0,Gavin Wade,IRL,J5 Dublin,2022,11 Apr to 16 Apr 2022,Hard,1st Round,W,6-0 6-0
800620722,800544711.0,Sechan Eum,KOR,J5 Yanggu,2022,30 Aug to 04 Sep 2022,Hard,1st Round,L,4-6 3-6
800587847,800696885.0,Amine Jamji,MAR,J5 Meknes,2022,21 Nov to 26 Nov 2022,Clay,1st Round,L,7-6 4-6 2-6
800587847,800513800.0,Felipe Virgili Berini,ITA,J4 Pescara,2022,03 Oct to 08 Oct 2022,Clay,Semi-final,L,1-6 2-6
800587847,800519227.0,Mattia Ricci,ITA,J4 Pescara,2022,03 Oct to 08 Oct 2022,Clay,Quarter-final,W,6-1 7-6
800587847,800565430.0,Alex Guidi,ITA,J4 Pescara,2022,03 Oct to 08 Oct 2022,Clay,2nd Round,W,6-4 6-4
800587847,800577077.0,Harold Van Raemdonck,BEL,J4 Pescara,2022,03 Oct to 08 Oct 2022,Clay,1st Round,W,6-4 6-0
800587847,800658369.0,Dante Pagani,ARG,2022 ITF World Junior Tennis Finals (Boys),2022,01 Aug to 06 Aug 2022,Clay,Round Robin Group 1,W,6-3 5-7 6-4
800587847,800595066.0,Lucas Yunez,ECU,2022 ITF World Junior Tennis Finals (Boys),2022,01 Aug to 06 Aug 2022,Clay,Round Robin Group 1,W,6-0 6-4
800587847,800543488.0,Zangar Nurlanuly,KAZ,2022 ITF World Junior Tennis Finals (Boys),2022,01 Aug to 06 Aug 2022,Clay,Round Robin Group 1,L,6-4 4-6 3-6
800587847,800568689.0,Filip Kosarko,CZE,2022 ITF World Junior Tennis Finals (Boys),2022,01 Aug to 06 Aug 2022,Clay,,W,7-5 3-6 10-7
800587847,800583844.0,Ryo Tabata,JPN,2022 ITF World Junior Tennis Finals (Boys),2022,01 Aug to 06 Aug 2022,Clay,,W,6-2 6-4
800587847,800601932.0,Alejandro Castellanos,COL,2022 ITF World Junior Tennis Finals (Boys),2022,01 Aug to 06 Aug 2022,Clay,,W,7-5 6-0
800562884,800655639.0,Santiago Portugal Aponte,MEX,J5 Sidi Kacem,2022,28 Nov to 03 Dec 2022,Clay,1st Round,L,2-6 3-6
800562884,800653961.0,Ghali Ouajahat Filali,MAR,J5 Oujda,2022,14 Nov to 19 Nov 2022,Clay,1st Round,L,6-3 2-6 4-6
800562884,800599392.0,Andrei Dumitrescu,ROU,J5 Yerevan,2022,17 Oct to 22 Oct 2022,Clay,2nd Round,L,0-6 2-6
800562884,800548495.0,Alexander Kuprin,RUS,J5 Yerevan,2022,17 Oct to 22 Oct 2022,Clay,1st Round,W,6-1 6-1
800562884,800538744.0,Vladimir Pavlov,RUS,J5 Yerevan,2022,10 Oct to 15 Oct 2022,Clay,Final,L,7-6 1-6 1-6
800562884,800558387.0,Halel Ashoosh,ISR,J5 Yerevan,2022,10 Oct to 15 Oct 2022,Clay,Semi-final,W,6-2 6-4
800562884,800552230.0,Ivan Gretskiy,RUS,J5 Yerevan,2022,10 Oct to 15 Oct 2022,Clay,Quarter-final,W,6-4 4-6 7-6
800562884,800523355.0,Pavlo Rezoglazov,UKR,J5 Yerevan,2022,10 Oct to 15 Oct 2022,Clay,2nd Round,W,7-5 6-4
800562884,800543018.0,Erik Tiratsvyan,ARM,J5 Yerevan,2022,10 Oct to 15 Oct 2022,Clay,1st Round,W,6-1 6-1
800599048,800581725.0,Yeonsu Jeong,KOR,J3 Andong,2022,08 Nov to 13 Nov 2022,Hard,2nd Round,L,2-6 1-6
800599048,800548077.0,Jacob Kailiang Shen,HKG,J3 Andong,2022,08 Nov to 13 Nov 2022,Hard,1st Round,W,6-3 6-4
800599048,800555490.0,Dong Geon Kim,KOR,JB1 Osan - Asia Closed,2022,31 Oct to 06 Nov 2022,Hard,1st Round,L,5-7 0-6
800727133,800510275.0,Nicholas Miharu Bowles-Rokudo,GBR,J5 Vale do Lobo,2022,10 Oct to 16 Oct 2022,Hard,1st Round,L,0-6 2-6
800727133,800626793.0,Theo Nilsson,SWE,J4 Porto,2022,16 Aug to 21 Aug 2022,Hard,1st Round,L,6-4 4-6 0-3
800727133,800541111.0,Andrea Cardinale,ITA,J5 Porto,2022,08 Aug to 13 Aug 2022,Clay,1st Round,L,1-6 3-6
800727133,800586204.0,Alessandro Mondazzi,ITA,J4 Leiria,2022,01 Aug to 07 Aug 2022,Clay,1st Round,L,1-6 2-6
800706603,800578882.0,Juan David Robayo Arias,COL,J5 Kingston,2022,14 Nov to 18 Nov 2022,Hard,1st Round,L,3-6 6-4 0-6
800706603,800578609.0,John Patrick Popowich,USA,J5 Kingston,2022,07 Nov to 11 Nov 2022,Hard,1st Round,L,2-6 3-6
800706603,800714669.0,Jaden Cephas,JAM,J5 Kingston,2022,07 Nov to 11 Nov 2022,Hard,Quarter-final,W,6-0 6-1
800706603,800721744.0,Ignacio Ayuso,ESP,J5 Kingston,2022,07 Nov to 11 Nov 2022,Hard,2nd Round,W,6-0 6-2
800706603,800653202.0,Ronit Karki,USA,J3 Burlington,2022,31 Oct to 04 Nov 2022,Hard,2nd Round,L,6-7 2-6
800706603,800569169.0,Uvan Patel,CAN,J3 Burlington,2022,31 Oct to 04 Nov 2022,Hard,1st Round,W,5-7 7-5 10-8
800706603,800655506.0,Zachary Cohen,USA,J5 Woodbridge 		,2022,24 Oct to 28 Oct 2022,Hard,1st Round,L,1-6 2-6
800599182,800553475.0,Juan Ignacio Zamora,ARG,J5 Buenos Aires,2022,19 Sep to 23 Sep 2022,Clay,Quarter-final,L,6-4 5-7 2-6
800599182,800555735.0,Felipe Spagnuolo,ARG,J5 Buenos Aires,2022,19 Sep to 23 Sep 2022,Clay,2nd Round,W,6-2 6-1
800599182,800581475.0,Tadeo Gaggiofatto,ARG,J5 Buenos Aires,2022,19 Sep to 23 Sep 2022,Clay,1st Round,W,7-6 3-6 7-5
800599182,800561231.0,Gonzalo Zeitune,ARG,J4 Cordoba,2022,22 Aug to 27 Aug 2022,Clay,Quarter-final,L,7-5 2-6 5-7
800599182,800644174.0,Santino Tarantelli,ARG,J4 Cordoba,2022,22 Aug to 27 Aug 2022,Clay,1st Round,W,6-3 6-1
800592332,800523508.0,Luca Mindrut,ROU,J3 Constanta,2022,13 Sep to 18 Sep 2022,Clay,2nd Round,L,2-6 0-10
800592332,800553456.0,Armand George Constantin,ROU,J3 Constanta,2022,13 Sep to 18 Sep 2022,Clay,1st Round,W,6-1 6-4
800583662,800581090.0,Se Hyun Kim,KOR,J3 Andong,2022,08 Nov to 13 Nov 2022,Hard,Semi-final,L,3-6 4-6
800583662,800581725.0,Yeonsu Jeong,KOR,J3 Andong,2022,08 Nov to 13 Nov 2022,Hard,Quarter-final,W,6-2 6-4
800583662,800650311.0,Hyowon Hwang,KOR,J3 Andong,2022,08 Nov to 13 Nov 2022,Hard,2nd Round,W,6-2 6-3
800583662,800585855.0,Yu Maeda,JPN,J3 Andong,2022,08 Nov to 13 Nov 2022,Hard,1st Round,W,6-1 6-1
800583662,800541004.0,Shu Muto,JPN,JB1 Osan - Asia Closed,2022,31 Oct to 06 Nov 2022,Hard,1st Round,L,4-6 3-6
800583662,800622855.0,Gerard Campana Lee,KOR,J2 Chuncheon,2022,25 Oct to 30 Oct 2022,Hard,Quarter-final,L,2-6 1-6
800583662,800546936.0,Daksh Prasad,IND,J2 Chuncheon,2022,25 Oct to 30 Oct 2022,Hard,2nd Round,W,6-0 6-2
800583662,800535006.0,Reiya Hattori,JPN,J2 Chuncheon,2022,25 Oct to 30 Oct 2022,Hard,1st Round,W,3-6 6-4 7-6
800583662,800541004.0,Shu Muto,JPN,J4 Miki City,2022,07 Sep to 11 Sep 2022,Hard,Quarter-final,L,3-6 3-6
800583662,800674219.0,Shion Itsusaki,JPN,J4 Miki City,2022,07 Sep to 11 Sep 2022,Hard,2nd Round,W,6-2 7-6
800583662,800677231.0,maki takei,JPN,J4 Miki City,2022,07 Sep to 11 Sep 2022,Hard,1st Round,W,6-1 6-1
800583662,800541004.0,Shu Muto,JPN,J4 Miki City,2022,31 Aug to 04 Sep 2022,Hard,Quarter-final,L,3-6 5-7
800583662,800651606.0,Kouyou Tanihata,JPN,J4 Miki City,2022,31 Aug to 04 Sep 2022,Hard,2nd Round,W,6-1 6-2
800583662,800584054.0,Ryusei Miyazato,JPN,J4 Miki City,2022,31 Aug to 04 Sep 2022,Hard,1st Round,W,6-3 1-6 6-0
800634862,800543481.0,Temirlan Karim,KAZ,J3 Ust-Kamenogorsk,2022,07 Nov to 12 Nov 2022,Carpet,2nd Round,L,6-6
800682637,800594263.0,Santiago Padilla Cote,MEX,J4 Atlanta,2022,17 Oct to 22 Oct 2022,Hard,3rd Round,L,1-6 0-6
800682637,800683756.0,Lev Seidman,USA,J4 Atlanta,2022,17 Oct to 22 Oct 2022,Hard,2nd Round,W,6-4 6-4
800682637,800631544.0,Aidan Atwood,USA,J4 Atlanta,2022,17 Oct to 22 Oct 2022,Hard,1st Round,W,6-4 6-1
800678202,800622039.0,Thomas Gunzinger,SUI,2022 ITF World Junior Tennis Finals (Boys),2022,01 Aug to 06 Aug 2022,Clay,,L,4-6 6-3 1-6
800678202,800599350.0,Juchan Hwang,KOR,2022 ITF World Junior Tennis Finals (Boys),2022,01 Aug to 06 Aug 2022,Clay,,W,7-5 6-3
800678202,800590474.0,Tito Chavez,ESP,2022 ITF World Junior Tennis Finals (Boys),2022,01 Aug to 06 Aug 2022,Clay,Round Robin Group 1,W,6-0 0-6 6-4
800678202,800543492.0,Daniel Tazabekov,KAZ,2022 ITF World Junior Tennis Finals (Boys),2022,01 Aug to 06 Aug 2022,Clay,Round Robin Group 1,L,5-7 2-6
800678202,800639859.0,Salvatore Tartaglione,ITA,2022 ITF World Junior Tennis Finals (Boys),2022,01 Aug to 06 Aug 2022,Clay,Round Robin Group 1,W,6-2 7-6
800629142,800621777.0,Valentino Grippo,ARG,J5 Luque,2022,05 Dec to 10 Dec 2022,Clay,1st Round,L,0-6 0-6
800629142,800570220.0,Joao Miguel Santana Rodrigues de Oliveira,BRA,J5 Luque,2022,05 Dec to 10 Dec 2022,Clay,Quarter-final,W,6-0 7-5
800629142,800677192.0,Enzo Batista,BRA,J5 Luque,2022,05 Dec to 10 Dec 2022,Clay,2nd Round,W,6-2 6-1
800629142,800578721.0,Breno Braga,BRA,J5 Luque,2022,05 Dec to 10 Dec 2022,Clay,1st Round,W,6-2 6-4
800629142,800595114.0,Pedro Garcia,BRA,J5 Luque,2022,28 Nov to 03 Dec 2022,Clay,2nd Round,L,1-4
800629142,800628682.0,Eduardo De Benedictis Andreta,BRA,J5 Luque,2022,28 Nov to 03 Dec 2022,Clay,1st Round,W,6-4 6-3
800629142,800591553.0,Leonardo Machado Januario,BRA,J5 Criciuma,2022,10 Oct to 15 Oct 2022,Clay,2nd Round,L,2-6 1-6
800629142,800636667.0,Guilherme Moraes Alves Gracioli,BRA,J5 Criciuma,2022,10 Oct to 15 Oct 2022,Clay,1st Round,W,6-1 4-6 12-10
800629142,800556544.0,Davi Savi,BRA,J4 Itajai,2022,03 Oct to 08 Oct 2022,Clay,Quarter-final,L,7-6 6-7 5-10
800629142,800639036.0,Mateus Yakasilo,BRA,J4 Itajai,2022,03 Oct to 08 Oct 2022,Clay,2nd Round,W,6-4 6-3
800629142,800571155.0,Thales Eduardo Andrade Sette,BRA,J4 Itajai,2022,03 Oct to 08 Oct 2022,Clay,1st Round,W,6-4 6-2
800667741,800624292.0,Omar Farahat,EGY,J4 Cairo,2022,07 Nov to 13 Nov 2022,Clay,1st Round,L,0-6 1-6
800690276,800599900.0,Kohshi Ishibashi,JPN,J5 Matsuyama,2022,07 Dec to 11 Dec 2022,Hard,2nd Round,L,6-2 1-6 4-6
800690276,800635898.0,Yuki Okahashi,JPN,J5 Matsuyama,2022,07 Dec to 11 Dec 2022,Hard,1st Round,W,6-2 7-6
800690276,800565686.0,Roshu Fujioka,JPN,J5 Gifu,2022,30 Nov to 04 Dec 2022,Hard,2nd Round,L,6-7 6-3 4-6
800690276,800679463.0,Taichi Wakamatsu,JPN,J5 Gifu,2022,30 Nov to 04 Dec 2022,Hard,1st Round,W,6-4 1-6 6-4
800690276,800597369.0,Yuto Miyagawa,JPN,J5 Chigasaki,2022,23 Nov to 27 Nov 2022,Carpet,1st Round,L,4-6 6-2 2-6
800690276,800708887.0,SOICHIRO FUKAZAWA,JPN,J5 Chigasaki,2022,23 Nov to 27 Nov 2022,Carpet,Quarter-final,W,6-0 6-0
800690276,800677231.0,maki takei,JPN,J5 Chigasaki,2022,23 Nov to 27 Nov 2022,Carpet,2nd Round,W,6-0 6-1
800690276,800688317.0,HIROMUNE UCHIDA,JPN,J5 Chigasaki,2022,23 Nov to 27 Nov 2022,Carpet,1st Round,W,6-2 3-6 10-6
800690276,800562376.0,Hikaru Takahashi,JPN,J5 Yamanashi,2022,16 Nov to 20 Nov 2022,Clay,2nd Round,L,2-6 1-6
800690276,800684620.0,Cody Atkinson,NZL,J5 Yamanashi,2022,16 Nov to 20 Nov 2022,Clay,1st Round,W,6-4 6-2
800690276,800622992.0,Kotaro Matsumura,JPN,J5 Yamanashi,2022,16 Nov to 20 Nov 2022,Clay,Quarter-final,L,4-6 2-6
800690276,800668150.0,Asahi Takahashi,JPN,J5 Yamanashi,2022,16 Nov to 20 Nov 2022,Clay,2nd Round,W,7-5 6-2
800690276,800697730.0,YAMATO NISHIYAMA,JPN,J5 Yamanashi,2022,16 Nov to 20 Nov 2022,Clay,1st Round,W,6-0 6-0
800690276,800650464.0,Christopher Kosei Ono,JPN,J2 Nagoya,2022,18 Oct to 23 Oct 2022,Carpet,1st Round,L,3-6 2-6
800690276,800581725.0,Yeonsu Jeong,KOR,JA Osaka,2022,10 Oct to 16 Oct 2022,Hard,1st Round,L,1-6 2-6
800690276,800715042.0,Sohji Nishiyama,JPN,JA Osaka,2022,10 Oct to 16 Oct 2022,Hard,2nd Round,W,3-6 6-3 10-6
800690276,800724873.0,KOUTA WAKABAYASHI,JPN,JA Osaka,2022,10 Oct to 16 Oct 2022,Hard,1st Round,W,6-0 6-0
800690276,800679463.0,Taichi Wakamatsu,JPN,J3 Kawaguchi,2022,05 Oct to 09 Oct 2022,Hard,2nd Round,L,2-6 3-6
800690276,800677231.0,maki takei,JPN,J3 Kawaguchi,2022,05 Oct to 09 Oct 2022,Hard,1st Round,W,6-4 6-1
800690276,800622992.0,Kotaro Matsumura,JPN,J4 Miki City,2022,07 Sep to 11 Sep 2022,Hard,1st Round,L,4-6 2-6
800690276,800595066.0,Lucas Yunez,ECU,2022 ITF World Junior Tennis Finals (Boys),2022,01 Aug to 06 Aug 2022,Clay,,W,3-6 6-1 10-6
800690276,800570206.0,Jan Rastica,CZE,2022 ITF World Junior Tennis Finals (Boys),2022,01 Aug to 06 Aug 2022,Clay,Round Robin Group 3,W,4-6 6-3 6-2
800690276,800589300.0,Svit Suljic,SLO,2022 ITF World Junior Tennis Finals (Boys),2022,01 Aug to 06 Aug 2022,Clay,Round Robin Group 3,L,2-6 7-6 2-6
800690276,800692786.0,Jack Kennedy,USA,2022 ITF World Junior Tennis Finals (Boys),2022,01 Aug to 06 Aug 2022,Clay,Round Robin Group 3,W,6-4 5-7 6-4
800673010,800572800.0,Erwann Bouchet,FRA,J5 Hammam Sousse,2022,08 Nov to 13 Nov 2022,Hard,1st Round,L,1-6 2-6
800673010,800660649.0,Ismail Abid,TUN,J5 Hammam Sousse,2022,08 Nov to 13 Nov 2022,Hard,Quarter-final,W,6-3 7-5
800673010,800649030.0,Karim kechaou,TUN,J5 Hammam Sousse,2022,08 Nov to 13 Nov 2022,Hard,2nd Round,W,6-3 6-2
800673010,800541714.0,Mohamed Hedi BRAHAM,TUN,J5 Hammam Sousse,2022,08 Nov to 13 Nov 2022,Hard,1st Round,W,7-6 7-5
800589300,800521938.0,Anes Latifovic,GER,J5 Jeddah,2022,21 Nov to 26 Nov 2022,Hard,Final,W,6-3 6-3
800589300,800621184.0,Mostafa Mohamed,EGY,J5 Jeddah,2022,21 Nov to 26 Nov 2022,Hard,Semi-final,W,6-2 6-4
800589300,800506921.0,Seth Sadikov,USA,J5 Jeddah,2022,21 Nov to 26 Nov 2022,Hard,Quarter-final,W,6-1 6-3
800589300,800593351.0,Anthony Moukarzel,LBN,J5 Jeddah,2022,21 Nov to 26 Nov 2022,Hard,2nd Round,W,6-1 7-6
800589300,800577227.0,Youssef Elshafei,EGY,J5 Jeddah,2022,21 Nov to 26 Nov 2022,Hard,1st Round,W,6-2 6-3
800589300,800648396.0,Marko Milosavljevic,SRB,J4 Dubai,2022,14 Nov to 19 Nov 2022,Hard,1st Round,L,5-7 1-6
800589300,800517388.0,Curzio Manucci,ITA,J5 Vale do Lobo,2022,10 Oct to 16 Oct 2022,Hard,3rd Round,L,4-6 0-6
800589300,800515813.0,Ivo Isqueiro,POR,J5 Vale do Lobo,2022,10 Oct to 16 Oct 2022,Hard,2nd Round,W,6-7 7-6 7-5
800589300,800599230.0,Gabriel Tacanho,POR,J5 Vale do Lobo,2022,10 Oct to 16 Oct 2022,Hard,1st Round,W,6-1 6-3
800589300,800506181.0,Vicente Faria,POR,J5 Vale do Lobo,2022,10 Oct to 16 Oct 2022,Hard,3rd Round,W,4-6 6-1 10-7
800589300,800541464.0,William Kell,IRL,J5 Vale do Lobo,2022,10 Oct to 16 Oct 2022,Hard,2nd Round,W,7-6 6-3
800589300,800646337.0,Joao Menano,POR,J5 Vale do Lobo,2022,10 Oct to 16 Oct 2022,Hard,1st Round,W,6-1 6-1
800589300,800506492.0,Antoni Pankowski,POL,J5 Portimao,2022,03 Oct to 09 Oct 2022,Hard,3rd Round,L,3-6 5-7
800589300,800696383.0,Hugo Sanz Muela,ESP,J5 Portimao,2022,03 Oct to 09 Oct 2022,Hard,2nd Round,W,6-4 7-6
800589300,800532078.0,Francisco Vilaca,POR,J5 Portimao,2022,03 Oct to 09 Oct 2022,Hard,1st Round,W,3-6 7-6 6-1
800589300,800599230.0,Gabriel Tacanho,POR,J5 Portimao,2022,03 Oct to 09 Oct 2022,Hard,3rd Round,L,3-6 2-6
800589300,800591537.0,Diogo Serafim,POR,J5 Portimao,2022,03 Oct to 09 Oct 2022,Hard,2nd Round,W,6-2 6-0
800589300,800599137.0,Rafael Miranda,POR,J5 Portimao,2022,03 Oct to 09 Oct 2022,Hard,1st Round,W,6-4 6-3
800589300,800543492.0,Daniel Tazabekov,KAZ,2022 ITF World Junior Tennis Finals (Boys),2022,01 Aug to 06 Aug 2022,Clay,,L,6-3 6-7 2-6
800589300,800648125.0,David Brueckner,CZE,2022 ITF World Junior Tennis Finals (Boys),2022,01 Aug to 06 Aug 2022,Clay,Round Robin Group 3,W,7-5 6-3
800589300,800690276.0,Ren Matsumura,JPN,2022 ITF World Junior Tennis Finals (Boys),2022,01 Aug to 06 Aug 2022,Clay,Round Robin Group 3,W,6-2 6-7 6-2
800589300,800654739.0,Jose Gabriel Fernandez,ARG,2022 ITF World Junior Tennis Finals (Boys),2022,01 Aug to 06 Aug 2022,Clay,,L,1-6 6-1 7-10
800589300,800645574.0,Stanislav Kosev,BUL,2022 ITF World Junior Tennis Finals (Boys),2022,01 Aug to 06 Aug 2022,Clay,,W,6-1 6-3
800708219,800540737.0,Daniil Sarksian,ARM,J2 Cairo,2022,12 Sep to 16 Sep 2022,Clay,1st Round,L,0-6 2-6
800708219,800629488.0,Ilyas Milad Fahim,USA,J2 Cairo,2022,05 Sep to 09 Sep 2022,Clay,1st Round,L,1-6 0-6
800685006,800653202.0,Ronit Karki,USA,J5 Woodbridge 		,2022,24 Oct to 28 Oct 2022,Hard,2nd Round,L,1-6 4-6
800685006,800547729.0,Alexander Nordal Clausen,DEN,J5 Woodbridge 		,2022,24 Oct to 28 Oct 2022,Hard,1st Round,W,6-1 6-1
800685006,800651633.0,Fabrizio Fallas,CRC,J5 Managua,2022,08 Aug to 13 Aug 2022,Hard,2nd Round,L,6-4 1-6 2-6
800685006,800598269.0,Pablo Paternostro,USA,J5 Managua,2022,08 Aug to 13 Aug 2022,Hard,1st Round,W,6-3 7-6
800685006,800625122.0,Emilio Zavala Salinas,MEX,J5 Managua,2022,01 Aug to 06 Aug 2022,Hard,Quarter-final,L,5-7 1-6
800685006,800622266.0,Juan Pablo Garzon Reyes,MEX,J5 Managua,2022,01 Aug to 06 Aug 2022,Hard,2nd Round,W,6-2 6-2
800685006,800583377.0,Jadon Skollar,USA,J5 Managua,2022,01 Aug to 06 Aug 2022,Hard,1st Round,W,4-6 6-1 6-3
800685006,800598504.0,Gijs Fidler,ARU,J5 Managua,2022,01 Aug to 06 Aug 2022,Hard,Quarter-final,W,6-2 6-1
800685006,800583045.0,Ray Xie,CAN,J5 Montreal,2022,09 May to 13 May 2022,Hard,2nd Round,L,1-6 2-6
800685006,800681715.0,Remi St-Laurent,CAN,J5 Montreal,2022,09 May to 13 May 2022,Hard,1st Round,W,7-5 7-6
800685006,800680271.0,Manveer Boparai,CAN,J4 Burlington,2022,02 May to 07 May 2022,Hard,2nd Round,L,4-6 0-6
800685006,800701367.0,Haiyi Qin,CHN,J4 Burlington,2022,02 May to 07 May 2022,Hard,1st Round,W,6-3 6-2
800631785,800636117.0,Yassin Hassan,EGY,J4 Cairo,2022,07 Nov to 13 Nov 2022,Clay,1st Round,L,5-7 1-6
800631785,800651598.0,Seif El Salawy,EGY,J4 Cairo,2022,07 Nov to 13 Nov 2022,Clay,Quarter-final,W,6-3 1-0
800631785,800648967.0,Karim Sherif Abdellatif Abdo,EGY,J4 Cairo,2022,07 Nov to 13 Nov 2022,Clay,2nd Round,W,6-2 6-4
800631785,800656454.0,Adham Aly,EGY,J4 Cairo,2022,07 Nov to 13 Nov 2022,Clay,1st Round,W,6-1 2-6 10-6
800683991,800561766.0,Saveliy Ivanov,RUS,J2 Cairo,2022,05 Sep to 09 Sep 2022,Clay,2nd Round,L,0-6 1-6
800683991,800670632.0,Mahmoud Mohamed Mahmoud Zahran,EGY,J2 Cairo,2022,05 Sep to 09 Sep 2022,Clay,1st Round,W,7-6 6-1
800683991,800635605.0,Mostafa Elbasnaly,EGY,J3 Cairo,2022,08 Aug to 12 Aug 2022,Clay,1st Round,L,2-6 2-6
800705403,800652146.0,yuya ando,JPN,J5 Chigasaki,2022,23 Nov to 27 Nov 2022,Carpet,Quarter-final,L,4-6 7-5 0-6
800705403,800561384.0,Kouki Oka,JPN,J5 Chigasaki,2022,23 Nov to 27 Nov 2022,Carpet,2nd Round,W,7-6 6-3
800705403,800575913.0,Woojun Kang,KOR,J5 Chigasaki,2022,23 Nov to 27 Nov 2022,Carpet,1st Round,W,7-6 7-5
800705403,800584954.0,Shu Hirata,JPN,J2 Nagoya,2022,18 Oct to 23 Oct 2022,Carpet,1st Round,L,4-6 1-6
800705403,800541004.0,Shu Muto,JPN,JA Osaka,2022,10 Oct to 16 Oct 2022,Hard,1st Round,L,0-6 0-6
800721308,800679437.0,Abhiram Nandury,USA,J4 Corpus Christi,2022,26 Sep to 01 Oct 2022,Hard,2nd Round,L,4-6 0-6
800586830,800691439.0,Ronit Gupta,IND,J5 Saint Denis,2022,24 Oct to 30 Oct 2022,Clay,Quarter-final,L,6-4 1-5
800586830,800764478.0,Noa Dupuy-Sacrot,REU,J5 Saint Denis,2022,24 Oct to 30 Oct 2022,Clay,2nd Round,W,6-3 4-6 6-2
800586830,800722842.0,MAEL Gonthier,FRA,J5 Saint Denis,2022,24 Oct to 30 Oct 2022,Clay,1st Round,W,6-0 6-1
800720441,800682352.0,Nikola Parichkov,USA,J1 College Park,2022,22 Aug to 27 Aug 2022,Hard,2nd Round,L,0-6 0-6
800708119,800480269.0,Zachary Murphy,IRL,J4 Atlanta,2022,17 Oct to 22 Oct 2022,Hard,1st Round,L,1-6 2-6
800708119,800684329.0,Adrian Treacy,USA,J4 Atlanta,2022,17 Oct to 22 Oct 2022,Hard,3rd Round,L,1-6 7-5 7-10
800708119,800712010.0,Nikash Sai Kondamuri,USA,J4 Atlanta,2022,17 Oct to 22 Oct 2022,Hard,2nd Round,W,6-2 6-2
800708119,800583377.0,Jadon Skollar,USA,J4 Atlanta,2022,17 Oct to 22 Oct 2022,Hard,1st Round,W,6-0 6-4
800660184,800580227.0,Dong Hyeon Euom,KOR,J3 Andong,2022,08 Nov to 13 Nov 2022,Hard,2nd Round,L,0-6 0-6
800660184,800580971.0,Sehyeong Kim,KOR,J3 Andong,2022,08 Nov to 13 Nov 2022,Hard,1st Round,W,1-6 6-4 10-8
800660184,800597454.0,Hae Chang Lee,KOR,JB1 Osan - Asia Closed,2022,31 Oct to 06 Nov 2022,Hard,2nd Round,L,1-6 0-6
800660184,800792433.0,Seung Min Lee,KOR,JB1 Osan - Asia Closed,2022,31 Oct to 06 Nov 2022,Hard,1st Round,W,5-7 6-3 10-4
800660184,800581315.0,Connor Hegarty,KOR,J5 Yanggu,2022,30 Aug to 04 Sep 2022,Hard,Quarter-final,L,6-4 3-6 4-10
800660184,800598581.0,Gyeom Do,KOR,J5 Yanggu,2022,30 Aug to 04 Sep 2022,Hard,2nd Round,W,6-4 7-5
800660184,800596267.0,Se Hun Kim,KOR,J5 Yanggu,2022,30 Aug to 04 Sep 2022,Hard,1st Round,W,6-1 6-0
800660184,800599681.0,Ho Jun Park,KOR,J5 Andong,2022,23 Aug to 28 Aug 2022,Hard,2nd Round,L,4-6 0-6
800660184,800585584.0,Sion Ji,KOR,J5 Andong,2022,23 Aug to 28 Aug 2022,Hard,1st Round,W,7-6 7-5
800590053,800589787.0,Shay Sarfati,FRA,J3 Haifa,2022,29 Nov to 03 Dec 2022,Hard,1st Round,L,5-7 6-7
800590053,800562369.0,Andrei Rogatskii,ISR,J2 Kiryat Shmona,2022,21 Nov to 26 Nov 2022,Hard,1st Round,L,6-7 6-7
800590053,800589054.0,Itamar Verthaimer,FRA,J5 Ashkelon,2022,06 Sep to 11 Sep 2022,Hard,2nd Round,L,3-6 5-7
800590053,800591881.0,Uriya Ofer,ISR,J5 Ashkelon,2022,06 Sep to 11 Sep 2022,Hard,1st Round,W,7-5 6-2
800590053,800591170.0,Ilay Haim,ISR,J5 Tel Aviv,2022,30 Aug to 04 Sep 2022,Hard,1st Round,L,5-7 2-6
800601885,800553730.0,Emil Kindhult,SWE,J5 Leimen,2022,08 Nov to 13 Nov 2022,Hard,1st Round,L,4-6 1-6
800589486,800517388.0,Curzio Manucci,ITA,J5 Vale do Lobo,2022,10 Oct to 16 Oct 2022,Hard,1st Round,L,1-6 2-6
800589486,800572400.0,Jakub Krawczyk,POL,J5 Portimao,2022,03 Oct to 09 Oct 2022,Hard,2nd Round,L,6-7 2-6
800589486,800582355.0,Yurii Hoida,UKR,J5 Portimao,2022,03 Oct to 09 Oct 2022,Hard,1st Round,W,6-4 7-5
800643082,800541211.0,Yessine Kerouat,TUN,J5 Hammam Sousse,2022,08 Nov to 13 Nov 2022,Hard,1st Round,L,2-6 3-6
800643082,800544170.0,David Prasievi,GEO,J5 Bizerte,2022,14 Jun to 19 Jun 2022,Clay,Quarter-final,L,0-6 4-6
800643082,800671855.0,Youssef Sassi,TUN,J5 Bizerte,2022,14 Jun to 19 Jun 2022,Clay,2nd Round,W,6-3 6-2
800643082,800649614.0,Mahmoud salim Gannouni,TUN,J5 Bizerte,2022,14 Jun to 19 Jun 2022,Clay,1st Round,W,4-6 6-3 10-6
800667359,800554020.0,Jae Sang Park,KOR,JB1 Osan - Asia Closed,2022,31 Oct to 06 Nov 2022,Hard,1st Round,L,2-6 6-3 5-10
800589345,800546455.0,Teva Ardillon,FGU,J5 San Marino,2022,19 Jul to 23 Jul 2022,Clay,1st Round,L,4-6 2-6
800660593,800625122.0,Emilio Zavala Salinas,MEX,JA Merida,2022,21 Nov to 27 Nov 2022,Clay,2nd Round,L,0-6 4-6
800684025,800644429.0,Emirhan Bulut,TUR,J5 Istanbul,2022,14 Nov to 19 Nov 2022,Hard,2nd Round,L,6-4 2-6 1-6
800684025,800544004.0,Mark Kaufman,RUS,J5 Istanbul,2022,14 Nov to 19 Nov 2022,Hard,1st Round,W,6-2 6-3
800712329,800578726.0,Tomas Leguizamon Chaves,COL,J5 Valledupar,2022,24 Oct to 28 Oct 2022,Hard,1st Round,L,6-7 2-6
800712329,800652192.0,geronimo echeverry,COL,J5 Cartagena,2022,17 Oct to 21 Oct 2022,Hard,1st Round,L,6-7 2-6
800712329,800602682.0,Jose Romero Martinez,MEX,J5 Managua,2022,26 Sep to 01 Oct 2022,Hard,2nd Round,L,1-6 3-6
800712329,800568339.0,Stephan Koelle,BRA,J5 Managua,2022,19 Sep to 24 Sep 2022,Hard,Quarter-final,L,2-6 1-6
800712329,800603446.0,Joao Maria Soares,POR,J5 Managua,2022,19 Sep to 24 Sep 2022,Hard,1st Round,W,6-2 6-4
800594501,800531062.0,Jose Freitas,POR,J5 Sidi Kacem,2022,28 Nov to 03 Dec 2022,Clay,2nd Round,L,4-6 2-6
800594501,800582830.0,Leon Jednacz,POL,J5 Sidi Kacem,2022,28 Nov to 03 Dec 2022,Clay,1st Round,W,6-2 6-3
800594501,800639859.0,Salvatore Tartaglione,ITA,J5 Sidi Kacem,2022,28 Nov to 03 Dec 2022,Clay,Quarter-final,W,6-2 6-7 11-9
800594501,800530750.0,Ali Zizi,MAR,J5 Sidi Kacem,2022,28 Nov to 03 Dec 2022,Clay,2nd Round,W,6-1 6-2
800594501,800713095.0,Mehdi Cherkaoui,MAR,J5 Sidi Kacem,2022,28 Nov to 03 Dec 2022,Clay,1st Round,W,6-4 6-4
800594501,800570842.0,Dovas Dersonas,LTU,J5 Aizkraukle,2022,03 Oct to 08 Oct 2022,Carpet,Quarter-final,L,1-6 2-6
800594501,800589275.0,Rihards Neimanis,LAT,J5 Aizkraukle,2022,03 Oct to 08 Oct 2022,Carpet,2nd Round,W,7-6 7-6
800594501,800500630.0,David Simeonov,BUL,J5 Sozopol,2022,16 May to 21 May 2022,Hard,1st Round,L,2-6 2-6
800680752,800577231.0,Saahith Jayaraman,USA,J5 San Diego,2022,14 Nov to 18 Nov 2022,Hard,2nd Round,L,1-6 4-6
800664727,800573685.0,Manuel Lassacher,AUT,J5 Seefeld-Tirol,2022,10 Oct to 15 Oct 2022,Carpet,3rd Round,L,6-7 6-7
800664727,800599678.0,Daniil Sokrutenko,UKR,J5 Seefeld-Tirol,2022,10 Oct to 15 Oct 2022,Carpet,2nd Round,W,6-2 2-6 10-6
800586897,800555498.0,Christoph Gayk,GER,J5 Berlin,2022,01 Nov to 06 Nov 2022,Hard,1st Round,L,1-6 0-6
800586897,800575899.0,Neklas Walter,GER,J4 Hannover,2022,05 Sep to 10 Sep 2022,Clay,1st Round,L,3-6 6-4 11-13
800714127,800726879.0,Armaan Mawji,CAN,J4 Victoria,2022,17 Oct to 22 Oct 2022,Hard,2nd Round,L,4-6 2-6
800714127,800725282.0,Viv Anderson-Francois,CAN,J4 Victoria,2022,17 Oct to 22 Oct 2022,Hard,1st Round,W,6-2 6-3
800714127,800682900.0,Gelan Su,CAN,J4 Langley,2022,10 Oct to 15 Oct 2022,Hard,2nd Round,L,2-6 2-6
800714127,800687204.0,Douglas Hwang,CAN,J4 Langley,2022,10 Oct to 15 Oct 2022,Hard,1st Round,W,6-3 4-6 10-8
800714127,800702220.0,Isaac Aspinall,CAN,J4 Edmonton,2022,27 Jun to 01 Jul 2022,Hard,1st Round,L,1-6 7-5 7-10
800592750,800567066.0,Lorenzo Beraldo,ITA,J4 Pescara,2022,03 Oct to 08 Oct 2022,Clay,1st Round,L,0-6 2-6
800701795,800653400.0,Mark Krupkin,USA,J3 Burlington,2022,31 Oct to 04 Nov 2022,Hard,2nd Round,L,3-6 0-6
800701795,800682590.0,Aidan Wang-Fan,CAN,J3 Burlington,2022,31 Oct to 04 Nov 2022,Hard,1st Round,W,6-2 6-2
800701795,800666136.0,Mikael Arseneault,CAN,J5 Woodbridge 		,2022,24 Oct to 28 Oct 2022,Hard,2nd Round,L,3-6 0-6
800701795,800650916.0,Anirudh Dhanwada,USA,J5 Woodbridge 		,2022,24 Oct to 28 Oct 2022,Hard,1st Round,W,6-4 7-6
800701795,800666135.0,Nicolas Arseneault,CAN,J4 Victoria,2022,17 Oct to 22 Oct 2022,Hard,1st Round,L,3-6 3-6
800701795,800678297.0,Lucas Kimelman,CAN,J4 Langley,2022,10 Oct to 15 Oct 2022,Hard,2nd Round,L,4-6 3-6
800701795,800682823.0,Radin Sadeghi,CAN,J4 Langley,2022,10 Oct to 15 Oct 2022,Hard,1st Round,W,6-1 6-2
800701795,800589217.0,David Asenov,CAN,J4 Vancouver,2022,11 Jul to 16 Jul 2022,Hard,1st Round,L,6-2 3-6 1-6
800701795,800595756.0,Thomas Friesen,CAN,J5 Kamloops,2022,06 Jun to 11 Jun 2022,Hard,1st Round,L,5-7 6-3 0-6
800701795,800623789.0,Leo Fortier-Gariepy,CAN,J5 Victoria,2022,30 May to 04 Jun 2022,Hard,1st Round,L,6-7 1-6
800667545,800703176.0,Noel kindbom,SWE,J4 Bromma,2022,28 Sep to 02 Oct 2022,Hard,2nd Round,L,1-6 3-6
800667545,800572085.0,Alexander Vlahos,POL,J4 Bromma,2022,28 Sep to 02 Oct 2022,Hard,1st Round,W,6-3 6-3
800621251,800690389.0,William Mottram,GBR,J5 Castlebar,2022,31 Oct to 04 Nov 2022,Clay,1st Round,L,3-6 6-2 5-7
800621251,800534513.0,Finn Lester,GBR,J4 Naas,2022,04 Jul to 08 Jul 2022,Carpet,Quarter-final,L,3-6 0-6
800621251,800571442.0,Sean Keenan,IRL,J4 Naas,2022,04 Jul to 08 Jul 2022,Carpet,2nd Round,W,6-2 6-1
800621251,800656115.0,Daniel Borisov,IRL,J5 Dublin,2022,11 Apr to 16 Apr 2022,Hard,1st Round,L,3-6 2-6
800693309,800673498.0,Daniel Jankoski,AUS,J5 Perth,2022,16 Nov to 20 Nov 2022,Hard,2nd Round,L,1-6 4-6
800693309,800676829.0,Aleksander Franko,AUS,J5 Perth,2022,16 Nov to 20 Nov 2022,Hard,1st Round,W,7-6 6-0
800693309,800653626.0,James Elia,AUS,J5 Adelaide,2022,07 Sep to 11 Sep 2022,Hard,2nd Round,L,3-6 1-6
800693309,800571071.0,Patrick Findlay,AUS,J5 Adelaide,2022,07 Sep to 11 Sep 2022,Hard,1st Round,W,6-4 6-4
800693309,800631986.0,Sam Simmonds,AUS,J4 Lautoka,2022,25 Jul to 29 Jul 2022,Hard,2nd Round,L,1-6 4-6
800693309,800664527.0,Kazuma Tani,JPN,J4 Lautoka,2022,25 Jul to 29 Jul 2022,Hard,1st Round,W,4-6 6-0 10-5
800693309,800535006.0,Reiya Hattori,JPN,J4 Lautoka,2022,19 Jul to 23 Jul 2022,Hard,2nd Round,L,2-6 2-6
800693309,800535657.0,Oliver Critchley,GBR,J4 Lautoka,2022,19 Jul to 23 Jul 2022,Hard,1st Round,W,6-4 6-3
800693309,800662583.0,Clayton Kuo,AUS,J4 Lautoka,2022,19 Jul to 23 Jul 2022,Hard,2nd Round,W,6-4 6-1
800693309,800714207.0,BING FENG LOW,FIJ,J4 Lautoka,2022,19 Jul to 23 Jul 2022,Hard,1st Round,W,6-0 6-1
800693309,800706131.0,Ethan Connelly,AUS,J4 Brisbane,2022,06 Jul to 10 Jul 2022,Hard,1st Round,L,3-6 3-6
800626828,800589054.0,Itamar Verthaimer,FRA,J3 Haifa,2022,29 Nov to 03 Dec 2022,Hard,1st Round,L,3-6 1-6
800626828,800558388.0,Tim Vaisman,ISR,J2 Kiryat Shmona,2022,21 Nov to 26 Nov 2022,Hard,2nd Round,L,4-6 3-6
800626828,800646225.0,Omer Eshkol Bruck,ISR,J2 Kiryat Shmona,2022,21 Nov to 26 Nov 2022,Hard,1st Round,W,7-5 6-3
800626828,800590303.0,Ligal Kirshenboim,ISR,J5 Ashkelon,2022,06 Sep to 11 Sep 2022,Hard,1st Round,L,3-6 4-6
800626828,800588965.0,Itay Ezra,ISR,J5 Ashkelon,2022,06 Sep to 11 Sep 2022,Hard,Quarter-final,W,6-3 2-6 10-8
800626828,800589203.0,Harel Tarshish,ISR,J5 Ashkelon,2022,06 Sep to 11 Sep 2022,Hard,2nd Round,W,7-6 6-2
800626828,800548377.0,Dan Benchimol,ISR,J5 Ashkelon,2022,06 Sep to 11 Sep 2022,Hard,1st Round,W,6-1 6-1
800626828,800652385.0,Elad Cohen,ISR,J5 Tel Aviv,2022,30 Aug to 04 Sep 2022,Hard,Quarter-final,L,2-6
800626828,800858450.0,Ynai Gibli,ISR,J5 Tel Aviv,2022,30 Aug to 04 Sep 2022,Hard,2nd Round,W,6-3 6-3
800626828,800629940.0,Nitzan Yossef Swisa,ISR,J5 Tel Aviv,2022,30 Aug to 04 Sep 2022,Hard,1st Round,W,6-4 6-4
800599350,800584147.0,Gi Hoon Kwon,KOR,JB1 Osan - Asia Closed,2022,31 Oct to 06 Nov 2022,Hard,1st Round,L,4-6 7-5 7-10
800599350,800584784.0,Se Hyun Lee,KOR,J5 Yanggu,2022,30 Aug to 04 Sep 2022,Hard,1st Round,L,1-6 7-6 2-10
800599350,800586807.0,Camil Guessous,MAR,2022 ITF World Junior Tennis Finals (Boys),2022,01 Aug to 06 Aug 2022,Clay,Round Robin Group 2,L,3-6 3-6
800599350,800571859.0,Dimitar Kisimov,BUL,2022 ITF World Junior Tennis Finals (Boys),2022,01 Aug to 06 Aug 2022,Clay,Round Robin Group 2,L,3-6 2-6
800599350,800645574.0,Stanislav Kosev,BUL,2022 ITF World Junior Tennis Finals (Boys),2022,01 Aug to 06 Aug 2022,Clay,,L,3-6 6-7
800599350,800678202.0,Benjamin Chelia,ARG,2022 ITF World Junior Tennis Finals (Boys),2022,01 Aug to 06 Aug 2022,Clay,,L,5-7 3-6
800672403,800590685.0,Maxime Baur,SUI,J5 Kreuzlingen,2022,29 Aug to 03 Sep 2022,Clay,1st Round,L,2-6 2-6
800586446,800526478.0,Niels Villard,FRA,J5 Saint Denis,2022,24 Oct to 30 Oct 2022,Clay,Final,L,5-7 1-6
800586446,800691439.0,Ronit Gupta,IND,J5 Saint Denis,2022,24 Oct to 30 Oct 2022,Clay,Semi-final,W,7-6 4-1
800586446,800537602.0,Filip Freitag,AUT,J5 Saint Denis,2022,24 Oct to 30 Oct 2022,Clay,Quarter-final,W,6-1 6-4
800586446,800545688.0,Theophile Joly,FRA,J5 Saint Denis,2022,24 Oct to 30 Oct 2022,Clay,2nd Round,W,4-6 6-3 6-2
800586446,800522774.0,Mudiwa Munyimani,AUS,J5 Saint Denis,2022,24 Oct to 30 Oct 2022,Clay,1st Round,W,6-1 6-0
800586446,800526478.0,Niels Villard,FRA,J5 Saint Paul,2022,17 Oct to 23 Oct 2022,Hard,Final,L,3-6 1-6
800586446,800586830.0,Lenny Couturier,FRA,J5 Saint Paul,2022,17 Oct to 23 Oct 2022,Hard,Semi-final,W,6-2 6-3
800586446,800652647.0,basile kuhl,FRA,J5 Saint Paul,2022,17 Oct to 23 Oct 2022,Hard,Quarter-final,W,2-6 6-1 6-3
800586446,800627084.0,Jules Rimbaud,FRA,J5 Saint Paul,2022,17 Oct to 23 Oct 2022,Hard,2nd Round,W,6-1 6-1
800586446,800664634.0,Luca Santiago De Sousa Figueiredo,MOZ,J5 Saint Paul,2022,17 Oct to 23 Oct 2022,Hard,1st Round,W,6-0 6-0
800586446,800572397.0,Tristan BERARD,FRA,J5 Honfleur,2022,03 Oct to 08 Oct 2022,Hard,2nd Round,L,3-6 2-6
800586446,800587093.0,Timothee Andriveau,FRA,J5 Honfleur,2022,03 Oct to 08 Oct 2022,Hard,1st Round,W,6-2 6-2
800586446,800531954.0,Nicolas Dispas,BEL,J4 Dijon,2022,29 Aug to 03 Sep 2022,Clay,1st Round,L,2-6 2-6
800689814,800668577.0,Ko Nagashima,JPN,J5 Matsuyama,2022,07 Dec to 11 Dec 2022,Hard,1st Round,L,3-6 1-6
800689814,800575260.0,Kazuma Kimura,JPN,J5 Gifu,2022,30 Nov to 04 Dec 2022,Hard,1st Round,L,5-7 4-6
800689814,800677231.0,maki takei,JPN,J5 Gifu,2022,30 Nov to 04 Dec 2022,Hard,Quarter-final,W,6-3 6-0
800689814,800621894.0,Eita Suzuki,JPN,J5 Gifu,2022,30 Nov to 04 Dec 2022,Hard,2nd Round,W,6-4 6-3
800689814,800686514.0,Kanta Watanabe,JPN,J5 Gifu,2022,30 Nov to 04 Dec 2022,Hard,1st Round,W,6-2 6-0
800689814,800598946.0,Ryusuke Inuzuka,JPN,J5 Chigasaki,2022,23 Nov to 27 Nov 2022,Carpet,2nd Round,L,5-7 4-6
800689814,800590435.0,Ryosuke Inagawa,JPN,J5 Chigasaki,2022,23 Nov to 27 Nov 2022,Carpet,1st Round,W,6-2 6-4
800689814,800568461.0,Hiiro Sakamoto,JPN,J5 Yamanashi,2022,16 Nov to 20 Nov 2022,Clay,1st Round,L,1-6 2-6
800689814,800679317.0,Eito Komada,JPN,J2 Nagoya,2022,18 Oct to 23 Oct 2022,Carpet,1st Round,L,1-6 0-6
800652309,800575192.0,Daniel Camilo Serrato Camacho,COL,J4 Armenia,2022,28 Nov to 02 Dec 2022,Clay,1st Round,L,5-7 1-6
800652309,800577822.0,Martin Robles,COL,J4 Pereira,2022,21 Nov to 25 Nov 2022,Clay,1st Round,L,6-3 0-6 4-6
800652309,800601932.0,Alejandro Castellanos,COL,J5 Cartagena,2022,17 Oct to 21 Oct 2022,Hard,1st Round,L,6-7 3-6
800652309,800692679.0,Niyanth Puliyala,USA,J5 Cartagena,2022,17 Oct to 21 Oct 2022,Hard,Quarter-final,W,6-3 6-4
800652309,800689596.0,Jose Fernando Florez Martinez,COL,J5 Cartagena,2022,17 Oct to 21 Oct 2022,Hard,2nd Round,W,6-3 6-2
800652309,800580649.0,Santiago Jose Congote De Moya,COL,J5 Cartagena,2022,17 Oct to 21 Oct 2022,Hard,1st Round,W,6-2 6-2
800652309,800533931.0,Gabriel Eduardo Torres Arevalo,COL,J2 Bogotá,2022,18 Jul to 24 Jul 2022,Clay,1st Round,L,6-4 2-6 5-10
800652309,800532817.0,Santiago Ordonez Achinte,COL,J5 Pereira,2022,16 May to 21 May 2022,Clay,1st Round,L,1-6 3-6
800731445,800731473.0,Odeh Monday,NGR,J5 Abuja,2022,30 Nov to 04 Dec 2022,Hard,1st Round,L,2-6 2-6
800731445,800711299.0,Om Kumaran Chinnaswamy,AUS,J5 Abuja,2022,30 Nov to 04 Dec 2022,Hard,Quarter-final,W,6-1 6-3
800601986,800506189.0,Christopher Garde,DEN,J4 Oslo,2022,21 Feb to 26 Feb 2022,Hard,1st Round,L,2-6 3-6
800703955,800516972.0,Fabio Karner,AUT,J5 Prostejov,2022,21 Sep to 25 Sep 2022,Clay,1st Round,L,4-6 6-1 2-10
800598049,800673086.0,YU-LUN CHEN,TPE,J4 Hong Kong,2022,31 Oct to 05 Nov 2022,Hard,2nd Round,L,4-6 2-6
800598049,800725321.0,Wai Cing Sze,HKG,J4 Hong Kong,2022,31 Oct to 05 Nov 2022,Hard,1st Round,W,6-1 6-0
800598049,800550601.0,Carl Loeffler,HKG,J4 Hong Kong,2022,03 Oct to 08 Oct 2022,Hard,1st Round,L,3-6 0-6
800598049,800491677.0,Ethan Yi Hang Leung,HKG,J5 Hong Kong,2022,15 Aug to 20 Aug 2022,Hard,1st Round,L,0-6 2-6
800598049,800717058.0,Zhanjun Yuen,HKG,J5 Hong Kong,2022,08 Aug to 13 Aug 2022,Hard,Quarter-final,L,0-6 1-6
800598049,800597671.0,Julian Tai,HKG,J5 Hong Kong,2022,08 Aug to 13 Aug 2022,Hard,2nd Round,W,6-0 6-1
800627084,800563793.0,Rurik Rajini,IND,J5 Saint Denis,2022,24 Oct to 30 Oct 2022,Clay,2nd Round,L,3-6 7-5 2-6
800627084,800594276.0,Solal Drieux,REU,J5 Saint Denis,2022,24 Oct to 30 Oct 2022,Clay,1st Round,W,6-0 5-2
800627084,800586446.0,Timeo Trufelli,FRA,J5 Saint Paul,2022,17 Oct to 23 Oct 2022,Hard,2nd Round,L,1-6 1-6
800627084,800722417.0,Sacha Greget,REU,J5 Saint Paul,2022,17 Oct to 23 Oct 2022,Hard,1st Round,W,7-6 6-3
800575770,800728018.0,Alioum Salaoudine,CMR,J5 Yaoundé,2022,14 Nov to 19 Nov 2022,Hard,Semi-final,L,4-6 3-6
800575770,800657086.0,Anhad Singh Oberoi,IND,J5 Yaoundé,2022,14 Nov to 19 Nov 2022,Hard,Quarter-final,W,6-3 6-4
800575770,800727710.0,Enzo Keutcheu,CMR,J5 Yaoundé,2022,14 Nov to 19 Nov 2022,Hard,2nd Round,W,6-3 6-1
800575770,800699976.0,Cedrick Lanyuy NDINKWA,CMR,J5 Yaoundé,2022,14 Nov to 19 Nov 2022,Hard,1st Round,W,6-3 6-3
800575770,800586824.0,Cyprien Chevalier,FRA,J5 Ponts de Ce,2022,10 Oct to 15 Oct 2022,Hard,1st Round,L,1-6 2-6
800575770,800650327.0,Emile Delporte,FRA,J5 Ponts de Ce,2022,10 Oct to 15 Oct 2022,Hard,Quarter-final,W,6-3 3-6 10-5
800575770,800561183.0,Enguerrand Grimaud,FRA,J5 Ponts de Ce,2022,10 Oct to 15 Oct 2022,Hard,2nd Round,W,4-1
800575770,800621186.0,Tiago CUETO BON-BETEMPS,PER,J5 Ponts de Ce,2022,10 Oct to 15 Oct 2022,Hard,1st Round,W,6-4 6-2
800575770,800561771.0,Laurendi Fischer,FRA,J5 Honfleur,2022,03 Oct to 08 Oct 2022,Hard,1st Round,L,2-6 4-6
800575770,800572397.0,Tristan BERARD,FRA,J5 Lyon,2022,26 Sep to 01 Oct 2022,Clay,2nd Round,L,1-6 2-6
800575770,800558448.0,Noah Boutleux,FRA,J5 Lyon,2022,26 Sep to 01 Oct 2022,Clay,1st Round,W,7-5 2-6 10-8
800575770,800558186.0,Clement Lemire,FRA,J4 Dijon,2022,29 Aug to 03 Sep 2022,Clay,1st Round,L,3-6 2-6
800707748,800663202.0,Diordan Macababbad,AUS,J5 Auckland,2022,26 Sep to 30 Sep 2022,Hard,1st Round,L,1-6 1-6
800585584,800572099.0,Chang Min Ryu,KOR,J5 Yanggu,2022,30 Aug to 04 Sep 2022,Hard,2nd Round,L,6-1 0-6 5-10
800585584,800580007.0,Joonsuk Moon,KOR,J5 Yanggu,2022,30 Aug to 04 Sep 2022,Hard,1st Round,W,6-3 6-0
800585584,800660184.0,Young Hoon Kim,KOR,J5 Andong,2022,23 Aug to 28 Aug 2022,Hard,1st Round,L,6-7 5-7
800585584,800579915.0,Smit Nileshbhai Patel,IND,J5 Colombo,2022,04 Jul to 10 Jul 2022,Clay,1st Round,L,4-6 6-3 9-11
800585584,800636087.0,Akshith Balasubramanian,IND,J5 Colombo,2022,27 Jun to 03 Jul 2022,Clay,2nd Round,L,6-7 6-1 7-10
800585584,800625256.0,Cheng-Hsiang Tsai,TPE,J5 Colombo,2022,27 Jun to 03 Jul 2022,Clay,1st Round,W,6-1 7-5
800585584,800599681.0,Ho Jun Park,KOR,J5 Yeongwol,2022,26 Apr to 01 May 2022,Hard,1st Round,L,2-6 1-6
800672512,800646105.0,Matisse Farzam,USA,J3 Quebec City	,2022,19 Sep to 24 Sep 2022,Hard,1st Round,L,0-6 0-6
800668525,800581315.0,Connor Hegarty,KOR,J5 Yanggu,2022,30 Aug to 04 Sep 2022,Hard,1st Round,L,4-6 2-6
800668525,800595053.0,Woong Choi,KOR,J5 Andong,2022,23 Aug to 28 Aug 2022,Hard,2nd Round,L,6-4 2-6 8-10
800668525,800584147.0,Gi Hoon Kwon,KOR,J5 Andong,2022,23 Aug to 28 Aug 2022,Hard,1st Round,W,6-2 6-7 11-9
800668525,800558972.0,Ju Hun Choo,KOR,J5 Yeongwol,2022,26 Apr to 01 May 2022,Hard,2nd Round,L,0-6 0-6
800668525,800551341.0,MinSeo Kim,KOR,J5 Yeongwol,2022,26 Apr to 01 May 2022,Hard,1st Round,W,6-2 6-4
800630024,800650689.0,Jacob Olar,USA,J4 Pereira,2022,21 Nov to 25 Nov 2022,Clay,2nd Round,L,6-4 3-6 3-6
800630024,800654432.0,Jose David Tobar Sanchez,COL,J4 Pereira,2022,21 Nov to 25 Nov 2022,Clay,1st Round,W,6-2 6-1
800630024,800588421.0,Tomas Marin,COL,J5 Valledupar,2022,24 Oct to 28 Oct 2022,Hard,Quarter-final,L,3-6 3-6
800630024,800587313.0,Samuel Vidales,COL,J5 Valledupar,2022,24 Oct to 28 Oct 2022,Hard,2nd Round,W,6-3 6-3
800630024,800575985.0,Minato Koido,JPN,J5 Valledupar,2022,24 Oct to 28 Oct 2022,Hard,1st Round,W,7-5 6-2
800705298,800674087.0,JUAN CAMILO BELTRAN JIMENEZ,COL,J5 Cundinamarca,2022,02 May to 07 May 2022,Clay,1st Round,L,2-6 6-2 5-10
800673094,800570299.0,Oskar Szymczak,POL,J5 Prostejov,2022,21 Sep to 25 Sep 2022,Clay,1st Round,L,4-6 6-7
800673094,800675869.0,David Knesl,CZE,J5 Prostejov,2022,21 Sep to 25 Sep 2022,Clay,Quarter-final,L,5-7 1-6
800673094,800683321.0,Nathan Andre Halahija,SVK,J5 Prostejov,2022,21 Sep to 25 Sep 2022,Clay,2nd Round,W,2-6 7-6 10-3
800673094,800598694.0,Nicholas Fisk,GBR,J5 Prostejov,2022,21 Sep to 25 Sep 2022,Clay,1st Round,W,6-3 7-6
800721431,800773667.0,James Weber,USA,J4 Lexington,2022,24 Oct to 29 Oct 2022,Hard,2nd Round,L,0-6 4-6
800624235,800604219.0,Jiwan Park,KOR,J5 Pokhara,2022,05 Dec to 10 Dec 2022,Clay,2nd Round,L,6-3 6-7 5-7
800624235,800585058.0,Nihal Jung Bahadur Thapa,NEP,J5 Pokhara,2022,05 Dec to 10 Dec 2022,Clay,1st Round,W,6-1 6-4
800624235,800564077.0,Rakshak Tarun Vivekananthan,IND,J5 Pokhara,2022,05 Dec to 10 Dec 2022,Clay,Quarter-final,W,6-7 6-4 10-8
800624235,800586888.0,Shabad Singh,IND,J5 Pokhara,2022,05 Dec to 10 Dec 2022,Clay,2nd Round,W,3-6 6-4 10-3
800624235,800674146.0,Yash Bahalkar,GBR,J5 Pokhara,2022,05 Dec to 10 Dec 2022,Clay,1st Round,W,6-1 6-2
800624235,800645618.0,Ke Hau Hung,TPE,J5 Pokhara,2022,28 Nov to 03 Dec 2022,Clay,1st Round,L,4-6 3-6
800624235,800558758.0,Pranav Manandhar,NEP,J5 Pokhara,2022,28 Nov to 03 Dec 2022,Clay,Quarter-final,W,6-4 6-2
800624235,800718725.0,ju hyeong jin,KOR,J5 Pokhara,2022,28 Nov to 03 Dec 2022,Clay,2nd Round,W,6-0 6-2
800624235,800720654.0,Itsuki Umezawa,JPN,J5 Pokhara,2022,28 Nov to 03 Dec 2022,Clay,1st Round,W,6-0 6-0
800624235,800575325.0,Siddharth Marathe,IND,J5 Dehradun,2022,14 Mar to 19 Mar 2022,Hard,2nd Round,L,1-6 1-6
800624235,800590684.0,Mayank Sharma,IND,J5 Dehradun,2022,14 Mar to 19 Mar 2022,Hard,1st Round,W,4-6 6-3 10-4
800624235,800542089.0,Anshul Satav,IND,J5 Indore,2022,24 Jan to 29 Jan 2022,Hard,2nd Round,L,4-6 0-6
800624235,800657085.0,Emon Bhatt,IND,J5 Indore,2022,24 Jan to 29 Jan 2022,Hard,1st Round,W,6-0 7-5
800646430,800530432.0,Fredrik Foss,NOR,J4 Heiveld,2022,31 Oct to 06 Nov 2022,Carpet,3rd Round,L,2-6 3-6
800646430,800575389.0,Vedran Karalic,NED,J4 Heiveld,2022,31 Oct to 06 Nov 2022,Carpet,2nd Round,W,3-6 7-5 10-5
800646430,800578451.0,Rick Nieke,JPN,J4 Heiveld,2022,31 Oct to 06 Nov 2022,Carpet,1st Round,W,6-4 6-1
800692775,800688955.0,Krish Arora,USA,J1 College Park,2022,22 Aug to 27 Aug 2022,Hard,3rd Round,L,
800692775,800624997.0,AJ Mercer,USA,J1 College Park,2022,22 Aug to 27 Aug 2022,Hard,2nd Round,W,6-2 6-4
800692775,800570983.0,Carson Cerejo,USA,J1 College Park,2022,22 Aug to 27 Aug 2022,Hard,1st Round,W,6-1 6-1
800692775,800652401.0,Maxwell Exsted,USA,J4 Daytona Beach,2022,04 Jul to 09 Jul 2022,Clay,Quarter-final,L,0-6 1-6
800692775,800650644.0,Zane Ensminger Ensminger,USA,J4 Daytona Beach,2022,04 Jul to 09 Jul 2022,Clay,3rd Round,W,6-2 6-2
800692775,800598269.0,Pablo Paternostro,USA,J4 Daytona Beach,2022,04 Jul to 09 Jul 2022,Clay,2nd Round,W,6-4 1-6 6-4
800692775,800684666.0,Derek Hafiz,USA,J4 Daytona Beach,2022,04 Jul to 09 Jul 2022,Clay,1st Round,W,7-6 6-1
800597356,800568658.0,Ignas Grusnius,LTU,J4 Liverpool,2022,14 Nov to 18 Nov 2022,Hard,1st Round,L,2-6 1-6
800597356,800681099.0,Calum Jessett,GBR,J5 Loughborough,2022,12 Sep to 16 Sep 2022,Hard,1st Round,L,4-6 6-1 4-10
800597356,800701523.0,Giovanni Berto,AUS,J5 Bradfield,2022,01 Aug to 06 Aug 2022,Clay,1st Round,L,5-7 6-3 5-10
800647689,800542404.0,Axel Huysmans,BEL,J5 Merzig,2022,13 Sep to 18 Sep 2022,Clay,2nd Round,L,3-6 0-6
800647689,800572909.0,Anton Oliukha,UKR,J5 Merzig,2022,13 Sep to 18 Sep 2022,Clay,1st Round,W,6-3 3-6 6-1
800647689,800535636.0,Nikolai Barsukov,GER,J4 Hannover,2022,05 Sep to 10 Sep 2022,Clay,1st Round,L,1-6 1-6
800647689,800598084.0,Phillipp-Maximilian Huebert,GER,J4 Hannover,2022,05 Sep to 10 Sep 2022,Clay,Quarter-final,W,7-5 6-2
800647689,800636498.0,Dominik Spychalski,POL,J4 Hannover,2022,05 Sep to 10 Sep 2022,Clay,2nd Round,W,6-1 6-3
800647689,800635045.0,Kai Poelchau,NED,J4 Hannover,2022,05 Sep to 10 Sep 2022,Clay,1st Round,W,6-2 6-2
800598581,800822738.0,Hyeonseok Seo,KOR,J3 Andong,2022,08 Nov to 13 Nov 2022,Hard,Quarter-final,L,3-6 3-6
800598581,800584147.0,Gi Hoon Kwon,KOR,J3 Andong,2022,08 Nov to 13 Nov 2022,Hard,2nd Round,W,6-2 6-3
800598581,800650674.0,Juwan Bae,KOR,J3 Andong,2022,08 Nov to 13 Nov 2022,Hard,1st Round,W,6-4 2-6 10-8
800659883,800588873.0,Omar Verduzco,MEX,J5 Zapopan,2022,17 Oct to 22 Oct 2022,Clay,1st Round,L,2-6 2-6
800659883,800679781.0,Rodrigo Meza,MEX,J5 Oaxaca,2022,10 Oct to 15 Oct 2022,Hard,2nd Round,L,1-6 5-7
800659883,800650645.0,Samuel Candelas,MEX,J5 Oaxaca,2022,10 Oct to 15 Oct 2022,Hard,1st Round,W,6-2 5-7 12-10
800659883,800625802.0,Santiago Lazo Becerril,MEX,J4 Queretaro,2022,05 Sep to 10 Sep 2022,Clay,1st Round,L,4-6 1-6
800598778,800578594.0,Maris Ostrowski,AUT,J3 Nicosia,2022,07 Nov to 12 Nov 2022,Hard,Quarter-final,L,2-6 3-6
800598778,,Desconhecido,,J3 Nicosia,2022,07 Nov to 12 Nov 2022,Hard,2nd Round,W,
800598778,800583480.0,Antreas Stavrou,CYP,J3 Nicosia,2022,07 Nov to 12 Nov 2022,Hard,1st Round,W,6-0 6-2
800598778,800628328.0,Conor Flynn,GBR,J5 Loughborough,2022,12 Sep to 16 Sep 2022,Hard,2nd Round,L,0-6 3-6
800598778,800712572.0,Marcus Weekes,GBR,J5 Loughborough,2022,12 Sep to 16 Sep 2022,Hard,1st Round,W,6-4 6-2
800692700,800651150.0,Tyler Nguyen,USA,J4 Guatemala,2022,14 Nov to 19 Nov 2022,Hard,1st Round,L,0-6 6-7
800692700,800584135.0,Abhinav Chunduru,USA,J4 Santa Tecla,2022,07 Nov to 12 Nov 2022,Hard,2nd Round,L,2-6 1-6
800692700,800713643.0,Diego Morales,ESA,J4 Santa Tecla,2022,07 Nov to 12 Nov 2022,Hard,1st Round,W,6-1 6-2
800692700,800604239.0,Prathinav Chunduru,USA,J5 Tegucigalpa,2022,12 Sep to 17 Sep 2022,Hard,2nd Round,L,2-6 1-6
800692700,800578726.0,Tomas Leguizamon Chaves,COL,J5 Tegucigalpa,2022,12 Sep to 17 Sep 2022,Hard,1st Round,W,7-6 7-5
800692700,800653202.0,Ronit Karki,USA,J5 Tegucigalpa,2022,05 Sep to 10 Sep 2022,Hard,2nd Round,L,0-6 3-6
800692700,800627825.0,Cesar Cruz,ESA,J5 Santa Tecla,2022,15 Aug to 20 Aug 2022,Hard,2nd Round,L,0-6 0-6
800692700,800713643.0,Diego Morales,ESA,J5 Santa Tecla,2022,15 Aug to 20 Aug 2022,Hard,1st Round,W,6-1 6-0
800692700,800630541.0,Salvador Price,COL,J5 Guatemala,2022,13 Jun to 18 Jun 2022,Hard,2nd Round,L,0-6 1-6
800692700,800629309.0,Jai Dutta,USA,J5 Guatemala,2022,13 Jun to 18 Jun 2022,Hard,1st Round,W,6-3 4-6 6-2
800692700,800582555.0,Vinicius Giolo Magrin,BRA,J5 Tegucigalpa,2022,04 Apr to 09 Apr 2022,Hard,Quarter-final,L,0-6 0-6
800692700,800548245.0,Tiago Rodrigues Barbosa Lima,BRA,J5 Tegucigalpa,2022,28 Mar to 02 Apr 2022,Hard,Quarter-final,L,3-6 1-6
800692700,800702946.0,Dylan Jacobo Calix Romero,HON,J5 Tegucigalpa,2022,28 Mar to 02 Apr 2022,Hard,2nd Round,W,6-2 6-1
800680955,800573025.0,Mihailo Nikic,SRB,J5 Zlatibor,2022,05 Sep to 10 Sep 2022,Clay,2nd Round,L,1-6 0-6
800718989,800656507.0,Kether Naresh Gonzalez Gonzalez,MEX,J4 Monterrey,2022,29 Aug to 03 Sep 2022,Hard,1st Round,L,6-7 4-6
800603811,800516438.0,Jaishnav Shinde,IND,J4 Nonthaburi,2022,24 Oct to 29 Oct 2022,Hard,2nd Round,L,1-6 2-6
800603811,800695648.0,Narathip Rueangsri,THA,J4 Nonthaburi,2022,24 Oct to 29 Oct 2022,Hard,1st Round,W,6-3 6-2
800603811,800543643.0,Ye Hongyu,CHN,J2 Nonthaburi,2022,17 Oct to 22 Oct 2022,Hard,2nd Round,L,2-6 3-6
800603811,800598481.0,Sin Hang Tam,HKG,J2 Nonthaburi,2022,17 Oct to 22 Oct 2022,Hard,1st Round,W,4-6 6-3 6-1
800603811,800636361.0,TZU-CHENG LIU,TPE,J5 Nonthaburi,2022,15 Aug to 20 Aug 2022,Hard,1st Round,L,1-6 0-2
800603811,800547026.0,Lucas Mock,CAN,J5 Nonthaburi,2022,08 Aug to 13 Aug 2022,Hard,1st Round,L,6-1 4-6 4-6
800603811,800557637.0,Namgi Song,KOR,J4 Jakarta,2022,04 Jul to 09 Jul 2022,Hard,1st Round,L,7-6 1-6 3-6
800603811,800546911.0,Prajwal Tewari,IND,J4 Nonthaburi,2022,27 Jun to 02 Jul 2022,Hard,1st Round,L,1-6 1-6
800603811,800564294.0,Takumi Watanabe,JPN,J4 Nonthaburi,2022,20 Jun to 25 Jun 2022,Hard,2nd Round,L,4-6 6-3 2-6
800603811,800589314.0,Samuel Lockett,AUS,J4 Nonthaburi,2022,20 Jun to 25 Jun 2022,Hard,1st Round,W,7-6 4-6 6-3
800603811,800546936.0,Daksh Prasad,IND,J1 Nonthaburi,2022,07 Mar to 12 Mar 2022,Hard,1st Round,L,2-5
800590604,800515149.0,Marko Nikolic,SRB,J4 Baku,2022,28 Nov to 04 Dec 2022,Hard,1st Round,L,4-6 4-6
800590604,800572724.0,Zakhar Ashmankevich,BLR,J4 Baku,2022,28 Nov to 04 Dec 2022,Hard,Quarter-final,W,7-5 6-4
800590604,800589213.0,Yoav Leibushor,ISR,J4 Baku,2022,28 Nov to 04 Dec 2022,Hard,1st Round,W,6-2 6-3
800590604,800538754.0,Sevastian Tasenkov,RUS,J5 Baku,2022,19 Sep to 24 Sep 2022,Hard,2nd Round,L,3-6 3-6
800590604,800588965.0,Itay Ezra,ISR,J5 Baku,2022,19 Sep to 24 Sep 2022,Hard,1st Round,W,6-4 7-6
800588272,800542410.0,Conor Brady,GBR,J4 Stirling,2022,30 Nov to 04 Dec 2022,Hard,1st Round,L,7-6 1-6 4-6
800588272,800568658.0,Ignas Grusnius,LTU,J4 Liverpool,2022,14 Nov to 18 Nov 2022,Hard,Quarter-final,L,4-6 7-6 3-10
800588272,800540764.0,Enrico Franchi,GBR,J4 Liverpool,2022,14 Nov to 18 Nov 2022,Hard,2nd Round,W,5-7 6-3 10-7
800588272,800565107.0,Charlie Ruffell,GBR,J4 Liverpool,2022,14 Nov to 18 Nov 2022,Hard,1st Round,W,6-2 6-3
800588272,800701523.0,Giovanni Berto,AUS,J5 Bradfield,2022,01 Aug to 06 Aug 2022,Clay,Quarter-final,L,7-6 5-7 4-10
800588272,800565107.0,Charlie Ruffell,GBR,J5 Bradfield,2022,01 Aug to 06 Aug 2022,Clay,2nd Round,W,3-1
800588272,800596861.0,William Moxon,GBR,J5 Bradfield,2022,01 Aug to 06 Aug 2022,Clay,1st Round,W,4-6 6-4 10-4
800627137,800648080.0,Yuhei Ohga,JPN,J5 Chigasaki,2022,23 Nov to 27 Nov 2022,Carpet,1st Round,L,5-7 2-6
800627137,800684698.0,Kanari Izumisawa,JPN,J5 Yamanashi,2022,16 Nov to 20 Nov 2022,Clay,1st Round,L,2-6 4-6
800627137,800553777.0,Harsh Fogaat,IND,J5 Colombo,2022,10 Oct to 16 Oct 2022,Clay,2nd Round,L,1-6 2-6
800627137,800693825.0,Sasen Premarathne,SRI,J5 Colombo,2022,10 Oct to 16 Oct 2022,Clay,1st Round,W,6-2 7-5
800700749,800586400.0,Adhithya Ganesan,USA,J1 Guadalajara,2022,14 Nov to 19 Nov 2022,Clay,1st Round,L,2-6 0-6
800700749,800492496.0,Patrick Schoen,SUI,J3 Zapopan,2022,07 Nov to 12 Nov 2022,Clay,2nd Round,L,0-6 0-6
800700749,800589679.0,Rodrigo Ochoa Ibarguengoitia,MEX,J3 Zapopan,2022,07 Nov to 12 Nov 2022,Clay,1st Round,W,7-5 6-3
800688517,800672470.0,Miko Lapalme,CAN,J3 Quebec City	,2022,19 Sep to 24 Sep 2022,Hard,2nd Round,L,1-6 4-6
800688517,800700881.0,Maxime Labbe,CAN,J3 Quebec City	,2022,19 Sep to 24 Sep 2022,Hard,1st Round,W,6-4 6-4
800688517,800688513.0,Xavier Massotte,CAN,J5 Montreal,2022,09 May to 13 May 2022,Hard,1st Round,L,4-6 0-6
800688517,800601255.0,Maxence Hamon,CAN,J3 Quebec City	,2022,18 Apr to 23 Apr 2022,Hard,1st Round,L,2-6 0-6
800722358,800546455.0,Teva Ardillon,FGU,J5 Meknes,2022,21 Nov to 26 Nov 2022,Clay,Quarter-final,L,3-6 2-6
800722358,800626793.0,Theo Nilsson,SWE,J5 Meknes,2022,21 Nov to 26 Nov 2022,Clay,2nd Round,W,4-6 7-6 10-8
800722358,800626300.0,Tommy Guichard,USA,J5 Meknes,2022,21 Nov to 26 Nov 2022,Clay,1st Round,W,6-2 5-7 10-2
800722358,800522550.0,Savelii Shpita,RUS,J5 Oujda,2022,14 Nov to 19 Nov 2022,Clay,1st Round,L,2-6 4-6
800722358,800587620.0,Nizar Rhazali,MAR,J5 Casablanca,2022,24 Oct to 29 Oct 2022,Clay,1st Round,L,3-6 4-6
800722358,800630128.0,Alex Lapsansky,SVK,J4 Rabat,2022,17 Oct to 22 Oct 2022,Clay,2nd Round,L,4-6 3-6
800722358,800723498.0,Marouane Mellal,MAR,J4 Rabat,2022,17 Oct to 22 Oct 2022,Clay,1st Round,W,6-2 2-6 10-7
800722358,800509184.0,Andrea M'chich,FRA,J4 Casablanca,2022,10 Oct to 15 Oct 2022,Clay,1st Round,L,1-6 2-6
800716682,800678621.0,John Bothma,RSA,J5 Bulawayo,2022,05 Dec to 10 Dec 2022,Hard,1st Round,L,3-6 7-5 4-6
800716682,800639802.0,Tavis Wright,GBR,J5 Bulawayo,2022,05 Dec to 10 Dec 2022,Hard,Quarter-final,W,6-2 6-2
800716682,800654758.0,Maqhawe Qame,BOT,J5 Bulawayo,2022,05 Dec to 10 Dec 2022,Hard,2nd Round,W,6-3 6-1
800716682,800572820.0,Joseph Townes,RSA,J5 Bulawayo,2022,28 Nov to 03 Dec 2022,Hard,2nd Round,L,3-6 6-4 2-6
800716682,800639396.0,Caleb Robb,ZIM,J5 Bulawayo,2022,28 Nov to 03 Dec 2022,Hard,1st Round,W,6-0 6-2
800716682,800719576.0,Katlego Masa Regoeng,BOT,J5 Bulawayo,2022,28 Nov to 03 Dec 2022,Hard,Quarter-final,W,6-0 6-3
800587826,800541960.0,Tobia Costanzo Baragiola Mordini,ITA,J4 Bari,2022,10 Oct to 15 Oct 2022,Hard,Quarter-final,L,4-6 2-6
800587826,800570947.0,Noah Canonico,ITA,J4 Bari,2022,10 Oct to 15 Oct 2022,Hard,2nd Round,W,2-6 6-4 10-7
800587826,800656911.0,Davide Brunetti,ITA,J4 Bari,2022,10 Oct to 15 Oct 2022,Hard,1st Round,W,7-6 6-7 11-9
800629940,800591354.0,Eldad Atzmon,ISR,J3 Haifa,2022,29 Nov to 03 Dec 2022,Hard,1st Round,L,2-6 2-6
800629940,800626828.0,Omer Shamian,ISR,J5 Tel Aviv,2022,30 Aug to 04 Sep 2022,Hard,1st Round,L,4-6 4-6
800701263,800503807.0,Yarona Morule,RSA,J4 Accra,2022,29 Aug to 03 Sep 2022,Hard,2nd Round,L,2-6 0-6
800701263,800717461.0,Noah Adamu,NGR,J4 Accra,2022,29 Aug to 03 Sep 2022,Hard,1st Round,W,6-3 6-3
800701263,800575129.0,Luc Wieland,SUI,J4 Accra,2022,22 Aug to 27 Aug 2022,Hard,1st Round,L,1-6 2-6
800701263,800653132.0,Aleksandar Daskalovic,SRB,J5 Accra,2022,15 Aug to 20 Aug 2022,Hard,1st Round,L,3-6 5-7
800701263,800556802.0,Karim Bennani,MAR,J5 Accra,2022,08 Aug to 13 Aug 2022,Hard,Quarter-final,L,6-4 6-7 3-6
800701263,800597080.0,Mostafa Noureldine,EGY,J5 Accra,2022,08 Aug to 13 Aug 2022,Hard,2nd Round,W,6-4 4-6 6-4
800701263,800673156.0,Fortune Joseph,NGR,J5 Accra,2022,08 Aug to 13 Aug 2022,Hard,1st Round,W,2-6 6-0 6-2
800701263,800589546.0,Moise Kouame,FRA,J4 Abidjan,2022,26 Apr to 01 May 2022,Hard,2nd Round,L,1-6 6-7
800701263,800629086.0,Harrison Gradin,SWE,J4 Abidjan,2022,26 Apr to 01 May 2022,Hard,1st Round,W,3-6 6-4 7-6
800701263,800593404.0,Noam Koltunoff,ISR,J4 Abidjan,2022,26 Apr to 01 May 2022,Hard,Quarter-final,W,6-4 6-4
800701263,800571534.0,Kenneth Adjokatse,GHA,J5 Abidjan,2022,19 Apr to 24 Apr 2022,Hard,Quarter-final,L,1-6 6-3 5-10
800701263,800593404.0,Noam Koltunoff,ISR,J5 Abidjan,2022,19 Apr to 24 Apr 2022,Hard,1st Round,W,6-1 6-2
800701263,800661424.0,Raphael Nii Ankrah,GHA,J5 Accra,2022,11 Apr to 16 Apr 2022,Hard,2nd Round,L,4-6 3-6
800701263,800655485.0,Mawuko Francois-Xavier Gakpo,TOG,J5 Accra,2022,11 Apr to 16 Apr 2022,Hard,1st Round,W,6-1 6-1
800701263,800571534.0,Kenneth Adjokatse,GHA,J5 Accra,2022,04 Apr to 09 Apr 2022,Hard,2nd Round,L,2-6 1-6
800701263,800560228.0,Ethan Milgan,IND,J5 Accra,2022,04 Apr to 09 Apr 2022,Hard,1st Round,W,6-3 6-4
800649634,800584784.0,Se Hyun Lee,KOR,J5 Andong,2022,23 Aug to 28 Aug 2022,Hard,1st Round,L,0-6 1-6
800649634,800598113.0,Ye Chan Choi,KOR,J4 Sunchang,2022,12 Apr to 17 Apr 2022,Hard,1st Round,L,4-6 6-2 4-10
800649634,800526380.0,Taewan Joo,KOR,J4 Jeju,2022,05 Apr to 10 Apr 2022,Hard,1st Round,L,0-6 3-6
800724361,800664111.0,Jesus Mario Garcia Salgado,MEX,JA Merida,2022,21 Nov to 27 Nov 2022,Clay,1st Round,L,3-6 2-6
800710308,800665751.0,Soheil Hemmati,IRI,J5 Isfahan,2022,18 Jul to 23 Jul 2022,Clay,1st Round,L,4-6 6-3 3-10
800710308,800547430.0,Ahmet Atabay,TUR,J5 Urmia,2022,20 Jun to 25 Jun 2022,Clay,2nd Round,L,4-6 2-6
800710308,800668217.0,poorya paryab,IRI,J5 Urmia,2022,20 Jun to 25 Jun 2022,Clay,1st Round,W,6-1 6-1
800710308,800548013.0,Amirali Ghavam,IRI,J5 Karaj,2022,13 Jun to 18 Jun 2022,Clay,3rd Round,L,1-6 1-6
800710308,800654451.0,Daniyal Abadi,IRI,J5 Karaj,2022,13 Jun to 18 Jun 2022,Clay,2nd Round,W,7-6 6-2
800710308,800710961.0,Ali Taghizadeh,IRI,J5 Karaj,2022,13 Jun to 18 Jun 2022,Clay,Quarter-final,W,7-5 3-6 10-5
800710308,800710486.0,Arvin Barshahi,IRI,J5 Karaj,2022,13 Jun to 18 Jun 2022,Clay,2nd Round,W,6-0 6-0
800715038,800714482.0,Yash Morriswala,NZL,J5 Auckland,2022,26 Sep to 30 Sep 2022,Hard,2nd Round,L,6-7 7-6 9-11
800715038,800688575.0,Ricky Kotepong,NZL,J5 Auckland,2022,26 Sep to 30 Sep 2022,Hard,1st Round,W,6-3 0-6 10-5
800716469,800654363.0,Adryan Ballestero,FRA,J5 Santo Domingo,2022,08 Aug to 13 Aug 2022,Hard,1st Round,L,2-6 2-6
800716469,800570616.0,Felipe Ramirez,MEX,J5 Santo Domingo,2022,01 Aug to 06 Aug 2022,Hard,1st Round,L,2-6 4-6
800667942,800682769.0,Bosko Boskovic,CAN,J5 Niagara,2022,13 Jun to 17 Jun 2022,Hard,2nd Round,L,2-6 1-6
800646769,800540206.0,Dimitar Chilov,BUL,J5 Burgas,2022,21 Jun to 26 Jun 2022,Clay,Quarter-final,L,3-6 1-6
800646769,800544488.0,Hristian Bidjev,BUL,J5 Burgas,2022,21 Jun to 26 Jun 2022,Clay,2nd Round,W,5-7 4-3
800646769,800672494.0,Yasen Kehayaminchev,BUL,J5 Burgas,2022,21 Jun to 26 Jun 2022,Clay,1st Round,W,7-5 6-3
800626479,800480267.0,Nikita Bortnichek,RUS,J5 Amman,2022,27 Jun to 02 Jul 2022,Hard,1st Round,L,0-6 1-6
800626479,800575637.0,Filippo Scala,ITA,J5 Amman,2022,27 Jun to 02 Jul 2022,Hard,Quarter-final,L,4-6 6-4 7-10
800626479,800620854.0,noor alhasan nazar Asadi,IRQ,J5 Amman,2022,27 Jun to 02 Jul 2022,Hard,2nd Round,W,6-2 6-0
800626479,800563321.0,Hussen Alshati,KUW,J5 Amman,2022,27 Jun to 02 Jul 2022,Hard,1st Round,W,7-6 6-1
800626479,800552167.0,Debasis Sahoo,IND,J5 Amman,2022,20 Jun to 25 Jun 2022,Hard,2nd Round,L,3-6 7-5 1-6
800626479,800563321.0,Hussen Alshati,KUW,J5 Amman,2022,20 Jun to 25 Jun 2022,Hard,1st Round,W,6-3 7-6
800597838,800628328.0,Conor Flynn,GBR,J4 Stirling,2022,30 Nov to 04 Dec 2022,Hard,1st Round,L,6-4 3-6 5-7
800597838,800569422.0,Charlie Robertson,GBR,J4 Liverpool,2022,14 Nov to 18 Nov 2022,Hard,1st Round,L,5-7 2-6
800597838,800590033.0,Alfie King,GBR,J5 Liverpool,2022,08 Nov to 13 Nov 2022,Hard,1st Round,L,3-6 6-3 1-6
800597838,800535976.0,Ilias Hirani Worthington,GBR,J5 Bradfield,2022,01 Aug to 06 Aug 2022,Clay,1st Round,L,1-6 3-6
800597838,800491151.0,Aaron Dawson,GBR,J5 Wrexham,2022,24 May to 28 May 2022,Hard,1st Round,L,6-4 3-6 0-6
800604236,800542058.0,Dorian Juszczak,POL,J5 Szczawno Zdroj,2022,30 Aug to 04 Sep 2022,Clay,2nd Round,L,0-6 1-6
800604236,800599360.0,Daniel Krige,RSA,J5 Szczawno Zdroj,2022,30 Aug to 04 Sep 2022,Clay,1st Round,W,6-2 6-2
800604236,800578159.0,Adam Majchrzak,POL,J3 Krakow,2022,17 Aug to 21 Aug 2022,Clay,1st Round,L,2-6 3-6
800604236,800513330.0,Marcel Dzielo,POL,J1 Bytom,2022,09 Aug to 14 Aug 2022,Clay,Quarter-final,L,1-6 4-6
800604236,800601212.0,Mykhailo Shevtsov,UKR,J1 Bytom,2022,09 Aug to 14 Aug 2022,Clay,2nd Round,W,6-1 6-0
800599509,800714172.0,Fredrik Lundquist,USA,J5 Bergen,2022,29 Nov to 04 Dec 2022,Hard,2nd Round,L,7-5 5-7 7-10
800599509,800622905.0,Felix Pihl Nyborg,NOR,J5 Bergen,2022,29 Nov to 04 Dec 2022,Hard,1st Round,W,6-2 6-0
800599509,800544246.0,Mats Cappelen Mazzocchi,NOR,J5 Stavanger,2022,22 Nov to 27 Nov 2022,Hard,1st Round,L,3-6 2-6
800576306,800577760.0,Nikita Safonov,RUS,J5 Dushanbe,2022,10 Oct to 15 Oct 2022,Hard,2nd Round,L,1-6 2-6
800576306,800681162.0,Adxamov Azizbek,UZB,J5 Dushanbe,2022,10 Oct to 15 Oct 2022,Hard,1st Round,W,6-3 6-2
800576306,800503736.0,Darkhan Zhakanger,KAZ,J5 Dushanbe,2022,03 Oct to 08 Oct 2022,Hard,2nd Round,L,0-6 0-6
800576306,800625716.0,Bexruzjon Baxshillaev,UZB,J5 Dushanbe,2022,03 Oct to 08 Oct 2022,Hard,1st Round,W,7-5 6-2
800576306,800503735.0,Dastan Zhakanger,KAZ,J5 Dushanbe,2022,15 Aug to 20 Aug 2022,Hard,2nd Round,L,2-6 0-6
800576306,800591914.0,Erkin Raimov,UZB,J5 Dushanbe,2022,15 Aug to 20 Aug 2022,Hard,1st Round,W,6-0 6-0
800576306,800492006.0,Oleg Gussakov,KAZ,J5 Dushanbe,2022,08 Aug to 13 Aug 2022,Hard,2nd Round,L,2-6 0-6
800576306,800673848.0,Muhammad Durraid Durrani,PAK,J5 Dushanbe,2022,08 Aug to 13 Aug 2022,Hard,1st Round,W,6-0 6-0
800576306,800503735.0,Dastan Zhakanger,KAZ,J4 Dushanbe,2022,09 May to 14 May 2022,Hard,2nd Round,L,3-6 1-6
800576306,800676491.0,furuzonfar zikrieev,RUS,J4 Dushanbe,2022,09 May to 14 May 2022,Hard,1st Round,W,6-1 6-1
800706705,800725638.0,Andre Ziskind,USA,J4 Lexington,2022,24 Oct to 29 Oct 2022,Hard,1st Round,L,4-6 1-6
800706705,800696153.0,Sebastien Cudny,USA,J4 Lexington,2022,24 Oct to 29 Oct 2022,Hard,2nd Round,L,2-6 6-0 8-10
800706705,800723513.0,Anthony Dry,USA,J4 Lexington,2022,24 Oct to 29 Oct 2022,Hard,1st Round,W,6-4 6-1
800710227,800668253.0,Brendan Jayaprakash,AUS,J5 Perth,2022,16 Nov to 20 Nov 2022,Hard,1st Round,L,4-6 1-6
800710227,800530011.0,Rintaro Shukuda,JPN,J4 Lautoka,2022,19 Jul to 23 Jul 2022,Hard,1st Round,L,1-6 1-6
800668342,800638736.0,Mohamed Sanad Bouhlel,TUN,J5 Hammam Sousse,2022,08 Nov to 13 Nov 2022,Hard,1st Round,L,1-6 3-6
800668342,800594088.0,Abderrahmen Baccouche,TUN,J5 Hammam Sousse,2022,08 Nov to 13 Nov 2022,Hard,Quarter-final,W,7-6 6-3
800668342,800695169.0,Mehdi Abdennabi,TUN,J5 Hammam Sousse,2022,08 Nov to 13 Nov 2022,Hard,2nd Round,W,6-4 6-1
800668342,800671955.0,Malek Ben kassdallah,TUN,J5 Hammam Sousse,2022,08 Nov to 13 Nov 2022,Hard,1st Round,W,6-2 7-5
800668342,800548010.0,Remi Heldenbergh,BEL,J4 Carthage,2022,28 Jun to 03 Jul 2022,Clay,1st Round,L,3-6 1-6
800622597,800519338.0,Danylo Maslennikov,UKR,J5 Yerevan,2022,17 Oct to 22 Oct 2022,Clay,1st Round,L,5-7 5-7
800622597,800552231.0,Nazar Puzyrevich,BLR,J5 Yerevan,2022,10 Oct to 15 Oct 2022,Clay,1st Round,L,0-6 6-7
800622597,800646225.0,Omer Eshkol Bruck,ISR,J4 Yerevan,2022,11 Jul to 17 Jul 2022,Clay,1st Round,L,6-3 2-6 4-6
800679228,800571859.0,Dimitar Kisimov,BUL,2022 ITF World Junior Tennis Finals (Boys),2022,01 Aug to 06 Aug 2022,Clay,Round Robin Group 2,L,1-6 1-6
800679228,800598581.0,Gyeom Do,KOR,2022 ITF World Junior Tennis Finals (Boys),2022,01 Aug to 06 Aug 2022,Clay,Round Robin Group 2,W,6-2 6-3
800679228,800711664.0,Yuma Tobe,JPN,2022 ITF World Junior Tennis Finals (Boys),2022,01 Aug to 06 Aug 2022,Clay,,L,1-6 2-6
800679228,800643947.0,Calum Jestin,RSA,J5 Bulawayo,2022,30 May to 04 Jun 2022,Hard,Semi-final,L,4-6 1-6
800679228,800670362.0,RONAN TASHINGA MTISI,ZIM,J5 Bulawayo,2022,30 May to 04 Jun 2022,Hard,Quarter-final,W,6-1 6-1
800679228,800592033.0,Rayan Sajjid Koothrat,IND,J5 Bulawayo,2022,30 May to 04 Jun 2022,Hard,2nd Round,W,6-4 3-6 7-5
800679228,800661966.0,Nathan Tsaura,ZIM,J5 Bulawayo,2022,30 May to 04 Jun 2022,Hard,1st Round,W,6-1 6-1
800679228,800572820.0,Joseph Townes,RSA,J5 Bulawayo,2022,23 May to 28 May 2022,Hard,2nd Round,L,6-4 2-6 3-6
800679228,800592329.0,Tadiwanashe Mufute,ZIM,J5 Bulawayo,2022,23 May to 28 May 2022,Hard,1st Round,W,6-0 6-0
800679228,800572589.0,James Hart,RSA,J5 Bloemfontein,2022,14 Feb to 18 Feb 2022,Hard,Quarter-final,L,3-6 6-7
800679228,800590947.0,Connor Thomas Doig,RSA,J5 Bloemfontein,2022,14 Feb to 18 Feb 2022,Hard,2nd Round,W,6-3 6-0
800679228,800591164.0,Daniel Calver,RSA,J5 Bloemfontein,2022,07 Feb to 11 Feb 2022,Hard,1st Round,L,4-6 6-4 4-6
800717014,800666194.0,Luka Vujacic,AUS,J5 Perth,2022,16 Nov to 20 Nov 2022,Hard,1st Round,L,4-6 3-6
800717014,800663202.0,Diordan Macababbad,AUS,J5 Adelaide,2022,07 Sep to 11 Sep 2022,Hard,1st Round,L,3-6 0-6
800673676,800523898.0,Petr Leipner,CZE,J5 Prostejov,2022,21 Sep to 25 Sep 2022,Clay,2nd Round,L,2-6 2-6
800673676,800630128.0,Alex Lapsansky,SVK,J5 Prostejov,2022,21 Sep to 25 Sep 2022,Clay,1st Round,W,6-4 4-6 12-10
800720051,800678055.0,Samuel Ramirez Espino,MEX,J4 Monterrey,2022,29 Aug to 03 Sep 2022,Hard,1st Round,L,1-6 2-6
800597641,800548023.0,Robin Reichrath,GER,J3 Neunkirchen,2022,04 Jul to 10 Jul 2022,Clay,1st Round,L,7-5 3-6 3-6
800598680,800809067.0,Patrick Lohmann,GER,J5 Ingelheim,2022,20 Sep to 25 Sep 2022,Clay,1st Round,L,3-6 2-6
800590977,800565803.0,Leon Pauli,JPN,J4 Nonthaburi,2022,24 Oct to 29 Oct 2022,Hard,1st Round,L,3-6 0-6
800590977,800547026.0,Lucas Mock,CAN,J5 Nonthaburi,2022,15 Aug to 20 Aug 2022,Hard,1st Round,L,3-6 3-6
800590977,800635536.0,Sehaj Singh Pawar,IND,J5 Nonthaburi,2022,08 Aug to 13 Aug 2022,Hard,1st Round,L,0-6 4-6
800590977,800707169.0,Veerawit Kamput,THA,J4 Nonthaburi,2022,27 Jun to 02 Jul 2022,Hard,1st Round,L,3-5
800589054,800509382.0,Gabriele Vulpitta,ITA,J3 Haifa,2022,29 Nov to 03 Dec 2022,Hard,1st Round,L,1-6 4-6
800589054,800591354.0,Eldad Atzmon,ISR,J3 Haifa,2022,29 Nov to 03 Dec 2022,Hard,Quarter-final,W,7-6 6-0
800589054,800568054.0,Zohar Yaniv,ISR,J3 Haifa,2022,29 Nov to 03 Dec 2022,Hard,2nd Round,W,7-6 3-6 10-6
800589054,800626828.0,Omer Shamian,ISR,J3 Haifa,2022,29 Nov to 03 Dec 2022,Hard,1st Round,W,6-3 6-1
800589054,800648741.0,Itamar Tapiro,ISR,J5 Ashkelon,2022,06 Sep to 11 Sep 2022,Hard,1st Round,L,0-6 2-6
800589054,800589787.0,Shay Sarfati,FRA,J5 Ashkelon,2022,06 Sep to 11 Sep 2022,Hard,Quarter-final,W,2-6 6-3 10-8
800589054,800590053.0,Snir Morag,ISR,J5 Ashkelon,2022,06 Sep to 11 Sep 2022,Hard,2nd Round,W,6-3 7-5
800589054,800627424.0,Pol Shifer,ISR,J5 Ashkelon,2022,06 Sep to 11 Sep 2022,Hard,1st Round,W,6-2 6-3
800589054,800844381.0,Ofek Sivan,ISR,J5 Tel Aviv,2022,30 Aug to 04 Sep 2022,Hard,Quarter-final,L,6-4 4-6 9-11
800589054,800627424.0,Pol Shifer,ISR,J5 Tel Aviv,2022,30 Aug to 04 Sep 2022,Hard,2nd Round,W,6-3 6-2
800589054,800548528.0,Zachary Habif,USA,J5 Tel Aviv,2022,30 Aug to 04 Sep 2022,Hard,1st Round,W,6-0 6-1
800621604,800506104.0,Andy Allen,AUS,J4 Pszczyna,2022,16 Nov to 20 Nov 2022,Hard,1st Round,L,4-6 2-6
800621604,800535871.0,Glib Sekachov,UKR,J4 Leszno,2022,31 Oct to 06 Nov 2022,Hard,2nd Round,L,1-6 0-6
800621604,800561215.0,Julian Gawlik,POL,J4 Leszno,2022,31 Oct to 06 Nov 2022,Hard,1st Round,W,6-0 6-3
800621604,800527224.0,Izan Almazan Valiente,ESP,J5 Bielsko-Biala,2022,07 Sep to 11 Sep 2022,Clay,1st Round,L,1-6 1-6
800621604,800650552.0,Alexander Gschiel,AUT,J5 Bielsko-Biala,2022,07 Sep to 11 Sep 2022,Clay,Quarter-final,L,3-6 2-6
800621604,800645091.0,Jakub Keiper,POL,J5 Bielsko-Biala,2022,07 Sep to 11 Sep 2022,Clay,2nd Round,W,1-6 6-4 10-8
800621604,800566975.0,Dan Hughes,GBR,J5 Puszczykowo,2022,23 Aug to 28 Aug 2022,Hard,2nd Round,L,4-6 2-6
800621604,800595875.0,Jan Nowacki,POL,J5 Puszczykowo,2022,23 Aug to 28 Aug 2022,Hard,1st Round,W,6-3 6-3
800621604,800506492.0,Antoni Pankowski,POL,J3 Krakow,2022,17 Aug to 21 Aug 2022,Clay,1st Round,L,2-6 4-6
800595606,800503502.0,Carl Labitzke,GER,J5 Stobrec,2022,25 Jul to 29 Jul 2022,Clay,1st Round,L,4-6 5-7
800656237,800678590.0,Maximiliano Naranjo,CHI,J5 Luque,2022,05 Dec to 10 Dec 2022,Clay,1st Round,L,2-6 3-6
800656237,800548651.0,Matheus Zanellato,BRA,J5 Luque,2022,28 Nov to 03 Dec 2022,Clay,1st Round,L,4-6 3-6
800656237,800697720.0,Pedro Henrique Nakamura,BRA,J3 Salvador,2022,26 Sep to 01 Oct 2022,Hard,1st Round,L,3-6 1-6
800656237,800650122.0,MAX KIRMAYR,BRA,J5 Curitiba,2022,11 Jul to 16 Jul 2022,Clay,1st Round,L,7-6 3-6 7-10
800656237,800581064.0,Marco Antonio Calil Silveira,BRA,J4 Londrina,2022,04 Jul to 09 Jul 2022,Clay,1st Round,L,2-6 0-6
800653725,800648396.0,Marko Milosavljevic,SRB,J5 Bulawayo,2022,05 Dec to 10 Dec 2022,Hard,Quarter-final,L,1-6 1-6
800653725,800668652.0,Cuan Western,RSA,J5 Bulawayo,2022,05 Dec to 10 Dec 2022,Hard,2nd Round,W,6-4 6-3
800653725,800707895.0,Makanaka Whata,ZIM,J5 Bulawayo,2022,05 Dec to 10 Dec 2022,Hard,1st Round,W,6-3 6-4
800653725,800691007.0,Mpho Leshoele,LES,J5 Bulawayo,2022,05 Dec to 10 Dec 2022,Hard,Quarter-final,W,6-4 4-6 10-2
800653725,800719576.0,Katlego Masa Regoeng,BOT,J5 Bulawayo,2022,05 Dec to 10 Dec 2022,Hard,2nd Round,W,6-2 6-2
800653725,800648396.0,Marko Milosavljevic,SRB,J5 Bulawayo,2022,28 Nov to 03 Dec 2022,Hard,Quarter-final,L,0-6 3-6
800653725,800653420.0,Thabani Christian Nhokwara,ZIM,J5 Bulawayo,2022,28 Nov to 03 Dec 2022,Hard,2nd Round,W,7-5 6-1
800653725,800668652.0,Cuan Western,RSA,J5 Bulawayo,2022,28 Nov to 03 Dec 2022,Hard,1st Round,W,6-3 6-4
800637149,800565449.0,Sep De Visser,NED,J4 The Hague,2022,05 Jul to 10 Jul 2022,Clay,2nd Round,L,4-6 6-4 9-11
800637149,800683456.0,Timur Waanders,UKR,J4 The Hague,2022,05 Jul to 10 Jul 2022,Clay,1st Round,W,6-1 6-1
800598375,800562544.0,Tudor Batin,ROU,J5 Stavanger,2022,22 Nov to 27 Nov 2022,Hard,2nd Round,L,1-6 0-6
800598375,800585925.0,Lars Oestboe Frafjord,NOR,J5 Stavanger,2022,22 Nov to 27 Nov 2022,Hard,1st Round,W,1-6 6-3 6-4
800598375,800563444.0,Ludwig Hermann,NOR,J4 Bromma,2022,28 Sep to 02 Oct 2022,Hard,1st Round,L,7-5 1-6 6-10
800598375,800513244.0,Yakup Uzunel,DEN,J5 Frederiksberg,2022,12 Sep to 17 Sep 2022,Clay,1st Round,L,7-6 0-6 1-6
800598375,800621791.0,Kristian Brondmo,NOR,J5 Frederiksberg,2022,12 Sep to 17 Sep 2022,Clay,Quarter-final,W,6-2 6-2
800598375,800573690.0,Felix Oscarsson,NOR,J5 Frederiksberg,2022,12 Sep to 17 Sep 2022,Clay,2nd Round,W,6-2 6-4
800598375,800486477.0,Frederik William Nissen Horsten,DEN,J5 Frederiksberg,2022,12 Sep to 17 Sep 2022,Clay,1st Round,W,6-4 5-7 10-8
800598375,800563304.0,Cowen Lau,INA,J5 Kramfors,2022,17 Aug to 21 Aug 2022,Clay,1st Round,L,7-6 4-6 4-6
800703537,800568010.0,Darrshan Suresh Kumar,MAS,J2 Woodbridge 		,2022,12 Apr to 16 Apr 2022,Hard,1st Round,L,1-6 3-6
800625227,800551910.0,Eusebio Andres Diaz Garcia,VEN,J4 Salinas,2022,08 Aug to 13 Aug 2022,Hard,1st Round,L,3-6 2-6
800625227,800581353.0,Bautista Leguizamon,ARG,J5 Quito,2022,18 Jul to 24 Jul 2022,Clay,Quarter-final,L,1-6 3-6
800625227,800586393.0,PABLO RINCON LEURO,COL,J5 Quito,2022,18 Jul to 24 Jul 2022,Clay,1st Round,W,6-4 4-6 10-7
800568131,800560742.0,Cesar Mahecha,COL,J4 Guatemala,2022,14 Nov to 19 Nov 2022,Hard,2nd Round,L,7-6 2-6 3-6
800568131,800659739.0,Santiago Daniel Ovalle Santizo,GUA,J4 Guatemala,2022,14 Nov to 19 Nov 2022,Hard,1st Round,W,6-2 7-5
800568131,800604239.0,Prathinav Chunduru,USA,J4 Santa Tecla,2022,07 Nov to 12 Nov 2022,Hard,Quarter-final,L,6-4 6-7 5-7
800568131,800590323.0,Jigme Balseiro,GUA,J4 Santa Tecla,2022,07 Nov to 12 Nov 2022,Hard,2nd Round,W,6-4 6-1
800568131,800693413.0,Matias Schaeuffler,ESA,J4 Santa Tecla,2022,07 Nov to 12 Nov 2022,Hard,1st Round,W,6-2 6-1
800568131,800588037.0,Alexander Frantzis,USA,J4 Atlanta,2022,17 Oct to 22 Oct 2022,Hard,1st Round,L,4-6 1-6
800568131,800649692.0,Yubel Ubri,USA,J5 Tegucigalpa,2022,12 Sep to 17 Sep 2022,Hard,1st Round,L,6-4 4-6 2-6
800568131,800584135.0,Abhinav Chunduru,USA,J5 Tegucigalpa,2022,05 Sep to 10 Sep 2022,Hard,1st Round,L,5-7 0-6
800568131,800652147.0,Kyle Piqueras,USA,J3 Coral Gables,2022,09 May to 14 May 2022,Clay,1st Round,L,1-6 4-6
800695898,800555487.0,Samuel Heredia,COL,J4 Guatemala,2022,14 Nov to 19 Nov 2022,Hard,1st Round,L,2-6 1-6
800695898,800654354.0,Santiago Perez Barajas,COL,J4 Guatemala,2022,14 Nov to 19 Nov 2022,Hard,Quarter-final,W,6-1 6-0
800695898,800681137.0,Jose Lopez,GUA,J4 Guatemala,2022,14 Nov to 19 Nov 2022,Hard,1st Round,W,6-0 6-0
800695898,800651150.0,Tyler Nguyen,USA,J4 Santa Tecla,2022,07 Nov to 12 Nov 2022,Hard,2nd Round,L,0-6 0-6
800695898,800650872.0,Gabriel Alfaro,ESA,J4 Santa Tecla,2022,07 Nov to 12 Nov 2022,Hard,1st Round,W,6-0 6-1
800628853,800533432.0,Alejandro Bravo Diaz,COL,J4 Arequipa,2022,03 Oct to 08 Oct 2022,Clay,1st Round,L,4-6 4-6
800628853,800562334.0,Lucas Couy,BRA,J5 Arequipa,2022,26 Sep to 01 Oct 2022,Clay,1st Round,L,2-6 6-2 4-6
800628853,800532851.0,Gabriel Lara Gonzales,BOL,J3 La Paz,2022,16 May to 21 May 2022,Clay,1st Round,L,4-6 6-2 7-10
800638730,800681715.0,Remi St-Laurent,CAN,J5 Woodbridge 		,2022,24 Oct to 28 Oct 2022,Hard,1st Round,L,4-6 0-6
800638730,800542865.0,Emmanuel Cottle,CAN,J3 Quebec City	,2022,18 Apr to 23 Apr 2022,Hard,1st Round,L,4-6 4-6
800591208,800510265.0,Boris Barjaktarevic,SLO,J4 Veli Losinj,2022,26 Sep to 02 Oct 2022,Clay,1st Round,L,4-6 7-5 2-6
800656099,800690668.0,Jonatan Santiago Hidalgo,COL,J5 Cundinamarca,2022,02 May to 07 May 2022,Clay,1st Round,L,1-6 3-6
800660623,800574797.0,Nikita Nikolenko,KAZ,J3 Cholpon-Ata,2022,29 Aug to 03 Sep 2022,Hard,1st Round,L,3-6 2-6
800660623,800492007.0,Danir Kaldybekov,KAZ,J4 Cholpon-Ata,2022,23 Aug to 28 Aug 2022,Hard,1st Round,L,1-6 0-6
800660623,800530928.0,Aziz Madatov,UZB,J5 Cholpon-Ata,2022,04 Jul to 09 Jul 2022,Hard,1st Round,L,2-6 2-6
800660623,800504627.0,Ilya Savelev,RUS,J5 Cholpon-Ata,2022,27 Jun to 02 Jul 2022,Hard,1st Round,L,4-6 1-6
800703827,800653886.0,Denzel Romero Leon,CRC,J5 San Jose,2022,28 Nov to 03 Dec 2022,Hard,1st Round,L,5-7 6-4 5-10
800703827,800629083.0,Andres Caceres,CRC,J3 San Jose,2022,02 May to 07 May 2022,Hard,1st Round,L,0-6 0-6
800703827,800538432.0,Bill Chan,SGP,J3 San Jose,2022,25 Apr to 30 Apr 2022,Hard,2nd Round,L,0-6 0-6
800703827,800688550.0,Andres Gerdel,CRC,J3 San Jose,2022,25 Apr to 30 Apr 2022,Hard,1st Round,W,6-4 6-1
800692698,800577292.0,Charles Cornish,FIJ,J5 Lautoka,2022,31 Oct to 05 Nov 2022,Hard,1st Round,L,3-6 1-6
800692698,800631986.0,Sam Simmonds,AUS,J5 Lautoka,2022,26 Oct to 30 Oct 2022,Hard,2nd Round,L,5-7 2-6
800692698,800722905.0,Penia Drauna,FIJ,J5 Lautoka,2022,26 Oct to 30 Oct 2022,Hard,1st Round,W,6-1 6-1
800692698,800673205.0,Abass Kenneh,AUS,J5 Adelaide,2022,14 Sep to 18 Sep 2022,Hard,1st Round,L,1-6 6-1 3-6
800692698,800653253.0,Rudy Thorogood,AUS,J5 Adelaide,2022,14 Sep to 18 Sep 2022,Hard,Quarter-final,W,6-4 3-6 10-7
800692698,800709847.0,CHIN-TAI WU,TPE,J5 Adelaide,2022,14 Sep to 18 Sep 2022,Hard,2nd Round,W,4-6 6-3 10-8
800692698,800707189.0,Jeffrey Strydom,RSA,J5 Adelaide,2022,14 Sep to 18 Sep 2022,Hard,1st Round,W,6-1 6-4
800692698,800653479.0,Minhoon Lee,AUS,J5 Adelaide,2022,07 Sep to 11 Sep 2022,Hard,2nd Round,L,4-6 6-3 6-10
800692698,800693758.0,Ashton McLeod,AUS,J5 Adelaide,2022,07 Sep to 11 Sep 2022,Hard,1st Round,W,7-5 7-6
800692698,800555537.0,Charlie Snow,AUS,J4 Gold Coast,2022,13 Jul to 17 Jul 2022,Hard,1st Round,L,1-6 1-6
800692698,800574792.0,Nicolas Tremblay,AUS,J4 Brisbane,2022,06 Jul to 10 Jul 2022,Hard,Quarter-final,L,2-6 0-6
800692698,800662422.0,Bryce Murphy,AUS,J4 Brisbane,2022,06 Jul to 10 Jul 2022,Hard,2nd Round,W,7-6 6-2
800692698,800680231.0,Miles Phijidvijan,AUS,J4 Brisbane,2022,06 Jul to 10 Jul 2022,Hard,1st Round,W,6-0 6-2
800692698,800592494.0,Christopher Sousou,AUS,J5 Darwin,2022,23 May to 27 May 2022,Hard,1st Round,L,2-6 2-6
800690312,800594965.0,Yuvraj Kashyap,IND,J4 Corpus Christi,2022,26 Sep to 01 Oct 2022,Hard,1st Round,L,2-6 1-6
800690312,800659494.0,William Secord,USA,J5 McKinney,2022,19 Sep to 23 Sep 2022,Hard,2nd Round,L,0-6 0-6
800690312,800540841.0,Max Stollecker,SLO,J5 Doboj,2022,27 Jun to 02 Jul 2022,Clay,1st Round,L,3-6 1-6
800690312,800476755.0,Vanja Petrov,SRB,J5 Niksic,2022,13 Jun to 19 Jun 2022,Clay,1st Round,L,2-6 2-6
800690312,800570977.0,Albert Widell,SWE,J4 Podgorica,2022,23 May to 28 May 2022,Clay,1st Round,L,0-6 0-6
800690312,800514885.0,Dilhan Wasantha,GBR,J5 Bayamon,2022,21 Mar to 26 Mar 2022,Hard,2nd Round,L,0-6 0-6
800690312,800575985.0,Minato Koido,JPN,J4 Bayamón,2022,14 Mar to 19 Mar 2022,Hard,2nd Round,L,6-7 6-3 7-10
800621925,800592033.0,Rayan Sajjid Koothrat,IND,J5 Fujairah,2022,07 Nov to 12 Nov 2022,Hard,2nd Round,L,1-6 0-6
800621925,800620678.0,Bogdans Kozlovs,LAT,J5 Fujairah,2022,07 Nov to 12 Nov 2022,Hard,1st Round,W,6-0 6-1
800621925,800689284.0,Aleksander Kozakiewicz,POL,J5 Fujairah,2022,07 Nov to 12 Nov 2022,Hard,Quarter-final,W,6-0 6-1
800621925,800591223.0,Idhant Kastwar,IND,J5 Fujairah,2022,07 Nov to 12 Nov 2022,Hard,2nd Round,W,6-1 6-3
800621925,800655207.0,Danny Al Barbour,USA,J5 Fujairah,2022,07 Nov to 12 Nov 2022,Hard,1st Round,W,6-0 6-1
800566743,800593296.0,Arsen Tabaldyev,KGZ,J3 Ust-Kamenogorsk,2022,07 Nov to 12 Nov 2022,Carpet,Quarter-final,L,3-6 4-6
800566743,800535092.0,Temirlan Aslan,KAZ,J3 Ust-Kamenogorsk,2022,07 Nov to 12 Nov 2022,Carpet,2nd Round,W,6-4 6-0
800598844,800504623.0,Daniel Prickett,MAS,J5 Selangor,2022,09 Mar to 13 Mar 2022,Hard,1st Round,L,0-6 2-6
800655007,800640484.0,Dhruv Sachdeva,IND,J5 Bhilai,2022,21 Mar to 26 Mar 2022,Hard,2nd Round,L,2-6 2-6
800655007,800579777.0,Rohin Premchandani,IND,J5 Bhilai,2022,21 Mar to 26 Mar 2022,Hard,1st Round,W,6-2 6-3
800725608,800636360.0,Nathan Germino,USA,J4 Atlanta,2022,17 Oct to 22 Oct 2022,Hard,1st Round,L,4-6 2-6
800723513,800706705.0,Judah McEachern-Brown,CAN,J4 Lexington,2022,24 Oct to 29 Oct 2022,Hard,1st Round,L,4-6 1-6
800645720,800535869.0,Nathan Slattery,IRL,J5 Wrexham,2022,24 May to 28 May 2022,Hard,1st Round,L,2-6 5-7
800701531,800682465.0,Trevor Svajda,USA,J5 San Diego,2022,14 Nov to 18 Nov 2022,Hard,1st Round,L,1-6 0-6
800701531,800657263.0,Robert Freedman,USA,J5 San Diego,2022,14 Nov to 18 Nov 2022,Hard,2nd Round,L,2-6 1-4
800701531,800701620.0,Nav Dayal,USA,J5 San Diego,2022,14 Nov to 18 Nov 2022,Hard,1st Round,W,6-2 6-0
800575078,800622992.0,Kotaro Matsumura,JPN,J5 Matsuyama,2022,07 Dec to 11 Dec 2022,Hard,2nd Round,L,0-6 0-6
800575078,800667709.0,TAKUMI SAITO,JPN,J5 Matsuyama,2022,07 Dec to 11 Dec 2022,Hard,1st Round,W,6-1 6-0
800713095,800594501.0,Ferdinand Livet Novkirichka,FRA,J5 Sidi Kacem,2022,28 Nov to 03 Dec 2022,Clay,1st Round,L,4-6 4-6
800713095,800602334.0,Fernando Garcia Seeber,IRL,J5 Meknes,2022,21 Nov to 26 Nov 2022,Clay,1st Round,L,2-6 4-6
800713095,800682247.0,Lucas Ibanez Martinez,ESP,J5 Oujda,2022,14 Nov to 19 Nov 2022,Clay,1st Round,L,2-6 1-6
800713095,800654163.0,Adam Moumar,MAR,J5 Casablanca,2022,24 Oct to 29 Oct 2022,Clay,Quarter-final,L,0-6
800713095,800629136.0,Ali Lahrichi,MAR,J5 Casablanca,2022,24 Oct to 29 Oct 2022,Clay,2nd Round,W,6-2 6-3
800713095,800679768.0,Mahmoud AKNIN,MAR,J5 Casablanca,2022,24 Oct to 29 Oct 2022,Clay,1st Round,W,6-1 6-0
800713095,800530698.0,Ilyas Kouchairi,MAR,J4 Rabat,2022,17 Oct to 22 Oct 2022,Clay,1st Round,L,2-6 1-6
800713095,800654163.0,Adam Moumar,MAR,J4 Casablanca,2022,10 Oct to 15 Oct 2022,Clay,1st Round,L,0-6 0-6
800713095,800678621.0,John Bothma,RSA,2022 ITF World Junior Tennis Finals (Boys),2022,01 Aug to 06 Aug 2022,Clay,Round Robin Group 2,L,6-3 3-6 3-6
800713095,800630024.0,Lucas Martin Velasco,COL,2022 ITF World Junior Tennis Finals (Boys),2022,01 Aug to 06 Aug 2022,Clay,,L,0-6 2-6
800600513,800595178.0,Henry Bernet,SUI,J5 Leimen,2022,08 Nov to 13 Nov 2022,Hard,1st Round,L,0-6 1-6
800600513,800673398.0,Jan Rosicky,CZE,J5 Berlin,2022,01 Nov to 06 Nov 2022,Hard,1st Round,L,3-6 5-7
800600513,800573171.0,Fredrik Krogh Solheim,NOR,J4 Vierumaki,2022,25 Oct to 30 Oct 2022,Hard,2nd Round,L,0-6 4-6
800600513,800535007.0,Max Alopaeus,FIN,J4 Vierumaki,2022,25 Oct to 30 Oct 2022,Hard,1st Round,W,6-2 7-5
800600513,800486204.0,Juho Eric Biggs,FIN,J5 Nastola,2022,18 Oct to 23 Oct 2022,Hard,1st Round,L,1-6 0-6
800600513,800497780.0,Noah Mueller,GER,J4 Hannover,2022,05 Sep to 10 Sep 2022,Clay,2nd Round,L,5-7 2-6
800600513,800584104.0,Gautam S Venkatraman,IND,J4 Hannover,2022,05 Sep to 10 Sep 2022,Clay,1st Round,W,6-2 6-0
800672359,800600744.0,Kiran Krish,AUS,J5 Perth,2022,16 Nov to 20 Nov 2022,Hard,1st Round,L,2-6 2-6
800672359,800635382.0,Finn Burridge,NZL,J3 Christchurch,2022,11 Oct to 15 Oct 2022,Hard,1st Round,L,1-6 2-6
800672359,800653294.0,Alex Morris,AUS,J3 Auckland,2022,03 Oct to 07 Oct 2022,Hard,1st Round,L,3-6 2-6
800672359,800663202.0,Diordan Macababbad,AUS,J5 Auckland,2022,26 Sep to 30 Sep 2022,Hard,1st Round,L,3-6 1-6
800699052,800560952.0,Matias Hoyos,COL,J4 Boca Raton,2022,31 Oct to 05 Nov 2022,Hard,1st Round,L,4-6 6-4 7-10
800699052,800604490.0,Gal Bar On Monroy,ARG,J5 Christiansted,2022,09 May to 14 May 2022,Hard,1st Round,L,2-6 6-7
800567042,800656060.0,Mauro Espinosa Flores,ESP,J5 Silla-Saladar,2022,01 Nov to 05 Nov 2022,Clay,1st Round,L,4-6 2-6
800567042,800560716.0,Jaime Galligo Subirana,ESP,J5 La Nucia,2022,24 Oct to 29 Oct 2022,Clay,1st Round,L,3-6 3-6
800567042,800512669.0,Yanik Maarsen,NED,J4 Hillegom,2022,12 Jul to 17 Jul 2022,Clay,1st Round,L,4-6 2-6
800567042,800573622.0,Thomas Schouten,NED,J4 The Hague,2022,05 Jul to 10 Jul 2022,Clay,1st Round,L,4-6 2-6
800591127,800541608.0,Jay Johnson-Hauldren,GBR,J5 Loughborough,2022,12 Sep to 16 Sep 2022,Hard,1st Round,L,4-6 0-6
800591127,800588594.0,Luke Hoyland,GBR,J5 Loughborough,2022,12 Sep to 16 Sep 2022,Hard,Quarter-final,W,6-3 6-3
800591127,800653254.0,Matthew Upton,GBR,J5 Loughborough,2022,12 Sep to 16 Sep 2022,Hard,2nd Round,W,6-0 3-1
800591127,800573170.0,Harry Lumb,GBR,J5 Loughborough,2022,12 Sep to 16 Sep 2022,Hard,1st Round,W,6-4 7-6
800589341,800591354.0,Eldad Atzmon,ISR,J5 Ashkelon,2022,06 Sep to 11 Sep 2022,Hard,2nd Round,L,1-6 0-6
800589341,800591170.0,Ilay Haim,ISR,J5 Ashkelon,2022,06 Sep to 11 Sep 2022,Hard,1st Round,W,7-5 5-7 10-6
800589341,800589787.0,Shay Sarfati,FRA,J5 Tel Aviv,2022,30 Aug to 04 Sep 2022,Hard,2nd Round,L,1-6 3-6
800589341,800648739.0,Maayan Lotan,ISR,J5 Tel Aviv,2022,30 Aug to 04 Sep 2022,Hard,1st Round,W,6-2 6-4
800699576,800654599.0,bardia sharifi,IRI,J5 Shiraz,2022,24 Oct to 29 Oct 2022,Clay,1st Round,L,5-7 5-7
800699576,800477531.0,Leonid Poliakov,RUS,J5 Isfahan,2022,18 Jul to 23 Jul 2022,Clay,2nd Round,L,2-6 1-6
800699576,800667557.0,Amir mahmoudi,IRI,J5 Isfahan,2022,18 Jul to 23 Jul 2022,Clay,1st Round,W,6-3 6-1
800699576,800665751.0,Soheil Hemmati,IRI,J5 Isfahan,2022,18 Jul to 23 Jul 2022,Clay,Quarter-final,W,6-4 6-4
800699576,800550498.0,Shervin RostamiKHanghahi,IRI,J5 Isfahan,2022,18 Jul to 23 Jul 2022,Clay,2nd Round,W,6-4 6-4
800699576,800693071.0,Armin Gandomani,IRI,J5 Isfahan,2022,18 Jul to 23 Jul 2022,Clay,1st Round,W,6-2 6-2
800699576,800540833.0,Ege Topkoc,TUR,J4 Tehran,2022,11 Jul to 16 Jul 2022,Clay,1st Round,L,4-6 2-6
800699576,800640499.0,amirparsa molaeipour,IRI,J3 Tehran,2022,16 May to 21 May 2022,Clay,2nd Round,L,4-6 4-6
800699576,800674668.0,Kourosh Sodavi,IRI,J3 Tehran,2022,16 May to 21 May 2022,Clay,1st Round,W,6-0 6-0
800699576,800555576.0,Amirali Bahaedin,IRI,J3 Tehran,2022,09 May to 14 May 2022,Clay,1st Round,L,4-6 7-6 1-10
800716657,800710462.0,David Madero,USA,J5 Llanos de Curundu,2022,21 Nov to 26 Nov 2022,Clay,1st Round,L,1-6 3-6
800716657,800578726.0,Tomas Leguizamon Chaves,COL,J5 Llanos de Curundu,2022,29 Aug to 03 Sep 2022,Clay,1st Round,L,1-6 1-6
800746221,800728018.0,Alioum Salaoudine,CMR,J5 Yaoundé,2022,14 Nov to 19 Nov 2022,Hard,1st Round,L,4-6 1-6
800746221,800664615.0,Cabrel Jordan KENFACK AZANKIA,CMR,J5 Yaoundé,2022,07 Nov to 12 Nov 2022,Hard,Quarter-final,L,3-6 1-6
800746221,800727957.0,Steve Mbog,CMR,J5 Yaoundé,2022,07 Nov to 12 Nov 2022,Hard,2nd Round,W,7-5 6-2
800746221,800629086.0,Harrison Gradin,SWE,J5 Douala,2022,12 Apr to 17 Apr 2022,Hard,1st Round,L,1-6 0-6
800746221,800570271.0,Paterne Kouadio,CIV,J5 Douala,2022,05 Apr to 10 Apr 2022,Hard,1st Round,L,3-6 4-6
800590424,800555092.0,Louis Chusseau,FRA,J5 Ponts de Ce,2022,10 Oct to 15 Oct 2022,Hard,1st Round,L,2-6 1-6
800590424,800561771.0,Laurendi Fischer,FRA,J5 Honfleur,2022,03 Oct to 08 Oct 2022,Hard,2nd Round,L,2-6 5-7
800590424,800586453.0,Nais Dridi,FRA,J5 Honfleur,2022,03 Oct to 08 Oct 2022,Hard,1st Round,W,0-6 6-2 10-6
800720740,800575862.0,Diego Duran,ESA,J4 Guatemala,2022,14 Nov to 19 Nov 2022,Hard,1st Round,L,2-6 1-6
800720740,800696941.0,Tomas Satizabal Botero,COL,J4 Guatemala,2022,14 Nov to 19 Nov 2022,Hard,Quarter-final,W,6-3 6-2
800720740,800656336.0,Hugo Gomez Luna,GUA,J4 Guatemala,2022,14 Nov to 19 Nov 2022,Hard,1st Round,W,6-3 6-0
800602589,800603057.0,Sergi Fita Juan,ESP,J5 La Nucia,2022,24 Oct to 29 Oct 2022,Clay,1st Round,L,1-6 1-6
800630695,800537384.0,Zaid Mashni,JOR,J5 Amman (Closed),2022,05 Dec to 09 Dec 2022,Hard,Quarter-final,L,3-6 6-3 3-6
800630695,800730230.0,Karim Masri,JOR,J5 Amman (Closed),2022,05 Dec to 09 Dec 2022,Hard,2nd Round,W,6-1 6-3
800630695,800504960.0,Mohammad ALKOTOP,JOR,J5 Amman (Closed),2022,28 Nov to 02 Dec 2022,Hard,Quarter-final,L,0-6 2-6
800630695,800709576.0,Yousef Alissawi,JOR,J5 Amman (Closed),2022,28 Nov to 02 Dec 2022,Hard,2nd Round,W,6-1 6-2
800630695,800622259.0,Armand Garabedian,LBN,J5 Amman,2022,27 Jun to 02 Jul 2022,Hard,1st Round,L,6-7 3-6
800630695,800593918.0,Mohammed Al-Shammari,IRQ,J5 Amman,2022,20 Jun to 25 Jun 2022,Hard,1st Round,L,5-7 6-2 4-10
800576418,800562843.0,Nils Pottbecker,GER,J5 Portimao,2022,03 Oct to 09 Oct 2022,Hard,2nd Round,L,2-6 2-6
800576418,800656060.0,Mauro Espinosa Flores,ESP,J4 Estepona,2022,20 Sep to 25 Sep 2022,Hard,1st Round,L,4-6 2-6
800666087,800572099.0,Chang Min Ryu,KOR,JB1 Osan - Asia Closed,2022,31 Oct to 06 Nov 2022,Hard,1st Round,L,3-6 4-6
800620678,800594865.0,William Dean,USA,J4 Dubai,2022,14 Nov to 19 Nov 2022,Hard,2nd Round,L,4-6 6-1 4-10
800620678,800692707.0,Sahil Uberoi,IND,J4 Dubai,2022,14 Nov to 19 Nov 2022,Hard,1st Round,W,6-3 6-1
800620678,800621925.0,Matija Putic,SRB,J5 Fujairah,2022,07 Nov to 12 Nov 2022,Hard,1st Round,L,0-6 1-6
800620678,800716640.0,Jyle Daniel Landicho,PHI,J5 Fujairah,2022,07 Nov to 12 Nov 2022,Hard,Quarter-final,W,6-0 6-2
800620678,800698129.0,Diyaan Chheda,IND,J5 Fujairah,2022,07 Nov to 12 Nov 2022,Hard,2nd Round,W,6-4 6-3
800620678,800695913.0,PAVAN GANESH B C,IND,J5 Al Zahra,2022,26 Sep to 02 Oct 2022,Hard,1st Round,L,6-4 2-6 6-10
800645574,800523228.0,Ilie Cazac,MDA,J5 Varna,2022,30 Aug to 04 Sep 2022,Clay,2nd Round,L,3-6 1-6
800645574,800599350.0,Juchan Hwang,KOR,2022 ITF World Junior Tennis Finals (Boys),2022,01 Aug to 06 Aug 2022,Clay,,W,6-3 7-6
800645574,800569536.0,Diego Dedura-Palomero,GER,2022 ITF World Junior Tennis Finals (Boys),2022,01 Aug to 06 Aug 2022,Clay,,L,4-6 0-6
800645574,800589300.0,Svit Suljic,SLO,2022 ITF World Junior Tennis Finals (Boys),2022,01 Aug to 06 Aug 2022,Clay,,L,1-6 3-6
800572939,800556980.0,Aly El Rafie,EGY,J4 Damour,2022,05 Sep to 10 Sep 2022,Clay,1st Round,L,2-6 2-6
800648125,800543106.0,Kacper Szymkowiak,POL,J3 Prague,2022,24 Aug to 28 Aug 2022,Clay,1st Round,L,1-6 0-6
800648125,800595066.0,Lucas Yunez,ECU,2022 ITF World Junior Tennis Finals (Boys),2022,01 Aug to 06 Aug 2022,Clay,,L,4-6 5-7
800648125,800586807.0,Camil Guessous,MAR,2022 ITF World Junior Tennis Finals (Boys),2022,01 Aug to 06 Aug 2022,Clay,,W,2-6 6-4 6-3
800648125,800589300.0,Svit Suljic,SLO,2022 ITF World Junior Tennis Finals (Boys),2022,01 Aug to 06 Aug 2022,Clay,Round Robin Group 3,L,5-7 3-6
800648125,800657117.0,Keaton Hance,USA,2022 ITF World Junior Tennis Finals (Boys),2022,01 Aug to 06 Aug 2022,Clay,Round Robin Group 3,L,6-4 1-6 1-6
800578174,800526478.0,Niels Villard,FRA,J5 Saint Denis,2022,24 Oct to 30 Oct 2022,Clay,Semi-final,L,1-6 1-6
800578174,800563793.0,Rurik Rajini,IND,J5 Saint Denis,2022,24 Oct to 30 Oct 2022,Clay,Quarter-final,W,6-3 6-0
800578174,800725334.0,Evann Dupuy,FRA,J5 Saint Denis,2022,24 Oct to 30 Oct 2022,Clay,2nd Round,W,4-6 6-3 6-4
800578174,800594137.0,Zhi-Yan Pontiac Kwan Tat,FRA,J5 Saint Denis,2022,24 Oct to 30 Oct 2022,Clay,1st Round,W,1-0
800578174,800526478.0,Niels Villard,FRA,J5 Saint Paul,2022,17 Oct to 23 Oct 2022,Hard,Semi-final,L,1-6 6-3 1-6
800578174,800573024.0,Jules Alias,FRA,J5 Saint Paul,2022,17 Oct to 23 Oct 2022,Hard,Quarter-final,W,6-2 6-2
800578174,800694444.0,Sacha Lefebure,FRA,J5 Saint Paul,2022,17 Oct to 23 Oct 2022,Hard,2nd Round,W,6-4 6-1
800578174,800725334.0,Evann Dupuy,FRA,J5 Saint Paul,2022,17 Oct to 23 Oct 2022,Hard,1st Round,W,6-3 6-4
800578174,800572397.0,Tristan BERARD,FRA,J5 Honfleur,2022,03 Oct to 08 Oct 2022,Hard,Quarter-final,L,1-6 2-6
800578174,800536006.0,Hugo De Grande,FRA,J5 Honfleur,2022,03 Oct to 08 Oct 2022,Hard,1st Round,W,6-4 6-4
800578174,800540730.0,Edoardo Santoni,ITA,J4 Dijon,2022,29 Aug to 03 Sep 2022,Clay,1st Round,L,2-6 5-7
800578174,800575875.0,Ethan Dasset,BEL,J5 Hasselt,2022,01 Aug to 06 Aug 2022,Clay,1st Round,L,3-6 3-6
800578174,800562270.0,Damien Treil,FRA,J5 Le Diamant,2022,18 Apr to 23 Apr 2022,Hard,2nd Round,L,6-2 6-7 4-6
800578174,800626416.0,Noah Riccitelli,SUI,J5 Le Diamant,2022,18 Apr to 23 Apr 2022,Hard,1st Round,W,6-0 6-0
800578174,800651427.0,Nicholas Reeves,USA,J5 Saint-Francois,2022,12 Apr to 17 Apr 2022,Hard,Quarter-final,L,4-6 4-6
800578174,800652560.0,Nicolas Iantosca,USA,J5 Saint-Francois,2022,12 Apr to 17 Apr 2022,Hard,2nd Round,W,6-3 6-3
800578174,800561512.0,Nils Guyot,GLP,J5 Saint-Francois,2022,12 Apr to 17 Apr 2022,Hard,1st Round,W,2-6 6-0 7-5
800592848,800547881.0,Alexandru Stefan Gall,ROU,J5 Bucharest,2022,23 Aug to 28 Aug 2022,Clay,1st Round,L,4-6 5-7
800589794,800565504.0,Alvar Lange,SWE,J5 Kramfors,2022,17 Aug to 21 Aug 2022,Clay,2nd Round,L,2-6 1-6
800589794,800639003.0,Ilias Vantolas,SWE,J5 Kramfors,2022,17 Aug to 21 Aug 2022,Clay,1st Round,W,6-2 6-0
800573636,800570299.0,Oskar Szymczak,POL,J3 Leszno,2022,05 Dec to 11 Dec 2022,Hard,1st Round,L,1-6 3-6
800573636,800672169.0,Piotr Voigt,POL,J4 Leszno,2022,28 Nov to 04 Dec 2022,Hard,1st Round,L,4-6 3-6
800712817,800576318.0,Alex Matthew Fernandez,ESP,J5 Sidi Kacem,2022,28 Nov to 03 Dec 2022,Clay,1st Round,L,0-6 6-7
800712817,800589066.0,Ilyes Filali Tarass,MAR,J5 Oujda,2022,14 Nov to 19 Nov 2022,Clay,Quarter-final,L,3-6 2-6
800712817,800728471.0,Maximilian Maria Pacetti Smith,ITA,J5 Oujda,2022,14 Nov to 19 Nov 2022,Clay,2nd Round,W,7-6 6-1
800712817,800523820.0,Ramy El Shoubaki,MAR,J5 Casablanca,2022,24 Oct to 29 Oct 2022,Clay,1st Round,L,4-6 1-6
800712817,800530698.0,Ilyas Kouchairi,MAR,J4 Rabat,2022,17 Oct to 22 Oct 2022,Clay,2nd Round,L,0-6 1-6
800712817,800700376.0,Mehdi Ezziate,MAR,J4 Rabat,2022,17 Oct to 22 Oct 2022,Clay,1st Round,W,6-2 6-0
800712817,800639841.0,GHALI KOMAT,MAR,J4 Casablanca,2022,10 Oct to 15 Oct 2022,Clay,1st Round,L,6-3 2-6 6-10
800696673,800678894.0,Christiaan Van Rooyen,RSA,J5 Bloemfontein,2022,07 Feb to 11 Feb 2022,Hard,Quarter-final,L,0-6 0-6
800670528,800598721.0,Louis Maha Viro Deo Tarigan,INA,J5 Jakarta,2022,11 Oct to 16 Oct 2022,Hard,Quarter-final,L,4-6 1-6
800670528,800670505.0,Joseph Owen Lauw,INA,J5 Jakarta,2022,11 Oct to 16 Oct 2022,Hard,2nd Round,W,6-3 2-0
800670528,800670513.0,Matthew Bradley Listijadhi,INA,J5 Jakarta,2022,11 Oct to 16 Oct 2022,Hard,1st Round,W,6-3 6-2
800670528,800588659.0,Minghui Zhang,CHN,J4 Jakarta,2022,04 Jul to 09 Jul 2022,Hard,1st Round,L,0-6 2-6
800670528,800709217.0,M Rizky Varrellito,INA,J4 Jakarta,2022,28 Jun to 03 Jul 2022,Hard,1st Round,L,3-6 3-6
800670528,800694592.0,Jy Hibbert,AUS,J5 Yogyakarta,2022,23 May to 28 May 2022,Hard,3rd Round,L,2-6 1-6
800670528,800671279.0,Jesua Marchello Beauchamp Tahu,INA,J5 Yogyakarta,2022,23 May to 28 May 2022,Hard,2nd Round,W,6-2 7-5
800670528,800705146.0,Rezel Kala Mornee Kanigoro,INA,J5 Yogyakarta,2022,23 May to 28 May 2022,Hard,1st Round,W,6-3 6-1
800670528,800625099.0,Putu Agassi Pranata Nida,INA,J5 Yogyakarta,2022,16 May to 21 May 2022,Hard,2nd Round,L,2-6 4-6
800642990,800576778.0,Adrian Reyes Sotomayor,PER,J5 La Paz,2022,21 Mar to 26 Mar 2022,Clay,1st Round,L,6-7 0-6
800642990,800571704.0,Leonardo Lopez Aliaga,BOL,J5 Santa Cruz,2022,07 Mar to 12 Mar 2022,Clay,1st Round,L,4-6 3-6
800668138,800541834.0,Kacper Krolikowski,POL,J4 Pszczyna,2022,16 Nov to 20 Nov 2022,Hard,2nd Round,L,5-7 3-6
800668138,800566071.0,Denis Krakovsky,CZE,J4 Pszczyna,2022,16 Nov to 20 Nov 2022,Hard,1st Round,W,6-2 6-1
800668138,800520440.0,Mateusz Lambert,POL,J3 Krakow,2022,17 Aug to 21 Aug 2022,Clay,1st Round,L,1-6 2-6
800665486,800587195.0,Ivan Iutkin,RUS,J3 Tashkent,2022,24 Oct to 29 Oct 2022,Hard,2nd Round,L,6-7 0-6
800665486,800492007.0,Danir Kaldybekov,KAZ,J3 Tashkent,2022,24 Oct to 29 Oct 2022,Hard,1st Round,W,7-6 1-0
800665486,800574797.0,Nikita Nikolenko,KAZ,J3 Tashkent,2022,24 Oct to 29 Oct 2022,Hard,2nd Round,W,6-2 7-5
800665486,800601949.0,Arkhip Tokmakov,RUS,J3 Tashkent,2022,24 Oct to 29 Oct 2022,Hard,1st Round,W,6-1 2-6 10-7
800589063,800581327.0,James Lammas,IRL,J5 Vale do Lobo,2022,10 Oct to 16 Oct 2022,Hard,1st Round,L,3-6 2-6
800589063,800632644.0,Cyprien Cottin,FRA,J5 Portimao,2022,03 Oct to 09 Oct 2022,Hard,2nd Round,L,1-6 1-6
800693674,800548176.0,Ethan Denzel Sibanda,ZIM,J1 Durban,2022,02 Aug to 06 Aug 2022,Hard,2nd Round,L,0-6 0-6
800693674,800599405.0,Franswillem Van Der Merwe,RSA,J5 Durban,2022,24 Jan to 28 Jan 2022,Hard,2nd Round,L,0-6 0-6
800693674,800650635.0,Faheem Paruk,RSA,J5 Durban,2022,24 Jan to 28 Jan 2022,Hard,1st Round,W,6-0 6-1
800598185,800566155.0,Sandro Witschi,SUI,J5 Stavanger,2022,22 Nov to 27 Nov 2022,Hard,1st Round,L,4-6 4-6
800598185,800590495.0,Andreas Ursin Nygaard,NOR,J5 Nastola,2022,18 Oct to 23 Oct 2022,Hard,1st Round,L,3-6 0-6
800598185,800568658.0,Ignas Grusnius,LTU,J4 Kaarina,2022,01 Aug to 06 Aug 2022,Clay,1st Round,L,4-6 7-6 1-10
800570885,800513569.0,Mahmut Bera Binici,TUR,J5 Isfahan,2022,18 Jul to 23 Jul 2022,Clay,1st Round,L,2-6 0-6
800570885,800555576.0,Amirali Bahaedin,IRI,J4 Tehran,2022,11 Jul to 16 Jul 2022,Clay,2nd Round,L,2-6 3-6
800570885,800552888.0,Mohammad parsa Afsari,IRI,J5 Urmia,2022,20 Jun to 25 Jun 2022,Clay,2nd Round,L,3-6 6-3 2-6
800570885,800631830.0,DREEK SAHA,IND,J5 Urmia,2022,20 Jun to 25 Jun 2022,Clay,1st Round,W,3-6 6-2 6-1
800570885,800527103.0,Amirreza Armioun,IRI,J5 Karaj,2022,13 Jun to 18 Jun 2022,Clay,2nd Round,L,3-6 3-6
800570885,800693225.0,Parham Siavash,IRI,J4 Kish Island,2022,31 Jan to 05 Feb 2022,Clay,1st Round,W,6-0 6-1
800570885,800553386.0,Parsa Ashjari,IRI,J4 Kish Island,2022,31 Jan to 05 Feb 2022,Clay,Quarter-final,L,0-6 4-6
800570885,800692102.0,Younes Malekpoor,IRI,J4 Kish Island,2022,31 Jan to 05 Feb 2022,Clay,2nd Round,W,6-3 6-1
800638992,800688533.0,Lucca Benoit,CAN,J3 Quebec City	,2022,19 Sep to 24 Sep 2022,Hard,1st Round,L,1-6 4-6
800638992,800686438.0,Jacob Rouleau-Mailly,CAN,J5 Montreal,2022,09 May to 13 May 2022,Hard,1st Round,L,7-5 1-6 8-10
800638992,800682292.0,Zackary Kimelman,CAN,J4 Burlington,2022,02 May to 07 May 2022,Hard,1st Round,L,1-6 6-0 0-10
800574864,800572613.0,Markus Valtson,EST,J5 Aizkraukle,2022,26 Sep to 01 Oct 2022,Carpet,Quarter-final,L,3-6 2-6
800574864,800593281.0,Aleksandrs Curkins,LAT,J5 Aizkraukle,2022,26 Sep to 01 Oct 2022,Carpet,2nd Round,W,6-7 7-6 10-5
800574864,800597357.0,Tymofii Karpaliuk,UKR,J3 Liepaja,2022,29 Aug to 02 Sep 2022,Clay,1st Round,L,7-6 4-6 7-10
800670194,800588659.0,Minghui Zhang,CHN,J4 Jakarta,2022,28 Jun to 03 Jul 2022,Hard,2nd Round,L,0-6 1-6
800670194,800707068.0,Muhammad Faiz Habibi Rizqi Mahendra Mahendra,INA,J4 Jakarta,2022,28 Jun to 03 Jul 2022,Hard,1st Round,W,5-7 6-4 10-7
800670194,800563793.0,Rurik Rajini,IND,J5 Yogyakarta,2022,23 May to 28 May 2022,Hard,1st Round,L,0-6 2-6
800706325,800688513.0,Xavier Massotte,CAN,J5 Woodbridge 		,2022,24 Oct to 28 Oct 2022,Hard,Quarter-final,L,1-6 0-6
800706325,800688533.0,Lucca Benoit,CAN,J5 Woodbridge 		,2022,24 Oct to 28 Oct 2022,Hard,2nd Round,W,6-3 6-1
800706325,800705223.0,Filip Popadich,CAN,J5 Woodbridge 		,2022,24 Oct to 28 Oct 2022,Hard,1st Round,W,6-2 6-0
800706325,800688513.0,Xavier Massotte,CAN,J3 Quebec City	,2022,19 Sep to 24 Sep 2022,Hard,1st Round,L,3-6 5-7
800666190,800597663.0,Jeong Won Kwon,KOR,JB1 Osan - Asia Closed,2022,31 Oct to 06 Nov 2022,Hard,1st Round,L,3-6 3-6
800693872,800602235.0,Andres Rendon,ESA,J4 Guatemala,2022,14 Nov to 19 Nov 2022,Hard,1st Round,L,2-6 2-6
800693872,800575862.0,Diego Duran,ESA,J4 Santa Tecla,2022,07 Nov to 12 Nov 2022,Hard,1st Round,L,2-6 5-7
800693872,800709808.0,Bernardo Lopez,GUA,J4 Santa Tecla,2022,07 Nov to 12 Nov 2022,Hard,Quarter-final,W,6-0 6-0
800693872,800696859.0,Sebastian Jose Pineda Menjivar,ESA,J4 Santa Tecla,2022,07 Nov to 12 Nov 2022,Hard,1st Round,W,6-2 6-1
800693872,800582785.0,Bernardo Munk Mesa,ESP,J5 Guatemala,2022,13 Jun to 18 Jun 2022,Hard,1st Round,L,0-6 1-6
800693872,800575985.0,Minato Koido,JPN,J4 Santa Tecla,2022,30 May to 04 Jun 2022,Hard,1st Round,L,2-6 3-6
800693872,800627825.0,Cesar Cruz,ESA,J5 Tegucigalpa,2022,04 Apr to 09 Apr 2022,Hard,1st Round,L,0-6 1-6
800693872,800590750.0,Cristian Pemueller,GUA,J5 Tegucigalpa,2022,28 Mar to 02 Apr 2022,Hard,Quarter-final,L,3-6 4-6
800693872,800675410.0,Jorge Mayorga,COL,J5 Tegucigalpa,2022,28 Mar to 02 Apr 2022,Hard,2nd Round,W,6-0 6-1
800693872,800581592.0,Hans Frederick Niehorster,HON,J5 Tegucigalpa,2022,28 Mar to 02 Apr 2022,Hard,1st Round,W,6-3 4-6 10-2
800724522,800708478.0,Kensuke Kobayashi,JPN,J5 Matsuyama,2022,07 Dec to 11 Dec 2022,Hard,1st Round,L,3-6 2-6
800724522,800652221.0,Naoki Watanabe,JPN,J5 Gifu,2022,30 Nov to 04 Dec 2022,Hard,1st Round,L,4-6 2-6
800724522,800677231.0,maki takei,JPN,J5 Chigasaki,2022,23 Nov to 27 Nov 2022,Carpet,1st Round,L,2-6 3-6
800724522,800652221.0,Naoki Watanabe,JPN,J5 Yamanashi,2022,16 Nov to 20 Nov 2022,Clay,2nd Round,L,4-6 1-6
800724522,800683881.0,Noa Hoshino,JPN,J5 Yamanashi,2022,16 Nov to 20 Nov 2022,Clay,1st Round,W,6-2 6-1
800654081,800521296.0,Demid Gorbachev,KAZ,J3 Ust-Kamenogorsk,2022,07 Nov to 12 Nov 2022,Carpet,2nd Round,L,2-6 4-6
800652275,800596437.0,Patrik Petera,CZE,J5 Managua,2022,26 Sep to 01 Oct 2022,Hard,1st Round,L,5-7 1-6
800652636,800654432.0,Jose David Tobar Sanchez,COL,J4 Armenia,2022,28 Nov to 02 Dec 2022,Clay,1st Round,L,1-6 2-6
800652636,800621819.0,Juan Jose Vallejo Nieto,COL,J2 Bogotá,2022,18 Jul to 24 Jul 2022,Clay,1st Round,L,3-6 6-0 7-10
800652636,800645496.0,Ian Miller,USA,J3 Medellin,2022,11 Jul to 16 Jul 2022,Clay,2nd Round,L,3-6 1-6
800652636,800602823.0,Manue Londono,COL,J3 Medellin,2022,11 Jul to 16 Jul 2022,Clay,1st Round,W,6-2 3-6 15-13
800635443,800588957.0,Ahmed Elkarmoty,EGY,J5 Antananarivo,2022,03 Oct to 09 Oct 2022,Clay,2nd Round,L,1-6 0-6
800635443,800664540.0,Pietro Arci,ITA,J5 Antananarivo,2022,03 Oct to 09 Oct 2022,Clay,1st Round,W,6-4 1-6 7-5
800635443,800603229.0,Aly Ahmed Noureldine,EGY,J5 Antananarivo,2022,26 Sep to 02 Oct 2022,Clay,Quarter-final,L,3-6 5-7
800635443,800552742.0,Jake Lam Hau Ching,MRI,J5 Antananarivo,2022,26 Sep to 02 Oct 2022,Clay,2nd Round,W,6-4 6-3
800635443,800651588.0,Jayanth Tammineedi,IND,J5 Antananarivo,2022,26 Sep to 02 Oct 2022,Clay,1st Round,W,6-0 6-1
800682953,800540833.0,Ege Topkoc,TUR,J5 Jeddah,2022,21 Nov to 26 Nov 2022,Hard,2nd Round,L,0-6 1-6
800682953,800726157.0,Abdulaziz Alandijani,KSA,J5 Jeddah,2022,21 Nov to 26 Nov 2022,Hard,1st Round,W,6-1 6-0
800682953,800584263.0,Sattam Moafa,KSA,J5 Jeddah,2022,21 Nov to 26 Nov 2022,Hard,Quarter-final,W,5-7 6-3 10-4
800682953,800725825.0,Mohammed Haily,KSA,J5 Jeddah,2022,21 Nov to 26 Nov 2022,Hard,1st Round,W,6-1 6-1
800682953,800569599.0,Vineeth Mutyala,IND,J4 Isa Town,2022,07 Nov to 13 Nov 2022,Hard,2nd Round,L,1-6 1-6
800682953,800632740.0,Vishnu Balachandar,USA,J4 Isa Town,2022,07 Nov to 13 Nov 2022,Hard,1st Round,W,6-1 6-0
800682953,800593258.0,Shadi Kallel,BRN,J4 Isa Town,2022,07 Nov to 13 Nov 2022,Hard,Quarter-final,W,6-1 6-2
800682953,800584263.0,Sattam Moafa,KSA,J4 Isa Town,2022,07 Nov to 13 Nov 2022,Hard,2nd Round,W,6-1 2-6 10-4
800682953,800568331.0,Max Pade,GER,J5 Isa Town,2022,31 Oct to 05 Nov 2022,Hard,1st Round,L,0-6 1-6
800625690,800716939.0,YASWANTH GUNDLAPALLE,IND,J5 Colombo,2022,10 Oct to 16 Oct 2022,Clay,1st Round,L,1-6 2-6
800625690,800571069.0,NAVYA VERMA,IND,J5 Colombo,2022,03 Oct to 09 Oct 2022,Clay,1st Round,L,1-6 1-6
800625690,800561454.0,Chun Tang,TPE,J5 Colombo,2022,24 Jan to 30 Jan 2022,Clay,2nd Round,L,1-6 1-6
800690376,800717417.0,Mohanad Elhelaly,EGY,J4 Giza,2022,31 Oct to 06 Nov 2022,Clay,1st Round,L,3-6 0-6
800690376,800648967.0,Karim Sherif Abdellatif Abdo,EGY,J2 Cairo,2022,05 Sep to 09 Sep 2022,Clay,1st Round,L,2-6 3-6
800690376,800644482.0,Adham Ghobashy,EGY,J3 Dakahlia,2022,15 Aug to 19 Aug 2022,Clay,2nd Round,L,3-6 4-6
800690376,800643185.0,Ammar Elsherbiny,EGY,J3 Dakahlia,2022,15 Aug to 19 Aug 2022,Clay,1st Round,W,6-1 6-0
800690376,800520798.0,Ahmed Abdelaziz,EGY,J3 Cairo,2022,08 Aug to 12 Aug 2022,Clay,1st Round,L,6-4 6-7 6-10
800690376,800708219.0,Marwan Ehab,EGY,J5 Cairo,2022,16 May to 22 May 2022,Clay,1st Round,L,4-4
800672334,800567874.0,Xavi Palomar,ESP,J4 Schifflange,2022,08 Aug to 13 Aug 2022,Clay,1st Round,L,3-6 1-6
800672334,800567874.0,Xavi Palomar,ESP,J4 Schifflange,2022,08 Aug to 13 Aug 2022,Clay,Quarter-final,L,0-6 1-6
800672334,800684042.0,Samuel Damas,LUX,J4 Schifflange,2022,08 Aug to 13 Aug 2022,Clay,2nd Round,W,6-1 6-0
800672334,800636791.0,Elis Fjaellberg,FIN,J5 Nastola,2022,28 Mar to 02 Apr 2022,Hard,1st Round,L,0-6 1-6
800713635,800632367.0,Zhangsiqi Zhou,CHN,J4 Corpus Christi,2022,26 Sep to 01 Oct 2022,Hard,2nd Round,L,1-6 4-6
800602934,800588321.0,Julian Theler,SUI,J5 Esch-Alzette,2022,19 Sep to 24 Sep 2022,Hard,2nd Round,L,0-6 1-6
800602934,800566326.0,Lucah Dahlmann,BEL,J5 Garisart,2022,13 Jul to 17 Jul 2022,Clay,1st Round,L,1-6 1-6
800692418,800581069.0,Alexander Mirkov,NZL,J4 Auckland,2022,04 Jan to 08 Jan 2022,Hard,1st Round,L,0-6 1-6
800699872,800622985.0,Matthew Cizmarik,CAN,J5 Halifax,2022,16 May to 20 May 2022,Hard,1st Round,L,1-6 0-6
800699872,800678775.0,Alec Barin,CAN,J5 Montreal,2022,09 May to 13 May 2022,Hard,2nd Round,L,2-6 3-6
800699872,800631570.0,William Levasseur,CAN,J5 Montreal,2022,09 May to 13 May 2022,Hard,1st Round,W,6-4 4-6 10-2
800699872,800630528.0,Alec Anghel,CAN,J4 Burlington,2022,02 May to 07 May 2022,Hard,1st Round,L,3-6 0-6
800699872,800631570.0,William Levasseur,CAN,J3 Quebec City	,2022,18 Apr to 23 Apr 2022,Hard,1st Round,L,4-6 4-6
800601480,800586050.0,Hyung Tak Oh,KOR,J5 Andong,2022,23 Aug to 28 Aug 2022,Hard,2nd Round,L,3-6 2-6
800601480,800554068.0,Junseo Lee,KOR,J5 Andong,2022,23 Aug to 28 Aug 2022,Hard,1st Round,W,6-3 7-5
800694776,800678734.0,Kevin Kotze,RSA,J3 Pretoria,2022,24 Oct to 29 Oct 2022,Hard,Quarter-final,L,4-6 2-6
800694776,800690115.0,Brandon Rieseberg,RSA,J3 Pretoria,2022,24 Oct to 29 Oct 2022,Hard,2nd Round,W,6-2 3-0
800694776,800706473.0,Reuben Bakker,RSA,J3 Johannesburg,2022,17 Oct to 22 Oct 2022,Hard,Quarter-final,L,1-6 4-6
800694776,800650635.0,Faheem Paruk,RSA,J3 Johannesburg,2022,17 Oct to 22 Oct 2022,Hard,2nd Round,W,6-1 6-1
800694776,800590947.0,Connor Thomas Doig,RSA,J5 Gaborone,2022,29 Aug to 03 Sep 2022,Hard,2nd Round,L,6-7 7-5 0-6
800694776,800576476.0,Anotidaishe Matiza,ZIM,J5 Gaborone,2022,29 Aug to 03 Sep 2022,Hard,1st Round,W,6-3 6-3
800694776,800697126.0,Reuben De Klerk,RSA,J5 Pretoria,2022,20 Jun to 24 Jun 2022,Hard,1st Round,L,1-6 5-7
800694776,800706473.0,Reuben Bakker,RSA,J5 Pretoria,2022,13 Jun to 17 Jun 2022,Hard,Quarter-final,L,5-7 4-6
800694776,800660752.0,Joel O E Hiveluah,NAM,J5 Pretoria,2022,13 Jun to 17 Jun 2022,Hard,2nd Round,W,6-0 6-4
800694776,800696367.0,Heinrich Rootman,RSA,J5 Pretoria,2022,13 Jun to 17 Jun 2022,Hard,1st Round,W,6-3 6-2
800694776,800640452.0,Jordan George Georgiev,RSA,J4 Pretoria,2022,06 Jun to 10 Jun 2022,Hard,1st Round,L,1-6 4-6
800694776,800623232.0,Esi Molefe,BOT,J4 Pretoria,2022,06 Jun to 10 Jun 2022,Hard,Quarter-final,W,6-1 5-0
800694776,800602334.0,Fernando Garcia Seeber,IRL,J4 Pretoria,2022,06 Jun to 10 Jun 2022,Hard,2nd Round,W,6-4 6-3
800694776,800695721.0,Hasina Mathieu Ranaivo,MAD,J4 Pretoria,2022,06 Jun to 10 Jun 2022,Hard,1st Round,W,6-2 6-0
800694776,800572589.0,James Hart,RSA,J4 Potchefstroom,2022,07 Mar to 11 Mar 2022,Hard,2nd Round,L,4-6 4-6
800694776,800694603.0,Michael Bell,RSA,J4 Potchefstroom,2022,07 Mar to 11 Mar 2022,Hard,1st Round,W,6-2 4-6 10-8
800713576,800696106.0,Gerardo Felipe Ramirez-Mainou,MEX,J3 Zapopan,2022,07 Nov to 12 Nov 2022,Clay,1st Round,L,2-6 1-6
800713576,800678463.0,Fernando Carrillo Jimenez,MEX,J5 Zapopan,2022,17 Oct to 22 Oct 2022,Clay,2nd Round,L,2-6 1-6
800713576,800671490.0,Alexis Nicolas Amador Flores,MEX,J4 Leon,2022,27 Jun to 02 Jul 2022,Hard,1st Round,L,1-6 3-6
800713576,800573575.0,Zhen Yan,CHN,J4 Leon,2022,20 Jun to 25 Jun 2022,Hard,1st Round,L,2-6 1-6
800602125,800634871.0,Viktor Stojovic,SRB,J4 Porec,2022,10 Oct to 16 Oct 2022,Clay,2nd Round,L,3-6 4-6
800602125,800623069.0,Nal Rot,SLO,J4 Porec,2022,10 Oct to 16 Oct 2022,Clay,1st Round,W,6-2 6-1
800602125,800450085.0,Mal Agushi,KOS,J5 Peja,2022,05 Sep to 10 Sep 2022,Hard,1st Round,L,7-5 3-6 4-6
800602125,800514436.0,Vuk Vukicevic,MNE,J5 Peja,2022,05 Sep to 10 Sep 2022,Hard,Quarter-final,W,6-4 6-7 10-2
800602125,800648992.0,Filip Pavic,KOS,J5 Peja,2022,05 Sep to 10 Sep 2022,Hard,1st Round,W,6-4 6-4
800690419,800694107.0,Cruz Hewitt,AUS,J3 Christchurch,2022,11 Oct to 15 Oct 2022,Hard,1st Round,L,0-6 2-6
800652386,800562938.0,German Vallejo,COL,J4 Armenia,2022,28 Nov to 02 Dec 2022,Clay,2nd Round,L,0-6 1-6
800652386,800672215.0,Hugo Fidler,ARU,J4 Armenia,2022,28 Nov to 02 Dec 2022,Clay,1st Round,W,6-4 4-6 10-3
800580910,800668247.0,Koshiro Nakamae,JPN,J4 Hong Kong,2022,31 Oct to 05 Nov 2022,Hard,Quarter-final,L,6-4 3-6 8-10
800580910,800570850.0,Clayton Dik Sum WONG,HKG,J4 Hong Kong,2022,31 Oct to 05 Nov 2022,Hard,2nd Round,W,1-0
800580910,800591436.0,Kai Thompson,HKG,J4 Hong Kong,2022,31 Oct to 05 Nov 2022,Hard,1st Round,W,6-3 6-4
800580910,800556612.0,Howard Chan,HKG,J4 Hong Kong,2022,03 Oct to 08 Oct 2022,Hard,1st Round,L,4-6 0-6
800580910,800675797.0,Aidan Lam Meng Bart,USA,J5 Hong Kong,2022,15 Aug to 20 Aug 2022,Hard,Quarter-final,L,2-6 0-6
800580910,800584764.0,WAN HIM DONOVAN YIM,HKG,J5 Hong Kong,2022,15 Aug to 20 Aug 2022,Hard,2nd Round,W,6-2 3-6 10-5
800580910,800548077.0,Jacob Kailiang Shen,HKG,J5 Hong Kong,2022,08 Aug to 13 Aug 2022,Hard,1st Round,L,0-6 3-6
800584885,800692786.0,Jack Kennedy,USA,2022 ITF World Junior Tennis Finals (Boys),2022,01 Aug to 06 Aug 2022,Clay,Round Robin Group 3,L,2-6 2-6
800569558,800541391.0,Amar Silajdzic,BIH,J5 Ulcinj,2022,03 Oct to 09 Oct 2022,Clay,Quarter-final,L,6-2 3-6 7-10
800569558,800573025.0,Mihailo Nikic,SRB,J5 Ulcinj,2022,03 Oct to 09 Oct 2022,Clay,2nd Round,W,4-2 5-4
800569558,800490973.0,Karlo Klaic,CRO,J5 Ulcinj,2022,03 Oct to 09 Oct 2022,Clay,1st Round,W,4-1 4-1
800569558,800514404.0,Marco Romano,ITA,J5 Tirana,2022,26 Sep to 01 Oct 2022,Hard,2nd Round,L,2-6 3-6
800569558,800561418.0,Florentin Soccol,FRA,J5 Tirana,2022,26 Sep to 01 Oct 2022,Hard,1st Round,W,6-1 6-1
800569558,800594089.0,Milos Mikovic,SRB,J4 Ulcinj,2022,30 May to 04 Jun 2022,Clay,2nd Round,L,1-6 2-6
800569558,800538069.0,Marko Banicevic,CRO,J4 Ulcinj,2022,30 May to 04 Jun 2022,Clay,1st Round,W,6-0 6-1
800569558,800653789.0,Aleksandar Hudjec,SRB,J4 Podgorica,2022,23 May to 28 May 2022,Clay,2nd Round,L,5-7 2-6
800569558,800651592.0,Darko Kolevski,MKD,J4 Podgorica,2022,23 May to 28 May 2022,Clay,1st Round,W,
800653221,800579970.0,Martin Rivera,CHI,J5 Luque,2022,05 Dec to 10 Dec 2022,Clay,1st Round,L,3-6 2-6
800653221,800578721.0,Breno Braga,BRA,J5 Luque,2022,28 Nov to 03 Dec 2022,Clay,2nd Round,L,3-6 5-7
800653221,800579970.0,Martin Rivera,CHI,J5 Luque,2022,28 Nov to 03 Dec 2022,Clay,1st Round,W,6-4 6-3
800639859,800594501.0,Ferdinand Livet Novkirichka,FRA,J5 Sidi Kacem,2022,28 Nov to 03 Dec 2022,Clay,Quarter-final,L,2-6 7-6 9-11
800639859,800650042.0,Elijah Max Calaquian,USA,J5 Sidi Kacem,2022,28 Nov to 03 Dec 2022,Clay,2nd Round,W,7-5 7-5
800639859,800530996.0,Jad Rhissassi,MAR,J5 Sidi Kacem,2022,28 Nov to 03 Dec 2022,Clay,1st Round,W,6-0 6-3
800639859,800667560.0,Lorenzo Leti Messina,ITA,J4 Pescara,2022,03 Oct to 08 Oct 2022,Clay,2nd Round,L,4-6 0-6
800639859,800565894.0,Moritz Kolbe,ITA,J4 Pescara,2022,03 Oct to 08 Oct 2022,Clay,1st Round,W,6-3 6-1
800639859,800678202.0,Benjamin Chelia,ARG,2022 ITF World Junior Tennis Finals (Boys),2022,01 Aug to 06 Aug 2022,Clay,Round Robin Group 1,L,2-6 6-7
800639859,800590474.0,Tito Chavez,ESP,2022 ITF World Junior Tennis Finals (Boys),2022,01 Aug to 06 Aug 2022,Clay,Round Robin Group 1,L,6-2 4-6 6-7
800639859,800543492.0,Daniel Tazabekov,KAZ,2022 ITF World Junior Tennis Finals (Boys),2022,01 Aug to 06 Aug 2022,Clay,Round Robin Group 1,L,0-6 3-6
800639859,800711664.0,Yuma Tobe,JPN,2022 ITF World Junior Tennis Finals (Boys),2022,01 Aug to 06 Aug 2022,Clay,,W,7-5 6-1
800710462,800651573.0,Nicolas Garnier,CRC,J5 Llanos de Curundu,2022,21 Nov to 26 Nov 2022,Clay,1st Round,L,1-6 2-6
800710462,800689788.0,Aoi Umezawa,JPN,J5 Llanos de Curundu,2022,21 Nov to 26 Nov 2022,Clay,Quarter-final,W,6-4 6-3
800710462,800716657.0,Xavier Tonioni,ITA,J5 Llanos de Curundu,2022,21 Nov to 26 Nov 2022,Clay,1st Round,W,6-1 6-3
800592682,800547535.0,gian carlos Rodriguez,ECU,J5 Salinas,2022,22 Aug to 27 Aug 2022,Hard,1st Round,L,2-6 4-6
800592682,800547419.0,Ignacio Davalos,ECU,J5 Salinas,2022,22 Aug to 27 Aug 2022,Hard,Quarter-final,W,6-0 6-0
800592682,800627301.0,Jacob Golden,USA,J5 Guayaquil,2022,15 Aug to 20 Aug 2022,Hard,2nd Round,L,4-6 1-6
800592682,800571227.0,Nicolas Steden,MEX,J4 Salinas,2022,08 Aug to 13 Aug 2022,Hard,1st Round,L,1-6 2-6
800667956,800577191.0,MooBeen Kim,KOR,J5 Yeongwol,2022,26 Apr to 01 May 2022,Hard,1st Round,L,0-6 0-6
800687165,800594016.0,Seung Woo Han,KOR,J4 Jeju,2022,05 Apr to 10 Apr 2022,Hard,1st Round,L,2-6 1-6
800635817,800621184.0,Mostafa Mohamed,EGY,J5 Jeddah,2022,21 Nov to 26 Nov 2022,Hard,1st Round,L,2-6 1-6
800635817,800731009.0,ASIM AL GHAMDI,KSA,J5 Jeddah,2022,21 Nov to 26 Nov 2022,Hard,Quarter-final,W,6-1 6-1
800635817,800629293.0,Karim Shohdy,EGY,J5 Jeddah,2022,21 Nov to 26 Nov 2022,Hard,1st Round,W,6-1 6-2
800635817,800569031.0,Andreas Polichronopoulos,GRE,J5 Larnaca,2022,31 Oct to 04 Nov 2022,Hard,2nd Round,L,2-6 0-6
800635817,800651957.0,Stylianos Stavrou,CYP,J5 Larnaca,2022,31 Oct to 04 Nov 2022,Hard,1st Round,W,6-2 6-2
800635817,800564803.0,Orestis Kefalas,GRE,J5 Limassol,2022,24 Oct to 29 Oct 2022,Clay,Quarter-final,L,2-6 2-6
800635817,800586354.0,Nikitas Horattas,CYP,J5 Limassol,2022,24 Oct to 29 Oct 2022,Clay,2nd Round,W,6-2 7-6
800635817,800528166.0,Damian Janiszewski,POL,J4 Damour,2022,05 Sep to 10 Sep 2022,Clay,1st Round,L,1-6 3-6
800635817,800679544.0,Philippe Khoury,LBN,J4 Damour,2022,05 Sep to 10 Sep 2022,Clay,Quarter-final,W,6-0 6-4
800635817,800645473.0,Khaled Frikha,TUN,J4 Damour,2022,29 Aug to 03 Sep 2022,Clay,2nd Round,L,0-6 3-6
800635817,800652395.0,Safwan alzeyadi,LBA,J5 Kaslik,2022,22 Aug to 27 Aug 2022,Clay,2nd Round,L,1-6 4-6
800728320,800587317.0,Nathan Lim,AUS,J5 Perth,2022,16 Nov to 20 Nov 2022,Hard,Quarter-final,L,3-6 1-6
800728320,800704436.0,Liam McDowell,AUS,J5 Perth,2022,16 Nov to 20 Nov 2022,Hard,2nd Round,W,7-5 2-6 10-2
800728320,800713874.0,Suyash Makesar,AUS,J5 Perth,2022,16 Nov to 20 Nov 2022,Hard,1st Round,W,6-2 6-4
800602124,800635721.0,Philippe St-Pierre,CAN,J5 Woodbridge 		,2022,24 Oct to 28 Oct 2022,Hard,1st Round,L,3-6 4-6
800601815,800544693.0,Sverre Bakker,NED,J4 Emmeloord,2022,11 Oct to 15 Oct 2022,Carpet,1st Round,L,4-6 3-6
800601815,800503498.0,Sebastian Ondas,GER,J5 Ingelheim,2022,20 Sep to 25 Sep 2022,Clay,1st Round,L,0-6 0-6
800601815,800634963.0,Cameron Kroman Amiri,SWE,J5 Frederiksberg,2022,12 Sep to 17 Sep 2022,Clay,1st Round,L,1-6 0-6
800601815,800571878.0,Linus Lagerbohm,FIN,J5 Hillerod,2022,11 Jul to 15 Jul 2022,Clay,2nd Round,L,3-6 2-6
800601815,800560751.0,Carl Hampus Karnell,SWE,J5 Hillerod,2022,11 Jul to 15 Jul 2022,Clay,1st Round,W,2-6 6-3 10-6
800651421,800565430.0,Alex Guidi,ITA,J5 Pecs,2022,22 Nov to 27 Nov 2022,Hard,2nd Round,L,3-6 1-6
800651421,800574760.0,Aleksei Savgira,RUS,J5 Pecs,2022,22 Nov to 27 Nov 2022,Hard,1st Round,W,6-4 6-1
800651421,800509946.0,Daniel Jancic,CRO,J4 Pecs,2022,18 Oct to 23 Oct 2022,Hard,1st Round,L,6-2 3-6 5-10
800588084,800574797.0,Nikita Nikolenko,KAZ,J5 Astana,2022,05 Dec to 10 Dec 2022,Hard,1st Round,W,6-2 7-6
800588084,800569000.0,Pavel Savelov,RUS,J5 Astana,2022,05 Dec to 10 Dec 2022,Hard,Quarter-final,L,7-5 4-6 2-10
800588084,800591834.0,Matvei Kobiakov,RUS,J5 Astana,2022,05 Dec to 10 Dec 2022,Hard,2nd Round,W,1-6 6-2 10-8
800588084,800719827.0,Arsen Niyetkaliyev,KAZ,J5 Astana,2022,05 Dec to 10 Dec 2022,Hard,1st Round,W,6-1 6-1
800588084,800565887.0,Dmitriy Titov,RUS,J5 Aktobe,2022,28 Nov to 03 Dec 2022,Hard,2nd Round,L,2-6 3-6
800588084,800654834.0,Marat Bekmukhanau,BLR,J5 Aktobe,2022,28 Nov to 03 Dec 2022,Hard,1st Round,W,6-3 2-6 10-7
800679464,800653420.0,Thabani Christian Nhokwara,ZIM,J5 Bulawayo,2022,28 Nov to 03 Dec 2022,Hard,1st Round,L,6-2 6-7 3-6
800679464,800717243.0,Mufudzi Mazorodze,ZIM,J5 Bulawayo,2022,28 Nov to 03 Dec 2022,Hard,Quarter-final,W,6-1 6-1
800585666,800521296.0,Demid Gorbachev,KAZ,J3 Ust-Kamenogorsk,2022,07 Nov to 12 Nov 2022,Carpet,Quarter-final,L,4-6 3-6
800585666,800492015.0,Alexey Lomakin,KAZ,J3 Ust-Kamenogorsk,2022,07 Nov to 12 Nov 2022,Carpet,2nd Round,W,6-3 6-1
800707895,800653725.0,Jan Hemetzberger,AUT,J5 Bulawayo,2022,05 Dec to 10 Dec 2022,Hard,1st Round,L,3-6 4-6
800707895,800654119.0,Connor Doig,RSA,J5 Bulawayo,2022,28 Nov to 03 Dec 2022,Hard,1st Round,L,3-6 1-6
800707895,800542751.0,Phoenix Weir,GBR,J3 Harare,2022,15 Aug to 20 Aug 2022,Hard,2nd Round,L,0-6 0-6
800707895,800623232.0,Esi Molefe,BOT,J3 Harare,2022,15 Aug to 20 Aug 2022,Hard,1st Round,W,7-6 6-3
800707895,800535657.0,Oliver Critchley,GBR,J4 Harare,2022,08 Aug to 13 Aug 2022,Hard,2nd Round,L,0-6 3-6
800707895,800644973.0,Romeo Khanye,ZIM,J4 Harare,2022,08 Aug to 13 Aug 2022,Hard,1st Round,W,6-1 6-1
800707895,800644642.0,Clandestine Kudakwashe Ndiringepi,ZIM,J4 Harare,2022,01 Aug to 06 Aug 2022,Hard,Quarter-final,L,3-6 1-6
800707895,800639396.0,Caleb Robb,ZIM,J4 Harare,2022,01 Aug to 06 Aug 2022,Hard,2nd Round,W,6-0 6-3
800707895,800572798.0,Goran Krivokapic,RSA,J5 Bulawayo,2022,30 May to 04 Jun 2022,Hard,1st Round,L,3-6 3-6
800707895,800451532.0,Hanu Patel,USA,J5 Bulawayo,2022,23 May to 28 May 2022,Hard,1st Round,L,0-6 0-6
800600365,800538310.0,Fedor Sosedkin,RUS,J5 Balashiha,2022,10 Jan to 16 Jan 2022,Hard,1st Round,L,3-6 1-6
800588014,800573690.0,Felix Oscarsson,NOR,J5 Frederiksberg,2022,12 Sep to 17 Sep 2022,Clay,1st Round,L,1-6 2-6
800591537,800621506.0,Igor Struski,POL,J5 Vale do Lobo,2022,10 Oct to 16 Oct 2022,Hard,1st Round,L,0-6 6-7
800591537,800589300.0,Svit Suljic,SLO,J5 Portimao,2022,03 Oct to 09 Oct 2022,Hard,2nd Round,L,2-6 0-6
800591537,800540378.0,Oskar Gedde-Dahl Ekjord,NOR,J5 Portimao,2022,03 Oct to 09 Oct 2022,Hard,1st Round,W,6-1 6-0
800639841,800576318.0,Alex Matthew Fernandez,ESP,J5 Oujda,2022,14 Nov to 19 Nov 2022,Clay,1st Round,L,1-6 0-1
800639841,800630873.0,Adam nizar Bouyacoub,MAR,J5 Casablanca,2022,24 Oct to 29 Oct 2022,Clay,Quarter-final,L,2-6 4-6
800639841,800564944.0,Mehdi El Omari,MAR,J5 Casablanca,2022,24 Oct to 29 Oct 2022,Clay,2nd Round,W,6-1 3-6 10-5
800639841,800699020.0,Aymen Jouhari,MAR,J5 Casablanca,2022,24 Oct to 29 Oct 2022,Clay,1st Round,W,6-4 6-0
800639841,800724919.0,Ilyass Lotfi,MAR,J4 Rabat,2022,17 Oct to 22 Oct 2022,Clay,1st Round,L,4-6 4-6
800680791,800571890.0,Stepan Sklenicka,CZE,J4 Veska,2022,11 Jul to 16 Jul 2022,Clay,1st Round,L,1-6 0-6
800670331,800590103.0,Dibbyaro Hinomaru,INA,J5 Surabaya		,2022,04 Oct to 09 Oct 2022,Hard,2nd Round,L,2-6 2-6
800670331,800591299.0,Leo HSU,TPE,J5 Surabaya		,2022,04 Oct to 09 Oct 2022,Hard,1st Round,W,2-6 6-4 10-6
800670331,800671440.0,M ragil putra Yudha,INA,J4 Jakarta,2022,28 Jun to 03 Jul 2022,Hard,1st Round,L,2-6 3-6
800715821,800523356.0,Pavlos Tsitsipas,GRE,J5 Fujairah,2022,07 Nov to 12 Nov 2022,Hard,1st Round,L,3-6 4-6
800715821,800631660.0,Sacha Fontanges,FRA,J5 Fujairah,2022,07 Nov to 12 Nov 2022,Hard,Quarter-final,W,6-3 7-6
800715821,800660782.0,Ishan Praveen,IND,J5 Fujairah,2022,07 Nov to 12 Nov 2022,Hard,2nd Round,W,6-1 6-0
800715821,800726826.0,Marwan ALMarzooqi,UAE,J5 Fujairah,2022,07 Nov to 12 Nov 2022,Hard,1st Round,W,6-0 6-0
800714933,800718940.0,Julian Lee,RSA,J5 Gaborone,2022,29 Aug to 03 Sep 2022,Hard,1st Round,L,1-6 6-4 7-10
800714933,800678734.0,Kevin Kotze,RSA,J5 Gaborone,2022,22 Aug to 27 Aug 2022,Hard,1st Round,L,2-6 0-6
800701180,800538179.0,Amir Asylkozhaev,RUS,J4 Damour,2022,05 Sep to 10 Sep 2022,Clay,1st Round,L,1-6 0-6
800701180,800540740.0,Haydar Cem Gokpinar,TUR,J4 Damour,2022,29 Aug to 03 Sep 2022,Clay,2nd Round,L,0-6 0-6
800701180,800651598.0,Seif El Salawy,EGY,J5 Kaslik,2022,22 Aug to 27 Aug 2022,Clay,2nd Round,L,1-6 3-6
800696902,800600965.0,Paris Pouatcha,USA,J1 Guadalajara,2022,14 Nov to 19 Nov 2022,Clay,2nd Round,L,1-6 1-6
800696902,800716667.0,Yitzak Alejandro Higuera Avilez,MEX,J3 Zapopan,2022,07 Nov to 12 Nov 2022,Clay,1st Round,L,2-6 6-7
800696902,800650645.0,Samuel Candelas,MEX,J5 Zapopan,2022,17 Oct to 22 Oct 2022,Clay,3rd Round,L,2-6 3-6
800696902,800727692.0,Alejandro Munoz Castillo Kanahuati,MEX,J5 Zapopan,2022,17 Oct to 22 Oct 2022,Clay,2nd Round,W,6-3 6-3
800715148,800721400.0,Dylan Long,USA,J4 Atlanta,2022,17 Oct to 22 Oct 2022,Hard,1st Round,L,0-6 1-6
800715148,800694663.0,Jose Pablo Coello,MEX,J5 Managua,2022,26 Sep to 01 Oct 2022,Hard,2nd Round,L,7-6 6-7 6-10
800715148,800692811.0,Ford McCollum,USA,J5 Managua,2022,19 Sep to 24 Sep 2022,Hard,Quarter-final,L,3-6 1-6
800715148,800602045.0,Antonio Ayerbe Streubel,COL,J5 Managua,2022,19 Sep to 24 Sep 2022,Hard,2nd Round,W,1-6 7-6 6-0
800715148,800688015.0,Gabriel Avendano Ramirez,CRC,J5 Managua,2022,19 Sep to 24 Sep 2022,Hard,1st Round,W,6-1 6-0
800715148,800582555.0,Vinicius Giolo Magrin,BRA,J5 Managua,2022,19 Sep to 24 Sep 2022,Hard,Quarter-final,W,7-5 3-6 10-7
800715148,800686562.0,Joshua Kruger,NZL,J5 Managua,2022,19 Sep to 24 Sep 2022,Hard,1st Round,W,7-5 7-5
800714749,800651427.0,Nicholas Reeves,USA,J5  Barbados,2022,07 Nov to 11 Nov 2022,Hard,2nd Round,L,2-6 0-6
800714749,800568566.0,Philippe-Elliott Spencer Bigonesse,CAN,J5  Barbados,2022,07 Nov to 11 Nov 2022,Hard,1st Round,W,6-3 6-0
800714749,800644754.0,Neil J B King,BAR,J5  Barbados,2022,07 Nov to 11 Nov 2022,Hard,Quarter-final,W,6-4 5-7 10-3
800714749,800684810.0,Jagger Leach,USA,J4 Barbados,2022,31 Oct to 04 Nov 2022,Hard,2nd Round,L,2-6 0-6
800714749,800725192.0,Cristian Blunte,BAR,J4 Barbados,2022,31 Oct to 04 Nov 2022,Hard,1st Round,W,6-2 7-5
800714749,800652263.0,Juan Beltran,COL,J4 Tacarigua,2022,22 Aug to 27 Aug 2022,Hard,1st Round,L,2-6 1-6
800600625,800581192.0,Riki Utsuyama,JPN,J5 Gifu,2022,30 Nov to 04 Dec 2022,Hard,1st Round,L,3-6 3-6
800600625,800668247.0,Koshiro Nakamae,JPN,J5 Chigasaki,2022,23 Nov to 27 Nov 2022,Carpet,1st Round,L,1-6 0-6
800600625,800775542.0,Shotaro Kashiwagi,JPN,J5 Yamanashi,2022,16 Nov to 20 Nov 2022,Clay,1st Round,L,3-6 6-2 7-10
800600625,800589109.0,Aoi Ooka,JPN,J3 Kawaguchi,2022,05 Oct to 09 Oct 2022,Hard,2nd Round,L,4-6 0-6
800600625,800668084.0,Rui Hanyuda,JPN,J3 Kawaguchi,2022,05 Oct to 09 Oct 2022,Hard,1st Round,W,6-4 6-4
800595310,800570766.0,Radu Paisvant,ROU,J5 Sofia,2022,28 Jun to 03 Jul 2022,Clay,1st Round,L,0-6 1-6
800589609,800626298.0,Julius Aussat,SUI,J5 Horgen,2022,12 Sep to 17 Sep 2022,Clay,1st Round,L,4-6 4-6
800589609,800569764.0,Edoardo Catalfo,ITA,J4 Luzern,2022,05 Sep to 10 Sep 2022,Clay,2nd Round,L,3-6 2-6
800589609,800639401.0,Andrin Baechi,SUI,J4 Luzern,2022,05 Sep to 10 Sep 2022,Clay,1st Round,W,6-0 5-1
800590191,800653877.0,Itay Katzman,ISR,J5 Limassol,2022,23 May to 28 May 2022,Clay,1st Round,L,3-6 2-6
800692338,800649409.0,Kristofer Brkic,USA,J4 Plantation,2022,02 May to 07 May 2022,Clay,1st Round,L,0-6 3-6
800647720,800683604.0,A David Filer Filer,USA,J5 Eau Claire,2022,10 Jan to 14 Jan 2022,Hard,1st Round,L,0-6 1-6
800726268,800695471.0,Luka Cowles,AUS,J5 Lautoka,2022,31 Oct to 05 Nov 2022,Hard,1st Round,L,0-6 1-6
800726268,800581684.0,Cristian Care,AUS,J5 Lautoka,2022,26 Oct to 30 Oct 2022,Hard,2nd Round,L,0-6 0-6
800726268,800651037.0,Samay Pasad,IND,J5 Lautoka,2022,26 Oct to 30 Oct 2022,Hard,1st Round,W,6-0 6-0
800726268,800603420.0,Christopher Khatchadourian,AUS,J5 Lautoka,2022,26 Oct to 30 Oct 2022,Hard,2nd Round,L,4-6 2-6
800698756,800649528.0,MUBARAK AYODEJI GANIYU,NGR,J4 Lome,2022,03 Oct to 07 Oct 2022,Hard,1st Round,L,2-6 2-6
800698756,800719856.0,Joseph Sonny Atitsogbei,GHA,J4 Lome,2022,03 Oct to 07 Oct 2022,Hard,Quarter-final,W,6-4 6-1
800698756,800636141.0,Jefferson Temgoua,CMR,J4 Lome,2022,03 Oct to 07 Oct 2022,Hard,2nd Round,W,3-6 6-3 10-6
800698756,800721518.0,Rido Jerry Adio Noudogbessi,BEN,J4 Lome,2022,03 Oct to 07 Oct 2022,Hard,1st Round,W,6-2 6-2
800698756,800645069.0,Morgane Segodo,BEN,J5 Lome,2022,26 Sep to 30 Sep 2022,Hard,1st Round,L,2-6 2-6
800698756,800526375.0,Driss Sedrati,MAR,J4 Accra,2022,29 Aug to 03 Sep 2022,Hard,1st Round,L,1-6 1-6
800698756,800601227.0,Gillian Nahum,BEN,J4 Accra,2022,29 Aug to 03 Sep 2022,Hard,Quarter-final,W,3-6 6-4 10-8
800698756,800653961.0,Ghali Ouajahat Filali,MAR,J4 Accra,2022,22 Aug to 27 Aug 2022,Hard,2nd Round,L,5-7 1-6
800698756,800716988.0,Adakole Thankgod Ikparti Adakole,NGR,J5 Accra,2022,15 Aug to 20 Aug 2022,Hard,1st Round,L,5-7 2-6
800698756,800570799.0,Vibhu Challagundla,IND,J5 Accra,2022,08 Aug to 13 Aug 2022,Hard,1st Round,L,6-3 0-6 0-6
800698756,800652902.0,Chandan Shivaraj,IND,J5 Accra,2022,11 Apr to 16 Apr 2022,Hard,1st Round,L,1-6 2-6
800698756,800600769.0,Davide Liberati,ITA,J5 Accra,2022,04 Apr to 09 Apr 2022,Hard,Quarter-final,L,0-6 1-6
800698756,800546394.0,Jeff Gatien Sodji,TOG,J5 Accra,2022,04 Apr to 09 Apr 2022,Hard,2nd Round,W,6-3 6-3
800688848,800653804.0,Kase Schinnerer,USA,J3 Coral Gables,2022,09 May to 14 May 2022,Clay,1st Round,L,2-6 4-6
800688848,800689675.0,Rithvik Katpelly,USA,J4 Las Vegas,2022,14 Mar to 19 Mar 2022,Hard,1st Round,L,3-6 1-6
800688848,800653767.0,Aditya Vyas,USA,J4 Las Vegas,2022,14 Mar to 19 Mar 2022,Hard,2nd Round,W,6-3 2-6 10-6
800688848,800692846.0,Mavrix Yacavino,USA,J4 Las Vegas,2022,14 Mar to 19 Mar 2022,Hard,1st Round,W,6-1 6-1
800656930,800661995.0,Ni Che Sun,TPE,J4 Nonthaburi,2022,24 Oct to 29 Oct 2022,Hard,1st Round,L,4-6 4-6
800656930,800535533.0,Poonthong Komolpisut,THA,J2 Nonthaburi,2022,17 Oct to 22 Oct 2022,Hard,1st Round,L,0-6 0-6
800627606,800568899.0,Smaran Rangarajan,AUS,J5 Amman,2022,27 Jun to 02 Jul 2022,Hard,2nd Round,L,3-6 3-6
800627606,800560737.0,Dhananjay Athreya,IND,J5 Amman,2022,20 Jun to 25 Jun 2022,Hard,1st Round,L,1-6 1-6
800627606,800582904.0,Parv Patel,IND,J5 Amman,2022,20 Jun to 25 Jun 2022,Hard,Quarter-final,L,0-6 0-6
800627606,800581930.0,Razaq Abdal,KUW,J5 Amman,2022,20 Jun to 25 Jun 2022,Hard,2nd Round,W,7-5 6-4
800651897,800620935.0,Samuel Hernandez Herrera,COL,J5 Valledupar,2022,24 Oct to 28 Oct 2022,Hard,2nd Round,L,2-6 6-3 7-10
800651897,800586402.0,badlwim jared Escobar cifuentes,COL,J5 Cartagena,2022,17 Oct to 21 Oct 2022,Hard,Quarter-final,L,6-3 1-6 14-16
800651897,800651918.0,Juan Felipe Arias Jaramillo,COL,J5 Cartagena,2022,17 Oct to 21 Oct 2022,Hard,2nd Round,W,7-5 7-6
800651897,800621819.0,Juan Jose Vallejo Nieto,COL,J5 Cartagena,2022,17 Oct to 21 Oct 2022,Hard,1st Round,W,6-3 7-6
800651897,800654944.0,Stefan Karatosic,USA,J5 Managua,2022,26 Sep to 01 Oct 2022,Hard,1st Round,L,2-6 3-6
800651897,800627301.0,Jacob Golden,USA,J5 Managua,2022,19 Sep to 24 Sep 2022,Hard,1st Round,L,5-7 0-6
800651897,800562059.0,Mario Andre Galarraga,ECU,J5 Quito,2022,18 Jul to 24 Jul 2022,Clay,2nd Round,L,3-6 4-6
800651897,800578163.0,Joaquin Salinas Beltran,ECU,J5 Quito,2022,18 Jul to 24 Jul 2022,Clay,1st Round,W,6-4 6-0
800651897,800587203.0,Marcos Castellanos,GUA,J5 Santa Tecla,2022,11 Jul to 16 Jul 2022,Hard,2nd Round,L,2-6 1-6
800651897,800651818.0,Felipe Rodriguez Munoz,CRC,J5 Santa Tecla,2022,11 Jul to 16 Jul 2022,Hard,1st Round,W,6-3 6-0
800651897,800623668.0,Francesco Cordova,USA,J5 Guatemala,2022,13 Jun to 18 Jun 2022,Hard,1st Round,L,0-6 0-6
800651897,800587124.0,Miles Fix,USA,J5 Guatemala,2022,13 Jun to 18 Jun 2022,Hard,Quarter-final,L,3-6 6-2 8-10
800651897,800711365.0,Emilio Samayoa,GUA,J5 Guatemala,2022,13 Jun to 18 Jun 2022,Hard,1st Round,W,6-1 6-1
800651897,800532817.0,Santiago Ordonez Achinte,COL,J5 Pereira,2022,16 May to 21 May 2022,Clay,2nd Round,L,3-6 3-6
800651897,800628892.0,Santiago Angel,COL,J5 Pereira,2022,16 May to 21 May 2022,Clay,1st Round,W,6-3 7-5
800651897,800690668.0,Jonatan Santiago Hidalgo,COL,J5 Ibagué,2022,09 May to 14 May 2022,Clay,2nd Round,L,0-6 3-6
800651897,800555556.0,Breno Ferrari Maciel,BRA,J5 Ibagué,2022,09 May to 14 May 2022,Clay,1st Round,W,3-2
800651897,800690668.0,Jonatan Santiago Hidalgo,COL,J5 Cundinamarca,2022,02 May to 07 May 2022,Clay,2nd Round,L,2-6 0-6
800584996,800563132.0,Arno Guillet,FRA,J5 Trnava,2022,25 Jan to 30 Jan 2022,Hard,1st Round,L,2-6 6-7
800663194,800713777.0,Kevin Chan,HKG,J4 Hong Kong,2022,03 Oct to 08 Oct 2022,Hard,1st Round,L,1-6 6-3 6-10
800724937,800712976.0,Zachery Byng,TTO,J5  Barbados,2022,07 Nov to 11 Nov 2022,Hard,1st Round,L,5-7 6-2 3-6
800724937,800726811.0,Aidan Clarke,BAR,J4 Barbados,2022,31 Oct to 04 Nov 2022,Hard,1st Round,L,7-6 5-7 5-7
800625838,800601406.0,Simon Escobar,COL,J5 Valledupar,2022,24 Oct to 28 Oct 2022,Hard,1st Round,L,0-1
800625838,800692679.0,Niyanth Puliyala,USA,J5 Cartagena,2022,17 Oct to 21 Oct 2022,Hard,2nd Round,L,4-6 2-6
800625838,800652323.0,Juan Alejandro Rozo Chalarca,COL,J5 Cartagena,2022,17 Oct to 21 Oct 2022,Hard,1st Round,W,5-5
800659384,800677434.0,Tarun Korwar,IND,J2 Kolkata,2022,17 Jan to 22 Jan 2022,Hard,1st Round,L,1-6 1-6
800677657,800594266.0,Enzo Sakiyama,BRA,J5 Criciuma,2022,10 Oct to 15 Oct 2022,Clay,Quarter-final,L,3-6 2-6
800677657,800597497.0,Gabriel Leal,BRA,J5 Criciuma,2022,10 Oct to 15 Oct 2022,Clay,2nd Round,W,7-6 6-0
800677657,800595114.0,Pedro Garcia,BRA,J5 Criciuma,2022,10 Oct to 15 Oct 2022,Clay,1st Round,W,6-3 7-6
800677657,800594266.0,Enzo Sakiyama,BRA,J4 Itajai,2022,03 Oct to 08 Oct 2022,Clay,1st Round,L,3-6 1-6
800677657,800567661.0,Maximo Zeitune,ARG,J5 Lambare,2022,25 Jul to 30 Jul 2022,Clay,1st Round,L,1-6 3-6
800652192,800652170.0,Samuel Mesa Arias,COL,J4 Armenia,2022,28 Nov to 02 Dec 2022,Clay,1st Round,L,6-2 3-6 3-10
800652192,800652323.0,Juan Alejandro Rozo Chalarca,COL,J4 Pereira,2022,21 Nov to 25 Nov 2022,Clay,2nd Round,L,2-6 0-6
800652192,800652545.0,Gabriel Guzman,COL,J4 Pereira,2022,21 Nov to 25 Nov 2022,Clay,1st Round,W,6-2 6-2
800652192,800586402.0,badlwim jared Escobar cifuentes,COL,J5 Cartagena,2022,17 Oct to 21 Oct 2022,Hard,2nd Round,L,0-6 0-6
800652192,800712329.0,Charles Minvielle,USA,J5 Cartagena,2022,17 Oct to 21 Oct 2022,Hard,1st Round,W,7-6 6-2
800568689,800602676.0,Deni Hadzialijagic,GER,J5 Fleesensee,2022,29 Nov to 04 Dec 2022,Carpet,1st Round,L,4-6 5-7
800568689,800579895.0,Ziga Sesko,SLO,2022 ITF World Junior Tennis Finals (Boys),2022,01 Aug to 06 Aug 2022,Clay,Round Robin Group 3,L,4-6 1-6
800568689,800583844.0,Ryo Tabata,JPN,2022 ITF World Junior Tennis Finals (Boys),2022,01 Aug to 06 Aug 2022,Clay,Round Robin Group 3,W,6-4 6-2
800568689,800597850.0,Carel Aubriel Ngounoue,USA,2022 ITF World Junior Tennis Finals (Boys),2022,01 Aug to 06 Aug 2022,Clay,Round Robin Group 3,W,7-6 3-6 6-4
800568689,800587847.0,Antonio Marigliano,ITA,2022 ITF World Junior Tennis Finals (Boys),2022,01 Aug to 06 Aug 2022,Clay,,L,5-7 6-3 7-10
800568689,800602231.0,Ali Missoum,MAR,2022 ITF World Junior Tennis Finals (Boys),2022,01 Aug to 06 Aug 2022,Clay,,W,5-7 6-3 6-3
800600050,800540209.0,Filip Glov Moeller,NOR,J5 Frederiksberg,2022,12 Sep to 17 Sep 2022,Clay,1st Round,W,6-2 4-6 12-10
800631660,800565642.0,Alexandru Vladut Lupu,ROU,J4 Dubai,2022,14 Nov to 19 Nov 2022,Hard,1st Round,L,3-6 1-6
800631660,800712761.0,Chris Jovan Gubza,AUT,J4 Dubai,2022,14 Nov to 19 Nov 2022,Hard,Quarter-final,W,3-2
800631660,800562772.0,Ayaan Choudhary,IND,J4 Dubai,2022,14 Nov to 19 Nov 2022,Hard,2nd Round,W,6-3 6-1
800631660,800692222.0,Ghady Abou-Aziz,LBN,J4 Dubai,2022,14 Nov to 19 Nov 2022,Hard,1st Round,W,6-0 6-0
800631660,800523356.0,Pavlos Tsitsipas,GRE,J5 Fujairah,2022,07 Nov to 12 Nov 2022,Hard,2nd Round,L,2-6 1-6
800631660,800592032.0,Elham Abdul Salam Edavalath,IND,J5 Fujairah,2022,07 Nov to 12 Nov 2022,Hard,1st Round,W,6-3 6-1
800631660,800715821.0,Aarush Kote,USA,J5 Fujairah,2022,07 Nov to 12 Nov 2022,Hard,Quarter-final,L,3-6 6-7
800631660,800593839.0,Abhinav Monikuttan,IND,J5 Fujairah,2022,07 Nov to 12 Nov 2022,Hard,2nd Round,W,6-0 6-0
800663854,800569040.0,Ruslan Kastsiukevich,BLR,J3 Tashkent,2022,24 Oct to 29 Oct 2022,Hard,2nd Round,L,2-6 3-6
800663854,800620673.0,Dmitriy Lyapin,UZB,J3 Tashkent,2022,24 Oct to 29 Oct 2022,Hard,1st Round,W,6-3 6-3
800680865,800654364.0,Adel ELmahy,EGY,J4 Cairo,2022,07 Nov to 13 Nov 2022,Clay,2nd Round,L,5-7 6-4 3-10
800680865,800689593.0,Omar Mohsen,EGY,J4 Cairo,2022,07 Nov to 13 Nov 2022,Clay,1st Round,W,6-3 6-2
800680865,800690428.0,Khaled Ibrahim,EGY,J3 Cairo,2022,08 Aug to 12 Aug 2022,Clay,1st Round,L,3-6
800680865,800649870.0,Mohamed Nasser Abouzied,EGY,J5 Cairo,2022,23 May to 29 May 2022,Clay,1st Round,L,3-6 1-6
800680865,800534511.0,Gawad El Feky,EGY,J5 Cairo,2022,23 May to 29 May 2022,Clay,Quarter-final,L,2-6 0-6
800680865,800689593.0,Omar Mohsen,EGY,J5 Cairo,2022,23 May to 29 May 2022,Clay,2nd Round,W,4-6 6-3 10-6
800680865,800694849.0,Hassan Mahmoud Amer,EGY,J5 Cairo,2022,23 May to 29 May 2022,Clay,1st Round,W,6-3 3-0
800655637,800691169.0,Masanao Nakamura,JPN,JA Osaka,2022,10 Oct to 16 Oct 2022,Hard,1st Round,L,3-6 2-6
800693191,800572958.0,Patrick Tracy,CRC,J3 San Jose,2022,02 May to 07 May 2022,Hard,1st Round,L,4-6 4-6
800693191,800547630.0,Felipe De La Hormaza,CRC,J3 San Jose,2022,25 Apr to 30 Apr 2022,Hard,1st Round,L,0-6 2-6
800693191,800572958.0,Patrick Tracy,CRC,J4 San Jose,2022,24 Jan to 29 Jan 2022,Hard,1st Round,L,3-6 4-6
800693191,800693453.0,Malcom Chaves Solis,CRC,J4 San Jose,2022,17 Jan to 22 Jan 2022,Hard,1st Round,L,5-7 4-6
800697805,800572314.0,jed Mcmillan,GBR,J5 Castlebar,2022,31 Oct to 04 Nov 2022,Clay,2nd Round,L,0-6 1-6
800697805,800580459.0,Eoin Quinn,IRL,J5 Belfast,2022,27 Jun to 01 Jul 2022,Carpet,1st Round,L,3-6 2-6
800599158,800562960.0,Oskar Edberg,SWE,J5 Aizkraukle,2022,26 Sep to 01 Oct 2022,Carpet,Quarter-final,L,3-6 4-6
800599158,800589687.0,Rafaels Bacis,LAT,J5 Aizkraukle,2022,26 Sep to 01 Oct 2022,Carpet,2nd Round,W,6-1 6-0
800599158,800650686.0,Denis Struk,LTU,J4 Ventspils,2022,09 May to 14 May 2022,Hard,1st Round,L,4-6 0-6
800599158,800544465.0,Edmunds Adamsons,LAT,J3 Aizkraukle,2022,18 Apr to 23 Apr 2022,Carpet,1st Round,L,1-6 6-3 6-10
800588964,800588524.0,Ori Shamir,ISR,J3 Haifa,2022,29 Nov to 03 Dec 2022,Hard,1st Round,L,0-6 3-6
800688968,800595817.0,Christian Anthony Salmeron,AUS,J4 Singapore,2022,28 Feb to 05 Mar 2022,Hard,1st Round,L,0-6 1-6
800590837,800595374.0,Otto Jandera,AUS,J5 Bielsko-Biala,2022,07 Sep to 11 Sep 2022,Clay,1st Round,L,3-6 4-6
800590837,800582830.0,Leon Jednacz,POL,J5 Szczawno Zdroj,2022,30 Aug to 04 Sep 2022,Clay,1st Round,L,5-7 2-6
800636269,800652211.0,Daniel Knott,RSA,J5 Antananarivo,2022,03 Oct to 09 Oct 2022,Clay,1st Round,L,0-6 1-6
800636269,800563793.0,Rurik Rajini,IND,J5 Antananarivo,2022,26 Sep to 02 Oct 2022,Clay,1st Round,L,5-7 1-6
800565107,800588272.0,Jesse Clarkson,GBR,J4 Liverpool,2022,14 Nov to 18 Nov 2022,Hard,1st Round,L,2-6 3-6
800565107,800541853.0,Sean O Nuallain,IRL,J5 Castlebar,2022,31 Oct to 04 Nov 2022,Clay,1st Round,L,4-6 3-6
800565107,800505648.0,Duarte Mestre,POR,J5 Vale do Lobo,2022,10 Oct to 16 Oct 2022,Hard,1st Round,L,4-6 7-5 4-6
800565107,800514885.0,Dilhan Wasantha,GBR,J4 Loughborough,2022,19 Sep to 23 Sep 2022,Hard,1st Round,L,6-1 3-6 8-10
800565107,800777958.0,Eren matthew Cheung,HKG,J5 Loughborough,2022,12 Sep to 16 Sep 2022,Hard,1st Round,L,7-5 2-6 2-6
800565107,800588272.0,Jesse Clarkson,GBR,J5 Bradfield,2022,01 Aug to 06 Aug 2022,Clay,2nd Round,L,1-3
800565107,800689117.0,Remi Nokes,GBR,J5 Bradfield,2022,01 Aug to 06 Aug 2022,Clay,1st Round,W,6-2 6-0
800565107,800506107.0,Jack Curtis,GBR,J5 Wrexham,2022,24 May to 28 May 2022,Hard,2nd Round,L,6-4 1-6 3-6
800565107,800546842.0,Kai-Luca Ampaw,GBR,J5 Wrexham,2022,24 May to 28 May 2022,Hard,1st Round,W,6-1 6-1
800565107,800584374.0,Henry Hammond,GBR,J5 Wrexham,2022,24 May to 28 May 2022,Hard,Quarter-final,W,7-6 6-0
800565107,800547774.0,Finlay Edwards,GBR,J5 Wrexham,2022,24 May to 28 May 2022,Hard,2nd Round,W,6-1 6-2
800565107,800638330.0,Matthew Tink,GBR,J5 Wrexham,2022,24 May to 28 May 2022,Hard,1st Round,W,6-3 3-6 10-1
800644930,800586820.0,Mikhail Svanidze,GEO,J5 Islamabad,2022,14 Nov to 19 Nov 2022,Hard,1st Round,L,2-6 2-6
800644930,800534710.0,Aril Kayra Tuna,TUR,J5 Islamabad,2022,07 Feb to 12 Feb 2022,Hard,1st Round,L,2-6 0-6
800593207,800599900.0,Kohshi Ishibashi,JPN,J5 Dakar,2022,31 Oct to 05 Nov 2022,Hard,1st Round,L,4-6 2-6
800593207,800576601.0,Timothy Bezar,AUT,J5 Dakar,2022,24 Oct to 29 Oct 2022,Hard,1st Round,L,4-6 5-7
800593207,800538164.0,Artsiom Tsykunenka,BLR,J4 Carthage,2022,28 Jun to 03 Jul 2022,Clay,2nd Round,L,0-6 2-6
800593207,800594088.0,Abderrahmen Baccouche,TUN,J4 Carthage,2022,28 Jun to 03 Jul 2022,Clay,1st Round,W,6-0 6-4
800593207,800544170.0,David Prasievi,GEO,J4 Kelibia,2022,21 Jun to 26 Jun 2022,Hard,Quarter-final,L,4-6 2-6
800593207,800695169.0,Mehdi Abdennabi,TUN,J4 Kelibia,2022,21 Jun to 26 Jun 2022,Hard,1st Round,W,6-3 7-6
800709226,800530854.0,Vicente Preto,POR,J5 Garisart,2022,13 Jul to 17 Jul 2022,Clay,Quarter-final,L,1-6 2-6
800709226,800601945.0,Tanguy Catrysse,BEL,J5 Garisart,2022,13 Jul to 17 Jul 2022,Clay,1st Round,W,7-5 6-2
800597284,800585005.0,Petter Lindquist,SWE,J4 Tampere,2022,02 Nov to 06 Nov 2022,Hard,1st Round,L,2-6 2-6
800597284,800540764.0,Enrico Franchi,GBR,J4 Vierumaki,2022,25 Oct to 30 Oct 2022,Hard,1st Round,L,1-6 1-6
800597284,800568658.0,Ignas Grusnius,LTU,J5 Nastola,2022,18 Oct to 23 Oct 2022,Hard,1st Round,L,0-6 2-6
800597284,800568574.0,Alan Wazny,POL,J5 Nastola,2022,28 Mar to 02 Apr 2022,Hard,2nd Round,L,2-6 2-6
800597284,800578451.0,Rick Nieke,JPN,J5 Nastola,2022,28 Mar to 02 Apr 2022,Hard,1st Round,W,7-5 6-2
800694754,800678734.0,Kevin Kotze,RSA,J5 Gaborone,2022,22 Aug to 27 Aug 2022,Hard,Quarter-final,L,6-3 1-6 11-13
800694754,800719576.0,Katlego Masa Regoeng,BOT,J5 Gaborone,2022,22 Aug to 27 Aug 2022,Hard,2nd Round,W,6-2 6-1
800694754,800643947.0,Calum Jestin,RSA,JA Pretoria,2022,08 Aug to 13 Aug 2022,Hard,2nd Round,L,1-6 1-6
800694754,800652423.0,Daniel Watson,RSA,J1 Durban,2022,02 Aug to 06 Aug 2022,Hard,1st Round,L,5-7 5-7
800694754,800503819.0,Benjamin Scott,RSA,J2 Durban,2022,26 Jul to 30 Jul 2022,Hard,2nd Round,L,1-6 3-6
800662937,800578275.0,Denis Vishenchuk Vishenko,RUS,J3 Tashkent,2022,01 Aug to 06 Aug 2022,Hard,Quarter-final,L,1-6 2-6
800662937,800625716.0,Bexruzjon Baxshillaev,UZB,J3 Tashkent,2022,01 Aug to 06 Aug 2022,Hard,2nd Round,W,6-2 6-3
800655667,800553373.0,Mateo Leon Quinones,CHI,J4 Lima,2022,16 May to 21 May 2022,Clay,1st Round,L,1-6 3-6
800644240,800580505.0,Matthew Goh,MAS,J5 Islamabad,2022,14 Nov to 19 Nov 2022,Hard,1st Round,L,0-6 0-6
800644240,800538179.0,Amir Asylkozhaev,RUS,J5 Islamabad,2022,07 Nov to 12 Nov 2022,Hard,1st Round,L,0-6 0-6
800643373,800496288.0,Maxim Cazac,MDA,J5 Istanbul,2022,17 Oct to 23 Oct 2022,Hard,1st Round,L,2-6 2-6
800643373,800545842.0,Kivanc Bedir,TUR,J5 Istanbul,2022,10 Oct to 16 Oct 2022,Hard,1st Round,L,7-6 2-6 4-10
800695357,800684666.0,Derek Hafiz,USA,J5 Christiansted,2022,16 May to 21 May 2022,Hard,1st Round,L,0-6 3-6
800695357,800706879.0,Graham Bourne,USA,J5 Christiansted,2022,09 May to 14 May 2022,Hard,Semi-final,L,2-6 0-6
800656506,800657270.0,Aryan Jit Singh,GBR,J4 Nonthaburi,2022,24 Oct to 29 Oct 2022,Hard,2nd Round,L,2-6 2-6
800656506,800656233.0,Pajara Thaweekul,THA,J4 Nonthaburi,2022,24 Oct to 29 Oct 2022,Hard,1st Round,W,6-2 6-1
800656506,800575335.0,Joewyn Rey Pascua,PHI,J2 Nonthaburi,2022,17 Oct to 22 Oct 2022,Hard,1st Round,L,1-6 0-6
800656506,800537347.0,Eytan Miessen,BEL,J5 Nonthaburi,2022,15 Aug to 20 Aug 2022,Hard,1st Round,L,4-6 6-1 2-6
800656506,800580049.0,Arnav Bishoyi,IND,J5 Nonthaburi,2022,08 Aug to 13 Aug 2022,Hard,1st Round,L,2-6 1-6
800656506,800582583.0,Natsuki Yamamoto,JPN,J4 Nonthaburi,2022,27 Jun to 02 Jul 2022,Hard,2nd Round,L,3-6 2-6
800656506,800552282.0,Ratchapol Sakulvongtana,THA,J4 Nonthaburi,2022,27 Jun to 02 Jul 2022,Hard,1st Round,W,6-2 6-0
800575567,800687143.0,Yutaro Hibino,JPN,J5 Matsuyama,2022,07 Dec to 11 Dec 2022,Hard,1st Round,L,2-6 3-6
800575567,800645115.0,Quoc Lam Vo,VIE,J3 Kuala Lumpur,2022,18 Oct to 23 Oct 2022,Hard,1st Round,L,6-2 2-6 8-10
800575567,800603882.0,Brendan Loh,AUS,J3 Sarawak,2022,11 Oct to 16 Oct 2022,Hard,1st Round,L,3-6 3-6
800575567,800622176.0,Emir Effendy,MAS,J3 Sarawak,2022,11 Oct to 16 Oct 2022,Hard,1st Round,W,6-1 6-7 14-12
800575567,800552282.0,Ratchapol Sakulvongtana,THA,J4 Nonthaburi,2022,27 Jun to 02 Jul 2022,Hard,2nd Round,L,2-6 4-6
800575567,800689784.0,Tegh Singh,THA,J4 Nonthaburi,2022,27 Jun to 02 Jul 2022,Hard,1st Round,W,6-4 6-3
800575567,800583850.0,Shiv Hariharan,IND,J4 Seremban	 	,2022,24 May to 29 May 2022,Hard,1st Round,L,5-7 6-4 4-10
800575567,800534897.0,Jayden Ye Li Wong,MAS,J5 Selangor,2022,09 Mar to 13 Mar 2022,Hard,1st Round,L,5-7 7-5 6-10
800695400,800654119.0,Connor Doig,RSA,J3 Pretoria,2022,24 Oct to 29 Oct 2022,Hard,1st Round,L,1-6 0-6
800695400,800572589.0,James Hart,RSA,J3 Johannesburg,2022,17 Oct to 22 Oct 2022,Hard,2nd Round,L,2-6 0-6
800695400,800705054.0,Wikus Boshoff,RSA,J5 Pretoria,2022,13 Jun to 17 Jun 2022,Hard,1st Round,L,7-5 0-6 8-10
800695400,800696422.0,Christian Smith,RSA,J4 Pretoria,2022,06 Jun to 10 Jun 2022,Hard,1st Round,L,3-6 1-6
800598621,800724763.0,Tom van Valkenburg,NED,J4 Emmeloord,2022,11 Oct to 15 Oct 2022,Carpet,1st Round,L,2-6 6-4 8-10
800681873,800514144.0,Leon Borcic,GER,J3 Dubrovnik,2022,17 Oct to 23 Oct 2022,Clay,1st Round,L,2-6 2-6
800700763,800657086.0,Anhad Singh Oberoi,IND,J5 Yaoundé,2022,14 Nov to 19 Nov 2022,Hard,1st Round,L,1-6 1-6
800700763,800702562.0,Oumarou TAMIMOU,CMR,J5 Yaoundé,2022,07 Nov to 12 Nov 2022,Hard,1st Round,L,5-7 1-6
800700763,800597080.0,Mostafa Noureldine,EGY,J5 Douala,2022,12 Apr to 17 Apr 2022,Hard,1st Round,L,0-6 0-6
800700763,800683119.0,Borris Ekani Essono,CMR,J5 Douala,2022,05 Apr to 10 Apr 2022,Hard,1st Round,L,1-6 0-6
800675463,800602599.0,Lucas Hoyos,COL,J4 Pereira,2022,21 Nov to 25 Nov 2022,Clay,2nd Round,L,3-6 1-6
800675463,800668476.0,Alejandro Osorio Naranjo,COL,J4 Pereira,2022,21 Nov to 25 Nov 2022,Clay,1st Round,W,6-4 6-1
800601379,800598113.0,Ye Chan Choi,KOR,JB1 Osan - Asia Closed,2022,31 Oct to 06 Nov 2022,Hard,1st Round,L,0-6 3-6
800601379,800603068.0,Woong Chan Lee,KOR,J5 Andong,2022,23 Aug to 28 Aug 2022,Hard,1st Round,L,5-7 2-6
800578288,800544824.0,Viktor Fainstein,EST,J5 Aizkraukle,2022,03 Oct to 08 Oct 2022,Carpet,2nd Round,L,3-6 1-6
800578288,800565842.0,Julius Leino,FIN,J4 Riga,2022,22 Aug to 27 Aug 2022,Clay,2nd Round,L,1-4
800578288,800597357.0,Tymofii Karpaliuk,UKR,J4 Riga,2022,22 Aug to 27 Aug 2022,Clay,1st Round,W,7-6 6-0
800675354,800666220.0,Amir hossein Nabilou,IRI,J4 Tehran,2022,11 Jul to 16 Jul 2022,Clay,2nd Round,L,1-6 1-6
800675354,800667630.0,Nima Nourani,IRI,J4 Tehran,2022,11 Jul to 16 Jul 2022,Clay,1st Round,W,6-2 7-6
800675354,800549403.0,Kian Karimi Reykandeh,IRI,J4 Kish Island,2022,31 Jan to 05 Feb 2022,Clay,1st Round,L,6-3 1-6 2-6
800675354,800636125.0,Amir Fakhri,IRI,J4 Kish Island,2022,24 Jan to 29 Jan 2022,Clay,1st Round,L,5-7 0-6
800591607,800573677.0,Sten Hiiesalu,EST,J5 Siauliai,2022,11 Jul to 16 Jul 2022,Clay,1st Round,L,0-6 5-7
800620935,800690668.0,Jonatan Santiago Hidalgo,COL,J4 Armenia,2022,28 Nov to 02 Dec 2022,Clay,Quarter-final,L,2-6 3-6
800620935,800654432.0,Jose David Tobar Sanchez,COL,J4 Armenia,2022,28 Nov to 02 Dec 2022,Clay,2nd Round,W,7-6 2-6 10-8
800620935,800704034.0,Martin Macias,COL,J4 Armenia,2022,28 Nov to 02 Dec 2022,Clay,1st Round,W,6-4 6-2
800620935,800575192.0,Daniel Camilo Serrato Camacho,COL,J4 Pereira,2022,21 Nov to 25 Nov 2022,Clay,1st Round,L,4-6 0-6
800620935,800547710.0,Martin Cisneros,ECU,J4 Pereira,2022,21 Nov to 25 Nov 2022,Clay,Quarter-final,W,6-1 6-2
800620935,800675275.0,Jeronimo Neira,COL,J4 Pereira,2022,21 Nov to 25 Nov 2022,Clay,2nd Round,W,6-2 6-2
800620935,800586398.0,Juan Jose Herrero,COL,J4 Pereira,2022,21 Nov to 25 Nov 2022,Clay,1st Round,W,6-4 6-4
800620935,800654432.0,Jose David Tobar Sanchez,COL,J5 Valledupar,2022,24 Oct to 28 Oct 2022,Hard,Quarter-final,L,2-6 3-6
800620935,800651897.0,Kendrick Lambrano Suarez,COL,J5 Valledupar,2022,24 Oct to 28 Oct 2022,Hard,2nd Round,W,6-2 3-6 10-7
800620935,800675410.0,Jorge Mayorga,COL,J5 Valledupar,2022,24 Oct to 28 Oct 2022,Hard,1st Round,W,6-2 6-3
800620935,800532945.0,Alejandro Gil Montoya,COL,J5 Cartagena,2022,17 Oct to 21 Oct 2022,Hard,2nd Round,L,6-7 3-6
800620935,800603690.0,Pablo Suarez,COL,J5 Cartagena,2022,17 Oct to 21 Oct 2022,Hard,1st Round,W,4-6 7-6 10-4
800585054,800632393.0,Dhiraj Reddy Vennapusa,IND,J5 Pokhara,2022,28 Nov to 03 Dec 2022,Clay,1st Round,L,1-6 0-1
800674704,800654968.0,Vardan Manukyan,RUS,J4 Sofia,2022,08 Aug to 13 Aug 2022,Clay,1st Round,L,1-6 4-6
800674704,800589490.0,Alin Butnaru,ROU,J5 Sofia,2022,28 Jun to 03 Jul 2022,Clay,1st Round,L,1-6 2-6
800600577,800526380.0,Taewan Joo,KOR,JB1 Osan - Asia Closed,2022,31 Oct to 06 Nov 2022,Hard,2nd Round,L,1-6 1-6
800600577,800598708.0,Seung Bae Lee,KOR,JB1 Osan - Asia Closed,2022,31 Oct to 06 Nov 2022,Hard,1st Round,W,6-1 6-2
800600577,800557441.0,Seon Jun Ji,KOR,J5 Gimcheon,2022,19 Apr to 24 Apr 2022,Hard,1st Round,L,1-6 1-6
800632009,800693461.0,Pavlos Christoforakis,RSA,J3 Johannesburg,2022,17 Oct to 22 Oct 2022,Hard,2nd Round,L,3-6 1-6
800632009,800691007.0,Mpho Leshoele,LES,J5 Gaborone,2022,29 Aug to 03 Sep 2022,Hard,2nd Round,L,1-6 2-6
800632009,800654758.0,Maqhawe Qame,BOT,J5 Gaborone,2022,29 Aug to 03 Sep 2022,Hard,1st Round,W,6-0 6-0
800632009,800654386.0,Seabo Saleshando,BOT,J5 Gaborone,2022,22 Aug to 27 Aug 2022,Hard,1st Round,L,6-7 4-6
800632009,800709465.0,Bryan Wiggill,RSA,J5 Gaborone,2022,22 Aug to 27 Aug 2022,Hard,Quarter-final,W,3-6 6-2 13-11
800632009,800634776.0,JASH SHAH,AUS,J5 Gaborone,2022,22 Aug to 27 Aug 2022,Hard,2nd Round,W,7-6 6-1
800592193,800557501.0,Matteo De Sanctis,ITA,J5 Yerevan,2022,17 Oct to 22 Oct 2022,Clay,1st Round,L,0-6 1-6
800592193,800543940.0,Yoan Naydenov,BUL,J5 Yerevan,2022,10 Oct to 15 Oct 2022,Clay,2nd Round,L,1-6 1-6
800592193,800636498.0,Dominik Spychalski,POL,J5 Yerevan,2022,10 Oct to 15 Oct 2022,Clay,1st Round,W,6-2 6-2
800724586,800703333.0,Cian Ingles,AUS,J5 Perth,2022,16 Nov to 20 Nov 2022,Hard,1st Round,L,6-3 1-6 6-10
800705067,800683326.0,Matthew K Chu,CAN,J4 Victoria,2022,17 Oct to 22 Oct 2022,Hard,1st Round,L,3-6 1-6
800705067,800726879.0,Armaan Mawji,CAN,J4 Langley,2022,10 Oct to 15 Oct 2022,Hard,2nd Round,L,2-6 5-7
800705067,800683319.0,NIHAL BHINDER,CAN,J4 Langley,2022,10 Oct to 15 Oct 2022,Hard,1st Round,W,6-0 6-2
800705067,800683326.0,Matthew K Chu,CAN,J4 Vancouver,2022,11 Jul to 16 Jul 2022,Hard,Quarter-final,L,3-6 3-6
800705067,800711131.0,Toshiharu Hara,JPN,J4 Vancouver,2022,11 Jul to 16 Jul 2022,Hard,1st Round,W,1-6 6-1 10-7
800630826,800590513.0,Stiven Uretsky,ISR,J5 Ashkelon,2022,06 Sep to 11 Sep 2022,Hard,1st Round,L,2-6 0-6
800594137,800578174.0,Antonin Witz,FRA,J5 Saint Denis,2022,24 Oct to 30 Oct 2022,Clay,1st Round,L,0-1
800594137,800546455.0,Teva Ardillon,FGU,J5 Saint Paul,2022,17 Oct to 23 Oct 2022,Hard,1st Round,L,6-7 6-3 5-7
800690483,800635536.0,Sehaj Singh Pawar,IND,J5 Nonthaburi,2022,15 Aug to 20 Aug 2022,Hard,3rd Round,L,0-6 1-6
800690483,800575719.0,Sei Koga,JPN,J5 Nonthaburi,2022,15 Aug to 20 Aug 2022,Hard,1st Round,W,6-2 6-0
800690483,800635536.0,Sehaj Singh Pawar,IND,J5 Nonthaburi,2022,08 Aug to 13 Aug 2022,Hard,2nd Round,L,2-6 2-6
800690483,800535652.0,Sachindhananda Balamurugan,MAS,J5 Nonthaburi,2022,08 Aug to 13 Aug 2022,Hard,1st Round,W,4-6 6-4 10-3
800718680,800645069.0,Morgane Segodo,BEN,J4 Lome,2022,03 Oct to 07 Oct 2022,Hard,1st Round,L,0-6 1-6
800718680,800695726.0,OLUWASEUN PETER OGUNSAKIN,NGR,J4 Lome,2022,03 Oct to 07 Oct 2022,Hard,Quarter-final,L,0-6 4-6
800718680,800720684.0,Rodriguez Beni GANDONOU,BEN,J4 Lome,2022,03 Oct to 07 Oct 2022,Hard,2nd Round,W,6-4 6-2
800718680,800541084.0,Mathis Seidl,GER,J5 Lome,2022,26 Sep to 30 Sep 2022,Hard,2nd Round,L,6-3 2-6 2-6
800718680,800721518.0,Rido Jerry Adio Noudogbessi,BEN,J5 Lome,2022,26 Sep to 30 Sep 2022,Hard,1st Round,W,6-0 6-1
800718680,800720684.0,Rodriguez Beni GANDONOU,BEN,J5 Lome,2022,26 Sep to 30 Sep 2022,Hard,Quarter-final,W,6-2 6-1
800718680,800563793.0,Rurik Rajini,IND,J4 Accra,2022,29 Aug to 03 Sep 2022,Hard,1st Round,L,1-6 0-6
800718680,800621327.0,Usman Kushimo,NGR,J4 Accra,2022,22 Aug to 27 Aug 2022,Hard,2nd Round,L,4-6 0-6
800718680,800695726.0,OLUWASEUN PETER OGUNSAKIN,NGR,J5 Accra,2022,15 Aug to 20 Aug 2022,Hard,Quarter-final,L,2-6 1-6
800718680,800546394.0,Jeff Gatien Sodji,TOG,J5 Accra,2022,15 Aug to 20 Aug 2022,Hard,2nd Round,W,6-3 6-4
800718680,800716945.0,Fortune Emmanuel,NGR,J5 Accra,2022,15 Aug to 20 Aug 2022,Hard,1st Round,W,6-3 6-1
800718680,800716988.0,Adakole Thankgod Ikparti Adakole,NGR,J5 Accra,2022,08 Aug to 13 Aug 2022,Hard,1st Round,L,4-6 3-6
800643283,800565894.0,Moritz Kolbe,ITA,J5 Leimen,2022,08 Nov to 13 Nov 2022,Hard,1st Round,L,4-6 4-6
800713874,800728320.0,George Diable,AUS,J5 Perth,2022,16 Nov to 20 Nov 2022,Hard,1st Round,L,2-6 4-6
800570947,800556772.0,Roben Gavani,BUL,J5 Larnaca,2022,31 Oct to 04 Nov 2022,Hard,2nd Round,L,6-1 2-6 1-6
800570947,800527971.0,Grigorios Samartsidis,GRE,J5 Larnaca,2022,31 Oct to 04 Nov 2022,Hard,1st Round,W,6-1 6-2
800570947,800660901.0,Igor Hornung,HUN,J5 Larnaca,2022,31 Oct to 04 Nov 2022,Hard,Quarter-final,W,6-3 6-3
800570947,800697421.0,Eliot Nobel,SWE,J5 Larnaca,2022,31 Oct to 04 Nov 2022,Hard,2nd Round,W,6-2 6-2
800570947,800569003.0,David Yalanuzyan,CYP,J5 Larnaca,2022,31 Oct to 04 Nov 2022,Hard,1st Round,W,6-0 6-0
800570947,800570352.0,Christos Glavas,GRE,J5 Limassol,2022,24 Oct to 29 Oct 2022,Clay,1st Round,L,6-7 2-6
800570947,800587826.0,Pietro Verno,ITA,J4 Bari,2022,10 Oct to 15 Oct 2022,Hard,2nd Round,L,6-2 4-6 7-10
800570947,800590928.0,Gabriele Crivellaro,ITA,J4 Bari,2022,10 Oct to 15 Oct 2022,Hard,1st Round,W,3-6 6-1 10-8
800570947,800567066.0,Lorenzo Beraldo,ITA,J4 Pescara,2022,03 Oct to 08 Oct 2022,Clay,Quarter-final,L,3-6 2-6
800570947,800538331.0,Jacopo Borsoi,ITA,J4 Pescara,2022,03 Oct to 08 Oct 2022,Clay,2nd Round,W,4-6 6-3 10-5
800570947,800575248.0,Pietro Aprile,ITA,J4 Pescara,2022,03 Oct to 08 Oct 2022,Clay,1st Round,W,6-7 6-3 10-8
800570947,800598960.0,Samuele Seghetti,ITA,J5 Cuneo,2022,15 Aug to 20 Aug 2022,Clay,2nd Round,L,0-6 1-6
800570947,800551988.0,Sacha Amoyel,FRA,J5 Cuneo,2022,15 Aug to 20 Aug 2022,Clay,1st Round,W,6-2 6-2
800693196,800722856.0,Luke Eagles-Smith,NZL,J3 Auckland,2022,03 Oct to 07 Oct 2022,Hard,1st Round,L,5-7 2-6
800693196,800667379.0,Jesse Gothelf,AUS,J5 Auckland,2022,26 Sep to 30 Sep 2022,Hard,1st Round,L,1-6 2-6
800693196,800598471.0,Percy Meehan,NZL,J4 Christchurch,2022,18 Jan to 22 Jan 2022,Hard,1st Round,L,4-6 1-6
800696015,800586000.0,Adrian Quiros Monterrey,CRC,J5 Santa Tecla,2022,15 Aug to 20 Aug 2022,Hard,1st Round,L,0-6 0-6
800696015,800581448.0,Guillermo David Rodriguez Pinilla,PAN,J5 Managua,2022,08 Aug to 13 Aug 2022,Hard,1st Round,L,2-6 1-6
800696015,800651573.0,Nicolas Garnier,CRC,J5 Managua,2022,01 Aug to 06 Aug 2022,Hard,1st Round,L,1-6 0-6
800696015,800717890.0,Rodrigo Leal,NCA,J5 Managua,2022,01 Aug to 06 Aug 2022,Hard,Quarter-final,W,6-0 6-0
800696015,800592711.0,Alejo Aguilera toscano,MEX,J5 Monterrey,2022,21 Feb to 26 Feb 2022,Hard,2nd Round,L,3-6 0-6
800696015,800695166.0,Armando Gamez,MEX,J5 Monterrey,2022,21 Feb to 26 Feb 2022,Hard,1st Round,W,6-3 6-2
800582226,800537613.0,Taymur Muhammad,GBR,J5 Silla-Saladar,2022,01 Nov to 05 Nov 2022,Clay,1st Round,L,6-4 3-6 3-10
800582226,800626300.0,Tommy Guichard,USA,J5 La Nucia,2022,24 Oct to 29 Oct 2022,Clay,1st Round,L,2-6 4-6
800719856,800698756.0,Aaron Armaah,GHA,J4 Lome,2022,03 Oct to 07 Oct 2022,Hard,Quarter-final,L,4-6 1-6
800719856,800715638.0,Behn Malik AHOUANDJINOU,BEN,J4 Lome,2022,03 Oct to 07 Oct 2022,Hard,2nd Round,W,6-2 6-0
800719856,800671812.0,Joseph franklin Jimoh,NGR,J5 Lome,2022,26 Sep to 30 Sep 2022,Hard,1st Round,L,0-6 3-6
800719856,800673156.0,Fortune Joseph,NGR,J4 Accra,2022,22 Aug to 27 Aug 2022,Hard,2nd Round,L,4-6 4-6
800671855,800649030.0,Karim kechaou,TUN,J5 Hammam Sousse,2022,08 Nov to 13 Nov 2022,Hard,1st Round,L,5-7 4-6
800671855,800643082.0,Ahmed Darmoul,TUN,J5 Bizerte,2022,14 Jun to 19 Jun 2022,Clay,2nd Round,L,3-6 2-6
800671855,800541962.0,Ibrahim Benyahia,MAR,J5 Gazelec,2022,10 May to 15 May 2022,Hard,Quarter-final,L,1-6 0-2
800671855,800588848.0,Omar Hamdoun,TUN,J5 Gazelec,2022,10 May to 15 May 2022,Hard,2nd Round,W,6-1 6-3
800671855,800541692.0,Karim Fendri,TUN,J5 Nabeul,2022,22 Mar to 27 Mar 2022,Clay,1st Round,L,1-4 1-4
800684564,800670650.0,Terry Lau,HKG,J5 Llanos de Curundu,2022,21 Nov to 26 Nov 2022,Clay,1st Round,L,3-6 7-5 6-7
800684564,800640566.0,Chad Valdes,PAN,J5 Kingston,2022,14 Nov to 18 Nov 2022,Hard,1st Round,L,6-7 0-6
800684564,800678055.0,Samuel Ramirez Espino,MEX,J5 Estado de Mexico,2022,19 Sep to 24 Sep 2022,Hard,2nd Round,L,1-6 3-6
800675121,800654163.0,Adam Moumar,MAR,J5 Casablanca,2022,24 Oct to 29 Oct 2022,Clay,2nd Round,L,2-6 0-6
800675121,800690180.0,Faris Ouarzazi,MAR,J5 Casablanca,2022,24 Oct to 29 Oct 2022,Clay,1st Round,W,7-6 6-4
800675121,800567136.0,Yosri Abdelmoula,TUN,J4 Rabat,2022,17 Oct to 22 Oct 2022,Clay,1st Round,L,3-6 2-6
800675121,800512940.0,Niels Ratiu,BEL,J3 Rabat,2022,21 Mar to 26 Mar 2022,Clay,1st Round,L,0-6 0-6
800710393,800711502.0,VINICIUS AMANN SILVEIRA,BRA,J4 Leon,2022,20 Jun to 25 Jun 2022,Hard,2nd Round,L,3-6 3-6
800714428,800717749.0,Andrew Andea,USA,J4 Tacarigua,2022,22 Aug to 27 Aug 2022,Hard,1st Round,L,0-6 0-6
800714428,800582270.0,Guillermo Alfonso Bennaton,HON,J5 Tacarigua,2022,15 Aug to 20 Aug 2022,Hard,1st Round,L,0-6 1-6
800714428,800653852.0,Zach Friedland,USA,J5 Tacarigua,2022,08 Aug to 13 Aug 2022,Hard,1st Round,L,0-6 0-6
800714428,800621340.0,Saqiv Williams,CAN,J5 Tacarigua,2022,08 Aug to 13 Aug 2022,Hard,Quarter-final,W,6-3
800714428,800599589.0,Jamar Parkinson,JAM,J4 Kingston,2022,25 Jul to 30 Jul 2022,Hard,2nd Round,L,2-6 5-7
800714428,800561509.0,Giancarlo Rosario,DOM,J5 Kingston,2022,18 Jul to 23 Jul 2022,Hard,2nd Round,L,0-6 1-6
800711622,800627311.0,Rodrigo Marron,MEX,J4 Leon,2022,27 Jun to 02 Jul 2022,Hard,2nd Round,L,3-6 4-6
800711622,800589388.0,Derek Winsnes,MEX,J4 Leon,2022,20 Jun to 25 Jun 2022,Hard,2nd Round,L,2-6 3-6
800670352,800598721.0,Louis Maha Viro Deo Tarigan,INA,J5 Surabaya		,2022,04 Oct to 09 Oct 2022,Hard,1st Round,L,1-6 0-6
800670352,800575335.0,Joewyn Rey Pascua,PHI,J5 Yogyakarta,2022,23 May to 28 May 2022,Hard,1st Round,L,2-6 3-6
800670352,800597372.0,Christopher Bennett Wirahadipoernomo,INA,J5 Yogyakarta,2022,23 May to 28 May 2022,Hard,3rd Round,W,7-5 4-6 10-7
800670352,800704540.0,Tyaga Hijrah Katilu,INA,J5 Yogyakarta,2022,23 May to 28 May 2022,Hard,2nd Round,W,6-4 6-2
800670352,800707539.0,Attariq Ihsan,INA,J5 Yogyakarta,2022,23 May to 28 May 2022,Hard,1st Round,W,6-2 6-3
800670352,800707413.0,Renaldi Aqila A Salim,INA,J5 Yogyakarta,2022,16 May to 21 May 2022,Hard,1st Round,L,1-6 1-6
800598000,800582485.0,Haruki Okude,JPN,J5 Matsuyama,2022,07 Dec to 11 Dec 2022,Hard,1st Round,L,1-6 3-6
800598000,800679463.0,Taichi Wakamatsu,JPN,J3 Kawaguchi,2022,05 Oct to 09 Oct 2022,Hard,1st Round,L,3-6 1-6
800625880,800707413.0,Renaldi Aqila A Salim,INA,J5 Yogyakarta,2022,23 May to 28 May 2022,Hard,1st Round,L,1-6 0-6
800625880,800578249.0,Audric Madyapanna,INA,J5 Yogyakarta,2022,16 May to 21 May 2022,Hard,1st Round,L,0-6 3-6
800625880,800649127.0,Axel Raber,SWE,J4 Singapore,2022,28 Feb to 05 Mar 2022,Hard,1st Round,L,3-6 0-6
800625880,800584046.0,Ethan Matthew Koh,SGP,J4 Singapore,2022,24 Jan to 29 Jan 2022,Hard,1st Round,L,1-6 0-6
800625880,800648716.0,Brandon Tan,SGP,J4 Singapore,2022,24 Jan to 29 Jan 2022,Hard,Quarter-final,L,0-6 1-6
800625880,800568925.0,Johnathan Soe Moe,SGP,J4 Singapore,2022,24 Jan to 29 Jan 2022,Hard,2nd Round,W,2-6 6-0 10-8
800625880,800582458.0,Arav Jain,IND,J4 Singapore,2022,24 Jan to 29 Jan 2022,Hard,1st Round,W,5-7 6-2 10-4
800625880,800667751.0,Nicholas Soe Moe,SGP,J5 Singapore,2022,17 Jan to 22 Jan 2022,Hard,1st Round,L,6-1 1-6 7-10
800657264,800710153.0,Leonardo Ferrazza Marin,BRA,J5 Luque,2022,05 Dec to 10 Dec 2022,Clay,1st Round,L,3-6 1-6
800657264,800595049.0,Leandro Martin Aranda Gauto,ARG,J5 Luque,2022,28 Nov to 03 Dec 2022,Clay,2nd Round,L,1-6
800657264,800699618.0,Andrei Caragea,CAN,J5 Woodbridge 		,2022,24 Oct to 28 Oct 2022,Hard,1st Round,L,2-6 5-7
800657264,800678297.0,Lucas Kimelman,CAN,J4 Victoria,2022,17 Oct to 22 Oct 2022,Hard,1st Round,L,0-6 1-6
800657264,800649692.0,Yubel Ubri,USA,J5 Kingston,2022,18 Jul to 23 Jul 2022,Hard,2nd Round,L,0-6 2-6
800657264,800712724.0,Kyle Malachi Alexander Clarke,JAM,J5 Kingston,2022,18 Jul to 23 Jul 2022,Hard,1st Round,W,6-3 6-3
800657264,800672470.0,Miko Lapalme,CAN,J4 Vancouver,2022,11 Jul to 16 Jul 2022,Hard,1st Round,L,0-6 1-6
800657264,800597539.0,Keenan Desmarais,CAN,J3 Calgary,2022,20 Jun to 25 Jun 2022,Hard,1st Round,L,6-7 5-7
800657264,800682900.0,Gelan Su,CAN,J5 Kamloops,2022,06 Jun to 11 Jun 2022,Hard,1st Round,L,0-6 0-6
800657264,800682900.0,Gelan Su,CAN,J5 Victoria,2022,30 May to 04 Jun 2022,Hard,1st Round,L,1-6 0-6
800582359,800561394.0,Pierre Antoine Faut,FRA,J5 Lyon,2022,26 Sep to 01 Oct 2022,Clay,1st Round,L,2-6 6-4 5-7
800582359,800562284.0,Lenny Haddad,FRA,J4 Menton,2022,05 Sep to 10 Sep 2022,Clay,2nd Round,L,1-6 5-7
800582359,800558448.0,Noah Boutleux,FRA,J4 Dijon,2022,29 Aug to 03 Sep 2022,Clay,1st Round,L,6-4 1-6 2-10
800711299,800731445.0,Ikenna Prosper Okonkwo,NGR,J5 Abuja,2022,30 Nov to 04 Dec 2022,Hard,Quarter-final,L,1-6 3-6
800711299,800671812.0,Joseph franklin Jimoh,NGR,J5 Abuja,2022,23 Nov to 27 Nov 2022,Hard,1st Round,L,2-6 0-6
800711299,800672808.0,ABUBAKAR ALIYU,NGR,J5 Abuja,2022,23 Nov to 27 Nov 2022,Hard,Quarter-final,L,6-7 3-6
800711299,800553568.0,Fateh Singh,IND,J4 Guwahati,2022,14 Nov to 19 Nov 2022,Hard,2nd Round,L,1-6 0-6
800711299,800530097.0,Aryanth reddy Chintharlapalli,IND,J4 Guwahati,2022,14 Nov to 19 Nov 2022,Hard,1st Round,W,4-6 6-3 10-5
800592457,800513156.0,Cem Atlamis,TUR,J5 Peja,2022,05 Sep to 10 Sep 2022,Hard,1st Round,L,1-6 2-6
800684589,800725309.0,Pete Tran,USA,J4 Lexington,2022,24 Oct to 29 Oct 2022,Hard,2nd Round,L,4-6 2-6
800684589,800728348.0,Aaron Yang,CHN,J4 Lexington,2022,24 Oct to 29 Oct 2022,Hard,1st Round,W,6-1 6-0
800684589,800684329.0,Adrian Treacy,USA,J4 Atlanta,2022,17 Oct to 22 Oct 2022,Hard,2nd Round,L,4-6 6-7
800684589,800725647.0,Murray Ellington,USA,J4 Atlanta,2022,17 Oct to 22 Oct 2022,Hard,1st Round,W,6-0 6-0
800719518,800652742.0,NIhaal Dhaliwal,CAN,J5 Tegucigalpa,2022,12 Sep to 17 Sep 2022,Hard,1st Round,L,4-6 2-6
800643207,800603908.0,Shanker Heisnam,IND,J3 Pune,2022,28 Nov to 03 Dec 2022,Hard,2nd Round,L,0-6 5-7
800643207,800699282.0,ARJUN KIRRTANE,IND,J3 Pune,2022,28 Nov to 03 Dec 2022,Hard,1st Round,W,7-5 6-3
800689702,800588545.0,Negad Ezzat,EGY,J4 Giza,2022,31 Oct to 06 Nov 2022,Clay,1st Round,L,4-6 1-6
800689702,800640073.0,Adam Sharaf,EGY,J3 Cairo,2022,22 Aug to 26 Aug 2022,Clay,1st Round,L,4-6 6-3 16-18
800689702,800632416.0,Youssef Elshatbi,EGY,J3 Cairo,2022,08 Aug to 12 Aug 2022,Clay,1st Round,L,2-6 2-6
800689702,800690314.0,Ahmed Zaghloul,EGY,J5 Giza,2022,11 Jul to 17 Jul 2022,Clay,Quarter-final,L,6-3 2-6 3-10
800689702,800649521.0,Hesham Abdelrahman Kamel,EGY,J5 Giza,2022,11 Jul to 17 Jul 2022,Clay,2nd Round,W,6-3 7-6
800689702,800701515.0,Ali Allam,EGY,J5 Giza,2022,11 Jul to 17 Jul 2022,Clay,1st Round,W,6-0 6-1
800689702,800520798.0,Ahmed Abdelaziz,EGY,J5 Cairo,2022,23 May to 29 May 2022,Clay,1st Round,L,1-6 6-4 8-10
800689702,800621488.0,Yassin Elhefnawi,EGY,J5 Cairo,2022,16 May to 22 May 2022,Clay,1st Round,L,3-6 2-6
800689702,800701565.0,Omar Galal salem,EGY,J4 Cairo,2022,21 Mar to 27 Mar 2022,Clay,1st Round,L,6-7 0-6
800693405,800678055.0,Samuel Ramirez Espino,MEX,J5 Zapopan,2022,17 Oct to 22 Oct 2022,Clay,1st Round,L,0-6 1-6
800693405,800714643.0,Jorge Fonseca Azpeitia,MEX,J4 Queretaro,2022,05 Sep to 10 Sep 2022,Clay,1st Round,L,1-6 4-6
800693405,800569536.0,Diego Dedura-Palomero,GER,2022 ITF World Junior Tennis Finals (Boys),2022,01 Aug to 06 Aug 2022,Clay,Round Robin Group 4,L,2-6 0-6
800693405,800640547.0,Santiago Flyckt,SWE,J4 Leon,2022,27 Jun to 02 Jul 2022,Hard,1st Round,L,0-6 1-6
800693405,800660174.0,Javier Lugo,MEX,J4 Queretaro,2022,07 Feb to 12 Feb 2022,Clay,1st Round,L,6-1 3-6 8-10
800693405,800625122.0,Emilio Zavala Salinas,MEX,J5 Morelos,2022,31 Jan to 05 Feb 2022,Hard,2nd Round,L,0-6 0-6
800693405,800646558.0,Birk Arwedahl,SWE,J5 Morelos,2022,31 Jan to 05 Feb 2022,Hard,1st Round,W,6-2 6-0
800720824,800568128.0,Riccardo Surano,ITA,J5 Sidi Kacem,2022,28 Nov to 03 Dec 2022,Clay,1st Round,L,0-6 0-6
800720824,800531062.0,Jose Freitas,POR,J5 Meknes,2022,21 Nov to 26 Nov 2022,Clay,1st Round,L,0-6 1-6
800720824,800628642.0,JASSIM SBAI,MAR,J5 Oujda,2022,14 Nov to 19 Nov 2022,Clay,Quarter-final,L,4-6 3-6
800720824,800684967.0,Fahd Myel,MAR,J5 Oujda,2022,14 Nov to 19 Nov 2022,Clay,2nd Round,W,6-2 6-4
800720824,800654163.0,Adam Moumar,MAR,J5 Casablanca,2022,24 Oct to 29 Oct 2022,Clay,1st Round,L,3-6 0-6
800720824,800630873.0,Adam nizar Bouyacoub,MAR,J4 Rabat,2022,17 Oct to 22 Oct 2022,Clay,Quarter-final,L,2-6 2-6
800720824,800532540.0,Adam Adyel,MAR,J4 Rabat,2022,17 Oct to 22 Oct 2022,Clay,2nd Round,W,7-5 6-2
800720824,800726531.0,Ilias Balafrej,MAR,J4 Rabat,2022,17 Oct to 22 Oct 2022,Clay,1st Round,W,6-3 7-5
800720824,800522174.0,Deren Yigin,GER,J4 Casablanca,2022,10 Oct to 15 Oct 2022,Clay,2nd Round,L,2-6 0-6
800720824,800698451.0,Aymane Tahiri,MAR,J4 Casablanca,2022,10 Oct to 15 Oct 2022,Clay,1st Round,W,3-6 6-2 10-8
800695891,800587999.0,Ishak Mahfoudh,FRA,J5 Hammam Sousse,2022,08 Nov to 13 Nov 2022,Hard,1st Round,L,1-6 2-6
800695891,800670178.0,Mahmoud chetouane,TUN,J5 Bizerte,2022,14 Jun to 19 Jun 2022,Clay,2nd Round,L,5-7 6-7
800695891,800671955.0,Malek Ben kassdallah,TUN,J5 Bizerte,2022,14 Jun to 19 Jun 2022,Clay,1st Round,W,4-1
800695891,800631635.0,Achref Ltaief,TUN,J5 Sousse,2022,17 May to 22 May 2022,Hard,1st Round,L,4-6 6-7
800695891,800567136.0,Yosri Abdelmoula,TUN,J5 Nabeul,2022,22 Mar to 27 Mar 2022,Clay,1st Round,L,0-4 4-1 9-11
800695891,800541732.0,Maxime Salesses,FRA,J5 Sfax,2022,15 Mar to 20 Mar 2022,Hard,1st Round,L,1-6 0-6
800670829,800631785.0,Omar Kandil,EGY,J4 Giza,2022,31 Oct to 06 Nov 2022,Clay,1st Round,L,0-6 1-6
800625716,800513745.0,Dmitry Bessonov,RUS,J3 Tashkent,2022,24 Oct to 29 Oct 2022,Hard,1st Round,L,0-6 1-6
800625716,800598439.0,Amir Kalbaev,UZB,J3 Tashkent,2022,24 Oct to 29 Oct 2022,Hard,2nd Round,W,6-3 6-1
800625716,800660577.0,SAIDAMIRKHON SAIDAZIMOV,UZB,J3 Tashkent,2022,24 Oct to 29 Oct 2022,Hard,1st Round,W,6-2 6-3
800625716,800574797.0,Nikita Nikolenko,KAZ,J2 Tashkent,2022,17 Oct to 22 Oct 2022,Hard,1st Round,L,2-6 2-6
800625716,800531899.0,Ilya Maltsev,RUS,J5 Dushanbe,2022,10 Oct to 15 Oct 2022,Hard,1st Round,L,1-6 0-6
800625716,800576306.0,Somon Amonov,TJK,J5 Dushanbe,2022,03 Oct to 08 Oct 2022,Hard,1st Round,L,5-7 2-6
800625716,800492006.0,Oleg Gussakov,KAZ,J5 Dushanbe,2022,15 Aug to 20 Aug 2022,Hard,2nd Round,L,0-6 0-6
800625716,800542039.0,Farhod Gairatzoda,TJK,J5 Dushanbe,2022,15 Aug to 20 Aug 2022,Hard,1st Round,W,6-4 4-6 6-2
800625716,800580866.0,Karim Gazizov,RUS,J5 Dushanbe,2022,15 Aug to 20 Aug 2022,Hard,Quarter-final,L,2-6 0-6
800625716,800492015.0,Alexey Lomakin,KAZ,J5 Dushanbe,2022,15 Aug to 20 Aug 2022,Hard,1st Round,W,6-3 4-1
800625716,800623721.0,Nikita Simakin,RUS,J5 Dushanbe,2022,08 Aug to 13 Aug 2022,Hard,1st Round,L,1-6 2-6
800625716,800662937.0,Yusufbek Malikov,UZB,J3 Tashkent,2022,01 Aug to 06 Aug 2022,Hard,2nd Round,L,2-6 3-6
800625716,800534373.0,Saidakbar Kamalov,UZB,J3 Tashkent,2022,25 Jul to 30 Jul 2022,Hard,2nd Round,L,4-6 1-6
800625716,800660577.0,SAIDAMIRKHON SAIDAZIMOV,UZB,J3 Tashkent,2022,25 Jul to 30 Jul 2022,Hard,1st Round,W,6-1 6-0
800692529,800594918.0,Emanuel Grau Kristensen,DEN,J4 Bromma,2022,28 Sep to 02 Oct 2022,Hard,1st Round,L,2-6 0-6
800694598,800551251.0,Lorant Gyori,HUN,J5 Colombo,2022,10 Oct to 16 Oct 2022,Clay,1st Round,L,1-6 1-6
800694598,800582775.0,Methvan Wijemanne,SRI,J5 Colombo,2022,03 Oct to 09 Oct 2022,Clay,1st Round,L,1-6 3-6
800694598,800564052.0,Arjun Premkumar,IND,J4 Chennai,2022,22 Aug to 27 Aug 2022,Clay,1st Round,L,5-7 3-6
800694598,800562130.0,Kandhavel Mahalingam Akilandeshwari,IND,J5 Madurai,2022,28 Mar to 02 Apr 2022,Hard,1st Round,L,0-6 1-6
800700764,800657086.0,Anhad Singh Oberoi,IND,J5 Yaoundé,2022,14 Nov to 19 Nov 2022,Hard,2nd Round,L,0-6 2-6
800700764,800699976.0,Cedrick Lanyuy NDINKWA,CMR,J5 Yaoundé,2022,07 Nov to 12 Nov 2022,Hard,2nd Round,L,0-3
800700764,800664598.0,Hermann NSAHNO NDONFACK,CMR,J5 Douala,2022,12 Apr to 17 Apr 2022,Hard,2nd Round,L,1-6 0-6
800700764,800548371.0,Ashley Hunter,GBR,J5 Douala,2022,12 Apr to 17 Apr 2022,Hard,1st Round,W,2-6 6-0 7-5
800700764,800652268.0,Joseph Oyebog Jr,USA,J5 Douala,2022,05 Apr to 10 Apr 2022,Hard,2nd Round,L,0-6 0-6
800700764,800548371.0,Ashley Hunter,GBR,J5 Douala,2022,05 Apr to 10 Apr 2022,Hard,1st Round,W,6-3 3-0
800663632,800558758.0,Pranav Manandhar,NEP,J5 Pokhara,2022,28 Nov to 03 Dec 2022,Clay,2nd Round,L,1-6 2-6
800663632,800597097.0,Minhthien Nguyen,VIE,J4 Ho Chi Minh City,2022,21 Nov to 26 Nov 2022,Hard,2nd Round,L,5-7 3-6
800663632,800708786.0,Hai Tran,VIE,J4 Ho Chi Minh City,2022,21 Nov to 26 Nov 2022,Hard,1st Round,W,6-1 6-2
800663632,800695648.0,Narathip Rueangsri,THA,J4 Nonthaburi,2022,24 Oct to 29 Oct 2022,Hard,3rd Round,L,4-6 3-6
800663632,800656052.0,Puchit Sukjai,THA,J4 Nonthaburi,2022,24 Oct to 29 Oct 2022,Hard,2nd Round,W,6-4 6-2
800663632,800717148.0,Prin Intraphom,THA,J4 Nonthaburi,2022,24 Oct to 29 Oct 2022,Hard,1st Round,W,6-0 6-1
800663632,800656766.0,Krittamaet Thammakun,THA,J2 Nonthaburi,2022,17 Oct to 22 Oct 2022,Hard,2nd Round,L,4-6 3-6
800663632,800704204.0,akekapon siwaborwonwit,THA,J2 Nonthaburi,2022,17 Oct to 22 Oct 2022,Hard,1st Round,W,6-4 6-1
800675275,800533250.0,Miguel Angel Sarria Mondragon,COL,J4 Armenia,2022,28 Nov to 02 Dec 2022,Clay,2nd Round,L,1-6 0-6
800675275,800705303.0,FABER CALLE VELEZ,COL,J4 Armenia,2022,28 Nov to 02 Dec 2022,Clay,1st Round,W,6-1 7-6
800675275,800620935.0,Samuel Hernandez Herrera,COL,J4 Pereira,2022,21 Nov to 25 Nov 2022,Clay,2nd Round,L,2-6 2-6
800675275,800654167.0,Lucas Quinonez,COL,J4 Pereira,2022,21 Nov to 25 Nov 2022,Clay,1st Round,W,7-5 1-6 10-4
800663504,800690003.0,Shota Shima,JPN,JA Osaka,2022,10 Oct to 16 Oct 2022,Hard,2nd Round,L,1-6 0-6
800663504,800643759.0,Sota Miyazaki,JPN,JA Osaka,2022,10 Oct to 16 Oct 2022,Hard,1st Round,W,6-4 6-3
800698375,800656588.0,Luis Antonio Avila Blanco,MEX,J3 Tampico,2022,15 Aug to 20 Aug 2022,Hard,1st Round,L,3-6 0-6
800677340,800571318.0,Dakota Gibson,GUM,J4 Dededo,2022,24 May to 28 May 2022,Hard,1st Round,L,6-3 6-7 0-6
800677340,800584214.0,Ram Rithvik Chauhan Mude,AUS,J4 Dededo,2022,17 May to 21 May 2022,Hard,Quarter-final,L,1-6 1-6
800625020,800597097.0,Minhthien Nguyen,VIE,J4 Ho Chi Minh City,2022,21 Nov to 26 Nov 2022,Hard,1st Round,L,3-6 5-7
800625020,800535529.0,Shinta Sato,JPN,J5 Tay Ninh City,2022,27 Jun to 03 Jul 2022,Hard,1st Round,L,2-6 3-6
800719715,800628361.0,Daniel Teran Burgoa,MEX,J5 Estado de Mexico,2022,19 Sep to 24 Sep 2022,Hard,1st Round,L,0-6 6-2 2-6
800713282,800665847.0,Rodrigo Coello,MEX,J5 Zapopan,2022,17 Oct to 22 Oct 2022,Clay,3rd Round,L,3-6 1-6
800713282,800694930.0,Juan Pablo Gomez,MEX,J5 Zapopan,2022,17 Oct to 22 Oct 2022,Clay,2nd Round,W,6-4 6-3
800693880,800506449.0,Ahmed Ashour,EGY,J5 Cairo,2022,23 May to 29 May 2022,Clay,1st Round,L,0-6 0-6
800693880,800653943.0,Youssef Mostafa Elragabi,EGY,J5 Cairo,2022,16 May to 22 May 2022,Clay,1st Round,L,2-6 3-6
800670505,800670528.0,M Mouressi Muqorib,INA,J5 Jakarta,2022,11 Oct to 16 Oct 2022,Hard,2nd Round,L,3-6 0-2
800670505,800589804.0,Faris Muhammad Yusuf Al Faris,INA,J5 Jakarta,2022,11 Oct to 16 Oct 2022,Hard,1st Round,W,6-4 6-4
800670505,800547716.0,Justin Kuo,INA,J5 Surabaya		,2022,04 Oct to 09 Oct 2022,Hard,1st Round,L,1-6 2-6
800670505,800652590.0,Ahmad Fauzan,INA,J4 Jakarta,2022,04 Jul to 09 Jul 2022,Hard,1st Round,L,2-6 1-6
800670505,800557637.0,Namgi Song,KOR,J4 Jakarta,2022,28 Jun to 03 Jul 2022,Hard,1st Round,L,5-7 6-3 6-7
800670505,800670766.0,Rais Kusuma Dewantara,INA,J4 Jakarta,2022,28 Jun to 03 Jul 2022,Hard,3rd Round,W,6-2 6-4
800670505,800600519.0,Tahajud Kanjeng Bagus Setyo,INA,J4 Jakarta,2022,28 Jun to 03 Jul 2022,Hard,2nd Round,W,7-5 3-6 10-4
800670505,800671312.0,Dwi Ade Rahmantoro,INA,J4 Jakarta,2022,28 Jun to 03 Jul 2022,Hard,1st Round,W,6-3 6-4
800670505,800649127.0,Axel Raber,SWE,J5 Yogyakarta,2022,23 May to 28 May 2022,Hard,1st Round,L,2-6 3-6
800670505,800649127.0,Axel Raber,SWE,J5 Yogyakarta,2022,16 May to 21 May 2022,Hard,1st Round,L,2-6 3-6
800667599,800643546.0,James Hutchinson,GBR,J5 Castlebar,2022,31 Oct to 04 Nov 2022,Clay,Quarter-final,L,2-6 2-6
800667599,800667601.0,Isaac King,GBR,J5 Castlebar,2022,31 Oct to 04 Nov 2022,Clay,2nd Round,W,6-2 6-4
800695471,800600744.0,Kiran Krish,AUS,J5 Perth,2022,16 Nov to 20 Nov 2022,Hard,1st Round,L,3-6 2-6
800695471,800674216.0,Billy Williams,AUS,J5 Lautoka,2022,31 Oct to 05 Nov 2022,Hard,2nd Round,L,0-6 5-7
800695471,800726268.0,Hiva KELLEY,PYF,J5 Lautoka,2022,31 Oct to 05 Nov 2022,Hard,1st Round,W,6-0 6-1
800695471,800716942.0,Sugar-Ray Hakena,PNG,J5 Lautoka,2022,31 Oct to 05 Nov 2022,Hard,2nd Round,W,6-1 4-0
800695471,800725651.0,NOAH AH KIM WIN CHIN,PYF,J5 Lautoka,2022,26 Oct to 30 Oct 2022,Hard,2nd Round,L,4-6 4-6
800662924,800581681.0,Lucas Vidaller Ranciaro,BRA,J3 Salvador,2022,26 Sep to 01 Oct 2022,Hard,2nd Round,L,7-6 4-6 9-11
800662924,800589575.0,Lucas Zacarias,BRA,J3 Salvador,2022,26 Sep to 01 Oct 2022,Hard,1st Round,W,6-3 7-5
800662924,800624730.0,Rodrigo Moura Ludgero,BRA,J5 Sao Paulo,2022,22 Aug to 28 Aug 2022,Clay,1st Round,L,5-7 1-6
800662924,800560226.0,Samuel Maia,BRA,J4 Londrina,2022,04 Jul to 09 Jul 2022,Clay,1st Round,L,2-6 3-6
800589160,800578549.0,Luigi Valletta,ITA,J5 Cuneo,2022,15 Aug to 20 Aug 2022,Clay,1st Round,L,2-6 4-6
800703074,800664111.0,Jesus Mario Garcia Salgado,MEX,J5 San Jose,2022,05 Dec to 10 Dec 2022,Hard,1st Round,L,4-6 1-6
800703074,800683012.0,Alexi Roy,CAN,J5 San Jose,2022,05 Dec to 10 Dec 2022,Hard,Quarter-final,W,6-3 6-3
800703074,800573501.0,Nicola Gesumaria,CRC,J5 San Jose,2022,05 Dec to 10 Dec 2022,Hard,1st Round,W,6-3 6-2
800703074,800561920.0,Volodymyr Gurenko,CAN,J5 San Jose,2022,28 Nov to 03 Dec 2022,Hard,2nd Round,L,3-6 4-6
800703074,800690333.0,Santiago Castro Rojas,CRC,J5 San Jose,2022,28 Nov to 03 Dec 2022,Hard,1st Round,W,6-0 6-0
800703074,800629869.0,Francisco Montana,USA,J4 Santo Domingo,2022,10 Oct to 15 Oct 2022,Hard,2nd Round,L,1-6 2-6
800703074,800584619.0,Fernando Antonio Corral,DOM,J4 Santo Domingo,2022,10 Oct to 15 Oct 2022,Hard,1st Round,W,2-6 7-6 10-8
800703074,800629660.0,Maximo Oberto,ARG,J4 Santo Domingo,2022,03 Oct to 08 Oct 2022,Hard,2nd Round,L,2-6 3-6
800703074,800649801.0,George Perez Veloz,DOM,J4 Santo Domingo,2022,03 Oct to 08 Oct 2022,Hard,1st Round,W,6-1 6-0
800703074,800653767.0,Aditya Vyas,USA,J3 Quebec City	,2022,19 Sep to 24 Sep 2022,Hard,1st Round,L,2-6 4-6
800703074,800678775.0,Alec Barin,CAN,J5 Montreal,2022,09 May to 13 May 2022,Hard,1st Round,L,4-6 0-6
800703074,800688062.0,Eloi Roux,CAN,J3 Quebec City	,2022,18 Apr to 23 Apr 2022,Hard,1st Round,L,2-6 4-6
800697671,800561384.0,Kouki Oka,JPN,J5 Kurume,2022,09 Mar to 13 Mar 2022,Hard,1st Round,L,2-6 4-6
800667722,800521317.0,Artem Sidorov,KAZ,J5 Cholpon-Ata,2022,04 Jul to 09 Jul 2022,Hard,1st Round,L,1-6 1-6
800667722,800492013.0,Ivan Kizilov,KAZ,J5 Cholpon-Ata,2022,27 Jun to 02 Jul 2022,Hard,2nd Round,L,1-6 3-6
800667722,800503717.0,Zhan Kalmuratov,KAZ,J5 Cholpon-Ata,2022,27 Jun to 02 Jul 2022,Hard,1st Round,W,6-3 7-5
800667722,800687065.0,Miras Moldabek,KAZ,J5 Cholpon-Ata,2022,23 May to 28 May 2022,Hard,1st Round,L,2-6 7-5 7-10
800667722,800521288.0,Erasyl Bakhtiyar,KAZ,J5 Cholpon-Ata,2022,16 May to 21 May 2022,Hard,1st Round,L,1-6 1-6
800695648,800603811.0,Phopthum Sriwong,THA,J4 Nonthaburi,2022,24 Oct to 29 Oct 2022,Hard,1st Round,L,3-6 2-6
800695648,800663632.0,Daksh Kukreti,IND,J4 Nonthaburi,2022,24 Oct to 29 Oct 2022,Hard,3rd Round,W,6-4 6-3
800695648,800707169.0,Veerawit Kamput,THA,J4 Nonthaburi,2022,24 Oct to 29 Oct 2022,Hard,2nd Round,W,6-3 6-1
800695648,800717369.0,Paroon Chamsuk,THA,J4 Nonthaburi,2022,24 Oct to 29 Oct 2022,Hard,1st Round,W,6-0 6-0
800695648,800684795.0,Patham Laosakulporn,THA,J5 Nonthaburi,2022,08 Aug to 13 Aug 2022,Hard,1st Round,L,3-6 2-6
800695648,800599380.0,Vedant Mehta,IND,J4 Nonthaburi,2022,27 Jun to 02 Jul 2022,Hard,1st Round,L,3-6 3-6
800631746,800702684.0,Peter Barun,IRL,J5 Cork,2022,11 Jul to 16 Jul 2022,Carpet,1st Round,L,6-7 6-3 5-10
800715667,800654080.0,Tanishq Jadhav,IND,J4 Chennai,2022,22 Aug to 27 Aug 2022,Clay,1st Round,L,0-6 1-6
800638739,800671684.0,Cheung Yat Kit Michael,HKG,J4 Hong Kong,2022,31 Oct to 05 Nov 2022,Hard,2nd Round,L,4-6 3-6
800638739,800597671.0,Julian Tai,HKG,J4 Hong Kong,2022,31 Oct to 05 Nov 2022,Hard,1st Round,W,6-1 6-3
800638739,800580371.0,Yik Hin Brandon Wong,HKG,J4 Hong Kong,2022,03 Oct to 08 Oct 2022,Hard,2nd Round,L,1-6 3-6
800638739,800667675.0,Evan Lai,HKG,J4 Hong Kong,2022,03 Oct to 08 Oct 2022,Hard,1st Round,W,6-1 6-2
800678463,800684393.0,Jordan Reznik,USA,J1 Guadalajara,2022,14 Nov to 19 Nov 2022,Clay,2nd Round,L,0-6 1-6
800678463,800589000.0,Oswaldo Alfonso Rodriguez Garcia,MEX,J3 Zapopan,2022,07 Nov to 12 Nov 2022,Clay,1st Round,L,6-7 5-7
800678463,800651491.0,Diego Freyre,MEX,J3 Zapopan,2022,07 Nov to 12 Nov 2022,Clay,2nd Round,W,6-1 6-4
800678463,800703388.0,Sebastien Perez,USA,J3 Zapopan,2022,07 Nov to 12 Nov 2022,Clay,1st Round,W,6-2 5-7 10-4
800678463,800709357.0,Roman Sancilio,USA,J5 Zapopan,2022,17 Oct to 22 Oct 2022,Clay,3rd Round,L,1-6 0-6
800678463,800713576.0,Luis Gabriel Perez Perez,MEX,J5 Zapopan,2022,17 Oct to 22 Oct 2022,Clay,2nd Round,W,6-2 6-1
800678463,800663964.0,Rodrigo Gonzalez,MEX,J5 Estado de Mexico,2022,19 Sep to 24 Sep 2022,Hard,Quarter-final,L,0-6 2-6
800678463,800721915.0,Donovan Rossell,MEX,J5 Estado de Mexico,2022,19 Sep to 24 Sep 2022,Hard,2nd Round,W,6-2 6-1
800678463,800721434.0,Oscar Paulo Diaz Tovar,MEX,J4 Monterrey,2022,29 Aug to 03 Sep 2022,Hard,2nd Round,L,4-6 2-6
800678463,800655623.0,Carlos Enrique Moreno,MEX,J4 Monterrey,2022,29 Aug to 03 Sep 2022,Hard,1st Round,W,7-5 6-3
800678463,800660593.0,Nicolas Rivera Paz,MEX,JB3 Cancun,2022,04 Jul to 09 Jul 2022,Hard,1st Round,L,0-6 1-6
800678463,800656328.0,Oliver Moises Aguilar Gasperin,MEX,J4 Leon,2022,27 Jun to 02 Jul 2022,Hard,3rd Round,L,2-6 3-6
800678463,800694930.0,Juan Pablo Gomez,MEX,J4 Leon,2022,27 Jun to 02 Jul 2022,Hard,2nd Round,W,6-0 6-2
800678463,800660533.0,Juan Pablo Jose Pereira Mora,MEX,J4 Leon,2022,27 Jun to 02 Jul 2022,Hard,1st Round,W,6-4 6-1
800678463,800627839.0,Jose Pablo Mozas Pavon,MEX,J4 Leon,2022,20 Jun to 25 Jun 2022,Hard,1st Round,L,3-6 5-7
800678463,800651150.0,Tyler Nguyen,USA,J4 Zapopan,2022,14 Feb to 19 Feb 2022,Clay,1st Round,L,1-6 1-6
800639546,800654238.0,arshia zamiri,IRI,J5 Shiraz,2022,24 Oct to 29 Oct 2022,Clay,1st Round,L,6-1 5-7 8-10
800639546,800692102.0,Younes Malekpoor,IRI,J5 Isfahan,2022,18 Jul to 23 Jul 2022,Clay,2nd Round,L,4-6 3-6
800639546,800668027.0,Arvin Rezaee,IRI,J5 Isfahan,2022,18 Jul to 23 Jul 2022,Clay,1st Round,W,7-5 6-4
800639546,800654377.0,Parsa Forghani,IRI,J4 Tehran,2022,11 Jul to 16 Jul 2022,Clay,1st Round,L,2-6 1-6
800639546,800545842.0,Kivanc Bedir,TUR,J5 Urmia,2022,20 Jun to 25 Jun 2022,Clay,Quarter-final,L,0-6 0-6
800639546,800678193.0,Artin Zarandi,IRI,J5 Karaj,2022,13 Jun to 18 Jun 2022,Clay,1st Round,L,6-4 4-6 4-6
800639546,800707705.0,Rastin Mohammadi,IRI,J5 Karaj,2022,13 Jun to 18 Jun 2022,Clay,Quarter-final,W,6-3 5-7 10-3
800601039,800509305.0,Rafael Grosu,ROU,J5 Bucharest,2022,23 Aug to 28 Aug 2022,Clay,3rd Round,L,4-6 3-6
800601039,800572664.0,Vlad Ion Tugulescu,ROU,J5 Bucharest,2022,23 Aug to 28 Aug 2022,Clay,2nd Round,W,2-6 6-2 10-7
800601039,800552644.0,Mihai David Haita,ROU,J5 Bucharest,2022,23 Aug to 28 Aug 2022,Clay,1st Round,W,6-4 6-2
800622541,800535636.0,Nikolai Barsukov,GER,J5 Fleesensee,2022,29 Nov to 04 Dec 2022,Carpet,2nd Round,L,4-6 1-6
800622541,800535989.0,Daniel Stauch,CZE,J5 Fleesensee,2022,29 Nov to 04 Dec 2022,Carpet,1st Round,W,6-3 6-4
800622541,800535636.0,Nikolai Barsukov,GER,J5 Leimen,2022,08 Nov to 13 Nov 2022,Hard,2nd Round,L,2-6 2-6
800622541,800513529.0,Tobias Leitner,AUT,J5 Leimen,2022,08 Nov to 13 Nov 2022,Hard,1st Round,W,6-2 6-4
800622541,800521857.0,Lukas Kuenze,GER,J5 Leimen,2022,08 Nov to 13 Nov 2022,Hard,Quarter-final,W,6-3 6-1
800622541,800587194.0,Sebastian Gampert,GER,J5 Leimen,2022,08 Nov to 13 Nov 2022,Hard,2nd Round,W,4-6 7-6 10-6
800622541,800503498.0,Sebastian Ondas,GER,J5 Leimen,2022,08 Nov to 13 Nov 2022,Hard,1st Round,W,6-4 7-6
800599800,800532545.0,Max Fellinger,SWE,J4 Bromma,2022,28 Sep to 02 Oct 2022,Hard,1st Round,L,7-5 2-6 8-10
800661377,800718001.0,Robert Gabriel Ionescu,ROU,J5 Bucharest,2022,23 Aug to 28 Aug 2022,Clay,1st Round,L,2-6 4-6
800680367,800509397.0,Brendan Nicholas Hendrata,INA,J5 Lautoka,2022,31 Oct to 05 Nov 2022,Hard,1st Round,L,1-6 0-6
800680367,800651037.0,Samay Pasad,IND,J5 Lautoka,2022,31 Oct to 05 Nov 2022,Hard,2nd Round,W,6-1 6-0
800680367,800667379.0,Jesse Gothelf,AUS,J5 Lautoka,2022,26 Oct to 30 Oct 2022,Hard,2nd Round,L,2-6 0-6
800680367,800716942.0,Sugar-Ray Hakena,PNG,J5 Lautoka,2022,26 Oct to 30 Oct 2022,Hard,1st Round,W,6-4 6-3
800559154,800567160.0,Alexander Klichnikov,RUS,J5 Astana,2022,05 Dec to 10 Dec 2022,Hard,1st Round,L,3-6 6-3 5-10
800559154,800569000.0,Pavel Savelov,RUS,J5 Aktobe,2022,28 Nov to 03 Dec 2022,Hard,1st Round,L,6-4 1-6 3-6
800591369,800533250.0,Miguel Angel Sarria Mondragon,COL,J4 Armenia,2022,28 Nov to 02 Dec 2022,Clay,1st Round,L,4-6 3-6
800591369,800583292.0,Michael Fernandez,USA,J5 Llanos de Curundu,2022,21 Nov to 26 Nov 2022,Clay,1st Round,L,0-6 2-6
800591369,800715668.0,Gaobo Zhang,CHN,J5 Llanos de Curundu,2022,21 Nov to 26 Nov 2022,Clay,Quarter-final,W,6-4 6-4
800591369,800728571.0,Eric Quintero,PAN,J5 Llanos de Curundu,2022,21 Nov to 26 Nov 2022,Clay,1st Round,W,6-0 6-2
800591369,800679508.0,Sklar Phillips,USA,J5 Valledupar,2022,24 Oct to 28 Oct 2022,Hard,1st Round,L,1-6 4-6
800591369,800601406.0,Simon Escobar,COL,J5 Valledupar,2022,24 Oct to 28 Oct 2022,Hard,Quarter-final,W,6-3 6-4
800591369,800532945.0,Alejandro Gil Montoya,COL,J5 Valledupar,2022,24 Oct to 28 Oct 2022,Hard,2nd Round,W,6-4 7-5
800591369,800651918.0,Juan Felipe Arias Jaramillo,COL,J5 Valledupar,2022,24 Oct to 28 Oct 2022,Hard,1st Round,W,6-2 6-0
800591369,800586402.0,badlwim jared Escobar cifuentes,COL,J5 Cartagena,2022,17 Oct to 21 Oct 2022,Hard,1st Round,L,3-6 6-7
800777437,800568259.0,ALAN GONZALEZ,MEX,J4 Monterrey,2022,29 Aug to 03 Sep 2022,Hard,2nd Round,L,1-6 0-6
800777437,800718696.0,Ulises Penna,MEX,J4 Monterrey,2022,29 Aug to 03 Sep 2022,Hard,1st Round,W,6-0 6-1
800777437,800656486.0,Jorge Batarse,MEX,J4 Monterrey,2022,29 Aug to 03 Sep 2022,Hard,2nd Round,L,0-6 3-6
800777437,800695155.0,Lucas Bernardo Lopez del Alto,MEX,J4 Monterrey,2022,29 Aug to 03 Sep 2022,Hard,1st Round,W,6-2 6-2
800777437,800639853.0,Roberto Gonzalez Salinas,MEX,J5 Monterrey,2022,21 Feb to 26 Feb 2022,Hard,2nd Round,L,1-6 4-6
800777437,800695540.0,Andres Ramirez,MEX,J5 Monterrey,2022,21 Feb to 26 Feb 2022,Hard,1st Round,W,1-6 6-4 10-1
800714209,800582904.0,Parv Patel,IND,J5 Mauritius,2022,12 Sep to 16 Sep 2022,Hard,1st Round,L,2-6 3-6
800714209,800542550.0,Blaz Steblaj,SLO,J4 Mauritius,2022,05 Sep to 09 Sep 2022,Hard,1st Round,L,4-6 1-6
800594735,800621184.0,Mostafa Mohamed,EGY,J5 Jeddah,2022,21 Nov to 26 Nov 2022,Hard,2nd Round,L,4-6 4-6
800594735,800629959.0,Faisal Enany,KSA,J5 Jeddah,2022,21 Nov to 26 Nov 2022,Hard,1st Round,W,6-0 6-0
800594735,800506921.0,Seth Sadikov,USA,J5 Jeddah,2022,21 Nov to 26 Nov 2022,Hard,Quarter-final,L,1-6 0-6
800594735,800626385.0,Hassan Hashish,EGY,J5 Jeddah,2022,21 Nov to 26 Nov 2022,Hard,1st Round,W,6-1 6-0
800640077,800566367.0,Cinar Ozkahraman,TUR,J5 Istanbul,2022,14 Nov to 19 Nov 2022,Hard,1st Round,L,2-6 1-6
800704428,800589824.0,Gerald Bill Kruger,RSA,J5 Pretoria,2022,20 Jun to 24 Jun 2022,Hard,1st Round,L,1-6 1-6
800704428,800693461.0,Pavlos Christoforakis,RSA,J5 Pretoria,2022,13 Jun to 17 Jun 2022,Hard,1st Round,L,1-6 2-6
800704428,800705054.0,Wikus Boshoff,RSA,J4 Pretoria,2022,06 Jun to 10 Jun 2022,Hard,1st Round,L,1-6 2-6
800636004,800668247.0,Koshiro Nakamae,JPN,J5 Yamanashi,2022,16 Nov to 20 Nov 2022,Clay,2nd Round,L,2-6 1-6
800636004,800682744.0,Kyan Ryota Takahashi,JPN,J5 Yamanashi,2022,16 Nov to 20 Nov 2022,Clay,1st Round,W,6-4 7-5
800636004,800585388.0,Haruto Kusunoki,JPN,J2 Nagoya,2022,18 Oct to 23 Oct 2022,Carpet,1st Round,L,2-6 0-6
800579554,800560716.0,Jaime Galligo Subirana,ESP,J5 Stobrec,2022,25 Jul to 29 Jul 2022,Clay,1st Round,L,4-6 1-6
800690314,800656454.0,Adham Aly,EGY,J4 Giza,2022,31 Oct to 06 Nov 2022,Clay,2nd Round,L,4-6 3-6
800690314,800635669.0,Hassan Ammar,EGY,J4 Giza,2022,31 Oct to 06 Nov 2022,Clay,1st Round,W,6-1 6-2
800690314,800587744.0,Tianhui Zhang,CHN,J2 Cairo,2022,05 Sep to 09 Sep 2022,Clay,2nd Round,L,1-6 0-6
800690314,800670712.0,ismail Elshantoury,EGY,J2 Cairo,2022,05 Sep to 09 Sep 2022,Clay,1st Round,W,6-4 1-0
800690314,800632416.0,Youssef Elshatbi,EGY,J3 Cairo,2022,22 Aug to 26 Aug 2022,Clay,1st Round,L,3-6 2-6
800690314,800648967.0,Karim Sherif Abdellatif Abdo,EGY,J3 Dakahlia,2022,15 Aug to 19 Aug 2022,Clay,2nd Round,L,2-6 7-5 7-10
800690314,800661681.0,Youssef Youssef,EGY,J3 Dakahlia,2022,15 Aug to 19 Aug 2022,Clay,1st Round,W,6-2 6-3
800690314,800582341.0,Karim Mabrouk,EGY,J5 Giza,2022,11 Jul to 17 Jul 2022,Clay,1st Round,L,0-6 5-7
800690314,800689702.0,Omar Salama,EGY,J5 Giza,2022,11 Jul to 17 Jul 2022,Clay,Quarter-final,W,3-6 6-2 10-3
800690314,800532071.0,Ahmed Sherif Abdelmegid,EGY,J5 Giza,2022,11 Jul to 17 Jul 2022,Clay,2nd Round,W,6-2 7-5
800690314,800529392.0,Mohamed Nabil,EGY,J5 Giza,2022,11 Jul to 17 Jul 2022,Clay,1st Round,W,6-3 7-6
800692628,800530094.0,Jacob Borch-Nielsen,NOR,J4 Bromma,2022,28 Sep to 02 Oct 2022,Hard,1st Round,L,0-6 1-6
800699976,800575770.0,Yannis Batsabaken,FRA,J5 Yaoundé,2022,14 Nov to 19 Nov 2022,Hard,1st Round,L,3-6 3-6
800699976,800528233.0,Bryan Hernandez Cortes,ESP,J5 Yaoundé,2022,07 Nov to 12 Nov 2022,Hard,Quarter-final,L,0-6 0-6
800699976,800700764.0,Ali Nabil Amed,CMR,J5 Yaoundé,2022,07 Nov to 12 Nov 2022,Hard,2nd Round,W,3-0
800699976,800678300.0,Aryan Mehta,IND,J5 Yaoundé,2022,07 Nov to 12 Nov 2022,Hard,1st Round,W,6-0 6-0
800699976,800653132.0,Aleksandar Daskalovic,SRB,J5 Douala,2022,12 Apr to 17 Apr 2022,Hard,1st Round,L,0-6 1-6
800699976,800597850.0,Carel Aubriel Ngounoue,USA,J5 Douala,2022,05 Apr to 10 Apr 2022,Hard,1st Round,L,2-6 0-6
800587093,800531193.0,Ismael Soussi,FRA,J3 Saint Gregoire,2022,28 Nov to 03 Dec 2022,Hard,1st Round,L,6-1 4-6 5-10
800587093,800534927.0,Thomas Buchard,FRA,J5 Ponts de Ce,2022,10 Oct to 15 Oct 2022,Hard,2nd Round,L,6-1 3-6 4-10
800587093,800586446.0,Timeo Trufelli,FRA,J5 Honfleur,2022,03 Oct to 08 Oct 2022,Hard,1st Round,L,2-6 2-6
800587093,800534623.0,Martin Jovenin,FRA,J5 Honfleur,2022,03 Oct to 08 Oct 2022,Hard,Quarter-final,W,6-1 6-4
800587093,800684672.0,Maxime Le Belguet Lemire,FRA,J5 Honfleur,2022,03 Oct to 08 Oct 2022,Hard,2nd Round,W,6-7 6-1 10-5
800587093,800587097.0,Elliot Rabat,FRA,J5 Honfleur,2022,03 Oct to 08 Oct 2022,Hard,1st Round,W,6-4 6-3
800587093,800566929.0,Filippo Pecorini,ITA,J5 Lyon,2022,26 Sep to 01 Oct 2022,Clay,2nd Round,L,2-6 3-6
800587093,800529529.0,Maxime Gouge,FRA,J5 Lyon,2022,26 Sep to 01 Oct 2022,Clay,1st Round,W,7-5 6-3
800587093,800515110.0,Gregoire Valente,FRA,J5 Lyon,2022,26 Sep to 01 Oct 2022,Clay,Quarter-final,L,2-6 0-6
800587093,800577018.0,Oscar Houille,FRA,J5 Lyon,2022,26 Sep to 01 Oct 2022,Clay,2nd Round,W,6-1 6-4
800587093,800561773.0,Gauthier Sitbon,FRA,J5 Lyon,2022,26 Sep to 01 Oct 2022,Clay,1st Round,W,6-3 6-3
800672080,800643249.0,Jim Alexander De Leon Aquino,DOM,J3 Santo Domingo,2022,09 May to 14 May 2022,Hard,1st Round,L,4-6 0-6
800597663,800557637.0,Namgi Song,KOR,JB1 Osan - Asia Closed,2022,31 Oct to 06 Nov 2022,Hard,2nd Round,L,7-6 4-6 7-10
800597663,800666190.0,Lyul Kim,KOR,JB1 Osan - Asia Closed,2022,31 Oct to 06 Nov 2022,Hard,1st Round,W,6-3 6-3
800597663,800591624.0,Hae Seok Jang,KOR,J5 Andong,2022,23 Aug to 28 Aug 2022,Hard,1st Round,L,2-6 1-6
800682566,800600775.0,Noah Muyale,ARU,J4 Boca Raton,2022,31 Oct to 05 Nov 2022,Hard,2nd Round,L,7-5 4-6 7-10
800682566,800670650.0,Terry Lau,HKG,J4 Boca Raton,2022,31 Oct to 05 Nov 2022,Hard,1st Round,W,7-5 6-4
800726811,800651427.0,Nicholas Reeves,USA,J5  Barbados,2022,07 Nov to 11 Nov 2022,Hard,1st Round,L,3-6 0-6
800726811,800714465.0,Dillon Beckles,USA,J4 Barbados,2022,31 Oct to 04 Nov 2022,Hard,2nd Round,L,0-6 1-6
800726811,800724937.0,Xzavier Hastick,CAN,J4 Barbados,2022,31 Oct to 04 Nov 2022,Hard,1st Round,W,6-7 7-5 7-5
800688993,800675209.0,Sasha Colleu,FRA,J5 Managua,2022,10 Oct to 15 Oct 2022,Hard,2nd Round,L,1-6 3-6
800688993,800699870.0,Julio Eduardo Gom Rivera,HON,J5 Managua,2022,10 Oct to 15 Oct 2022,Hard,1st Round,W,6-2 6-4
800575646,800507309.0,Daniil Blinov,ISR,J4 Sofia,2022,08 Aug to 13 Aug 2022,Clay,1st Round,L,1-6 6-3 6-10
800675273,800590323.0,Jigme Balseiro,GUA,J4 Guatemala,2022,14 Nov to 19 Nov 2022,Hard,1st Round,L,1-6 0-6
800675273,800547275.0,Alfonso Calderon,CHI,J4 Santa Tecla,2022,07 Nov to 12 Nov 2022,Hard,1st Round,L,2-6 0-6
800675273,800656452.0,Rodolfo Hernandez Gil,GUA,J5 Tegucigalpa,2022,12 Sep to 17 Sep 2022,Hard,2nd Round,L,1-6 5-7
800675273,800696281.0,Dilan Ariel Alvarez Fu,HON,J5 Tegucigalpa,2022,12 Sep to 17 Sep 2022,Hard,1st Round,W,6-4 7-5
800675273,800590323.0,Jigme Balseiro,GUA,J5 Santa Tecla,2022,15 Aug to 20 Aug 2022,Hard,1st Round,L,0-6 3-6
800695991,800590323.0,Jigme Balseiro,GUA,J4 Santa Tecla,2022,07 Nov to 12 Nov 2022,Hard,1st Round,L,2-6 2-6
800695991,800578726.0,Tomas Leguizamon Chaves,COL,J5 Tegucigalpa,2022,12 Sep to 17 Sep 2022,Hard,2nd Round,L,2-6 0-6
800695991,800625122.0,Emilio Zavala Salinas,MEX,J5 Santa Tecla,2022,15 Aug to 20 Aug 2022,Hard,2nd Round,L,0-6 3-6
800695991,800651829.0,Juan Diego Chacon Quesada,CRC,J5 Santa Tecla,2022,15 Aug to 20 Aug 2022,Hard,1st Round,W,6-4 6-2
800695991,800587203.0,Marcos Castellanos,GUA,J5 Santa Tecla,2022,11 Jul to 16 Jul 2022,Hard,1st Round,L,0-6 1-6
800695991,800654434.0,Rodrigo Lopez,GUA,J4 Santa Tecla,2022,30 May to 04 Jun 2022,Hard,1st Round,L,1-6 1-6
800695991,800590323.0,Jigme Balseiro,GUA,J4 Santa Tecla,2022,07 Mar to 12 Mar 2022,Hard,1st Round,L,0-6 0-6
800695991,800651427.0,Nicholas Reeves,USA,J4 La Libertad,2022,28 Feb to 05 Mar 2022,Hard,1st Round,L,2-6 2-6
800663778,800648684.0,Yassin Mohamed Ali,EGY,J5 Cairo,2022,04 Jul to 10 Jul 2022,Clay,1st Round,L,2-6 3-6
800596267,800601222.0,Seongwoo Joo,KOR,J3 Andong,2022,08 Nov to 13 Nov 2022,Hard,1st Round,L,4-6 2-6
800596267,800660184.0,Young Hoon Kim,KOR,J5 Yanggu,2022,30 Aug to 04 Sep 2022,Hard,1st Round,L,1-6 0-6
800596267,800586050.0,Hyung Tak Oh,KOR,J5 Andong,2022,23 Aug to 28 Aug 2022,Hard,1st Round,L,2-6 0-6
800596267,800558972.0,Ju Hun Choo,KOR,J5 Yeongwol,2022,26 Apr to 01 May 2022,Hard,1st Round,L,2-6 0-6
800596267,800567929.0,Minwoo Lee,KOR,J5 Gimcheon,2022,19 Apr to 24 Apr 2022,Hard,1st Round,L,6-7 2-6
800684967,800568128.0,Riccardo Surano,ITA,J5 Meknes,2022,21 Nov to 26 Nov 2022,Clay,2nd Round,L,2-6 0-6
800684967,800653408.0,Ethan Gottschalk,AUS,J5 Meknes,2022,21 Nov to 26 Nov 2022,Clay,1st Round,W,6-4 1-6 10-8
800684967,800720824.0,Amine Jabrani,MAR,J5 Oujda,2022,14 Nov to 19 Nov 2022,Clay,2nd Round,L,2-6 4-6
800711502,800653602.0,Ricardo Guzman Moreno,MEX,J4 Leon,2022,20 Jun to 25 Jun 2022,Hard,3rd Round,L,2-6 3-6
800711502,800710393.0,Mauricio Novella Alamos,MEX,J4 Leon,2022,20 Jun to 25 Jun 2022,Hard,2nd Round,W,6-3 6-3
800711502,800694407.0,Patricio Orozco,MEX,J4 Leon,2022,20 Jun to 25 Jun 2022,Hard,1st Round,W,4-6 6-3 10-8
800715292,800595739.0,Giacomo Valerga Carrillo,PER,J5 Guayaquil,2022,15 Aug to 20 Aug 2022,Hard,2nd Round,L,1-6 1-6
800645747,800659600.0,Daniil Chizhuk,RUS,J5 Istanbul,2022,14 Nov to 19 Nov 2022,Hard,1st Round,L,1-6 0-6
800695597,800678960.0,Luis Guillermo Sauza De La Pena,MEX,J5 San Jose,2022,05 Dec to 10 Dec 2022,Hard,1st Round,L,0-6 3-6
800695597,800643406.0,Sebastian Bermudez,CRC,J5 San Jose,2022,28 Nov to 03 Dec 2022,Hard,1st Round,L,0-6 1-6
800695597,800573501.0,Nicola Gesumaria,CRC,J3 San Jose,2022,02 May to 07 May 2022,Hard,2nd Round,L,1-6 0-6
800695597,800597258.0,Tomas Acuna Monge,CRC,J3 San Jose,2022,25 Apr to 30 Apr 2022,Hard,1st Round,L,0-6 0-6
800635765,800844381.0,Ofek Sivan,ISR,J5 Tbilisi,2022,25 Jul to 31 Jul 2022,Clay,1st Round,L,1-6 4-6
800635765,800675816.0,Nikita Mitrofanov,RUS,J5 Tbilisi,2022,18 Jul to 23 Jul 2022,Hard,1st Round,L,3-6 6-3 5-10
800635765,800537731.0,Bugra Ozkoc,TUR,J4 Tbilisi,2022,11 Jul to 16 Jul 2022,Hard,1st Round,L,2-6 2-6
800635765,800640330.0,Luca Prino,ITA,J4 Tbilisi,2022,16 May to 21 May 2022,Hard,1st Round,L,1-6 2-6
800635765,800544170.0,David Prasievi,GEO,J5 Tbilisi,2022,09 May to 14 May 2022,Hard,1st Round,L,2-6 0-6
800696904,800680843.0,Guillermo Narcio,MEX,J4 Queretaro,2022,05 Sep to 10 Sep 2022,Clay,1st Round,L,3-6 6-3 5-10
800696904,800656486.0,Jorge Batarse,MEX,J4 Monterrey,2022,29 Aug to 03 Sep 2022,Hard,1st Round,L,4-6 6-7
800696904,800589388.0,Derek Winsnes,MEX,J4 Leon,2022,27 Jun to 02 Jul 2022,Hard,3rd Round,L,2-6 2-6
800696904,800590712.0,Luis Gustavo Barrachi,BRA,J4 Leon,2022,27 Jun to 02 Jul 2022,Hard,2nd Round,W,6-2 6-1
800696904,800664111.0,Jesus Mario Garcia Salgado,MEX,J4 Leon,2022,20 Jun to 25 Jun 2022,Hard,2nd Round,L,0-6 1-6
800696904,800625869.0,Laureano Poblete,MEX,J4 Leon,2022,20 Jun to 25 Jun 2022,Hard,1st Round,W,7-6 6-0
800696904,800709750.0,Javier Emilio Sanchez,GUA,J5 Guatemala,2022,13 Jun to 18 Jun 2022,Hard,1st Round,L,6-4 4-6 8-10
800719489,800656507.0,Kether Naresh Gonzalez Gonzalez,MEX,J5 Tegucigalpa,2022,12 Sep to 17 Sep 2022,Hard,1st Round,L,2-6 0-6
800719489,800642998.0,Juan Carlos Fuentes Vasquez,ESA,J5 Santa Tecla,2022,15 Aug to 20 Aug 2022,Hard,1st Round,L,0-6 0-6
800714019,800564700.0,Dylan Rene Du Toit,RSA,J5 Gaborone,2022,29 Aug to 03 Sep 2022,Hard,2nd Round,L,1-6 0-6
800714019,800678734.0,Kevin Kotze,RSA,J5 Gaborone,2022,22 Aug to 27 Aug 2022,Hard,2nd Round,L,0-6 0-6
800695169,800668342.0,YASSINE KHELIF,TUN,J5 Hammam Sousse,2022,08 Nov to 13 Nov 2022,Hard,2nd Round,L,4-6 1-6
800695169,800713488.0,Ahmed Mokhtar Souid,TUN,J5 Hammam Sousse,2022,08 Nov to 13 Nov 2022,Hard,1st Round,W,6-3 6-0
800695169,800593207.0,Kamyl Chebboub,ALG,J4 Kelibia,2022,21 Jun to 26 Jun 2022,Hard,1st Round,L,3-6 6-7
800695169,800631041.0,Anas Ben youssef,TUN,J5 Bizerte,2022,14 Jun to 19 Jun 2022,Clay,1st Round,L,1-6 1-6
800695169,800572250.0,Patrik Hinz,GER,J5 Sousse,2022,17 May to 22 May 2022,Hard,1st Round,L,2-6 2-6
800695169,800649614.0,Mahmoud salim Gannouni,TUN,J5 Gazelec,2022,10 May to 15 May 2022,Hard,1st Round,L,1-6 2-6
800672477,800575096.0,Thijs Boogaard,NED,J3 Burlington,2022,31 Oct to 04 Nov 2022,Hard,1st Round,L,0-6 2-6
800588322,800577606.0,Javier Gonzalez,ESP,J4 Majadahonda,2022,26 Sep to 01 Oct 2022,Clay,1st Round,L,5-7 5-7
800588322,800560716.0,Jaime Galligo Subirana,ESP,J3 Vic,2022,05 Sep to 10 Sep 2022,Clay,1st Round,L,2-6 1-6
800588322,800540938.0,Leonardo Iemmi,ITA,J5 Valldoreix,2022,02 Aug to 06 Aug 2022,Clay,1st Round,L,1-6 1-6
800712761,800631660.0,Sacha Fontanges,FRA,J4 Dubai,2022,14 Nov to 19 Nov 2022,Hard,Quarter-final,L,2-3
800712761,800592356.0,Zein Ionescu,CAN,J4 Dubai,2022,14 Nov to 19 Nov 2022,Hard,2nd Round,W,6-3 6-3
800712761,800591223.0,Idhant Kastwar,IND,J4 Dubai,2022,14 Nov to 19 Nov 2022,Hard,1st Round,W,6-2 6-1
800712761,800632344.0,Uri Gilon,ISR,J5 Fujairah,2022,07 Nov to 12 Nov 2022,Hard,1st Round,L,3-6 0-6
800712761,800595314.0,Satveer Saikumar Sendilkumar,IND,J5 Fujairah,2022,07 Nov to 12 Nov 2022,Hard,Quarter-final,W,6-4 6-3
800712761,800688600.0,Krishav Gulati,IND,J5 Fujairah,2022,07 Nov to 12 Nov 2022,Hard,2nd Round,W,6-3 6-3
800712761,800720375.0,Paarth Joshi,IND,J5 Fujairah,2022,07 Nov to 12 Nov 2022,Hard,1st Round,W,6-0 6-0
800715964,800644642.0,Clandestine Kudakwashe Ndiringepi,ZIM,J4 Harare,2022,01 Aug to 06 Aug 2022,Hard,2nd Round,L,0-6 1-6
800715964,800601020.0,Blessed Kutyauripo,ZIM,J4 Harare,2022,01 Aug to 06 Aug 2022,Hard,1st Round,W,6-2 6-3
800700999,800680271.0,Manveer Boparai,CAN,J3 Burlington,2022,31 Oct to 04 Nov 2022,Hard,1st Round,L,0-6 4-6
800700999,800680904.0,Loic Petrecca,CAN,J5 Woodbridge 		,2022,24 Oct to 28 Oct 2022,Hard,1st Round,L,2-6 4-6
800700999,800583982.0,Jenson Bicanic,CAN,J4 Burlington,2022,02 May to 07 May 2022,Hard,1st Round,L,4-6 0-6
800727358,800530996.0,Jad Rhissassi,MAR,J5 Casablanca,2022,24 Oct to 29 Oct 2022,Clay,2nd Round,L,7-5 1-6 6-10
800727358,800622243.0,Lucas Meier,SUI,J5 Casablanca,2022,24 Oct to 29 Oct 2022,Clay,1st Round,W,7-6 7-6
800694930,800713282.0,Francisco Moreno Rico,MEX,J5 Zapopan,2022,17 Oct to 22 Oct 2022,Clay,2nd Round,L,4-6 3-6
800694930,800678463.0,Fernando Carrillo Jimenez,MEX,J4 Leon,2022,27 Jun to 02 Jul 2022,Hard,2nd Round,L,0-6 2-6
800694930,800663505.0,alejandro flores monteverde,MEX,J4 Leon,2022,20 Jun to 25 Jun 2022,Hard,1st Round,L,0-6 0-6
800694930,800627311.0,Rodrigo Marron,MEX,J4 Zapopan,2022,14 Feb to 19 Feb 2022,Clay,2nd Round,L,0-6 0-6
800694930,800687101.0,andre miguel Vega Alvarez,MEX,J4 Zapopan,2022,14 Feb to 19 Feb 2022,Clay,1st Round,W,6-2 6-0
800599117,800601973.0,Natan Albertini,BRA,J3 Lima,2022,09 May to 14 May 2022,Clay,1st Round,L,6-4 4-6 5-10
800723390,800680716.0,Mauricio Schtulmann Gasca,MEX,J5 Oaxaca,2022,10 Oct to 15 Oct 2022,Hard,2nd Round,L,2-6 1-6
800723390,800723518.0,Fernando Nicolas Sanchez Lujan,MEX,J5 Oaxaca,2022,10 Oct to 15 Oct 2022,Hard,1st Round,W,6-2 6-1
800703453,800572820.0,Joseph Townes,RSA,J4 Windhoek,2022,16 May to 21 May 2022,Hard,1st Round,L,0-6 2-6
800703453,800652337.0,John Coetzee,RSA,J5 Windhoek,2022,09 May to 14 May 2022,Hard,1st Round,L,0-6 0-6
800644926,800532074.0,Temirlan Mekhtiev,RUS,J4 Tashkent,2022,25 Apr to 30 Apr 2022,Hard,1st Round,L,1-6 0-6
800597950,800568776.0,Sviatoslav Koliadynskyi,UKR,J3 Liepaja,2022,29 Aug to 02 Sep 2022,Clay,2nd Round,L,1-6 1-6
800597950,800546015.0,Maxime Dalard,SWE,J4 Riga,2022,22 Aug to 27 Aug 2022,Clay,1st Round,L,0-6 3-6
800707169,800695648.0,Narathip Rueangsri,THA,J4 Nonthaburi,2022,24 Oct to 29 Oct 2022,Hard,2nd Round,L,3-6 1-6
800707169,800591136.0,Wongwarun Wongcharoen,THA,J4 Nonthaburi,2022,27 Jun to 02 Jul 2022,Hard,1st Round,L,1-6 0-6
800707169,800680231.0,Miles Phijidvijan,AUS,J4 Nonthaburi,2022,27 Jun to 02 Jul 2022,Hard,3rd Round,W,6-3 6-4
800707169,800656052.0,Puchit Sukjai,THA,J4 Nonthaburi,2022,27 Jun to 02 Jul 2022,Hard,2nd Round,W,6-4 6-3
800707169,800590977.0,Ryu Kotikula,THA,J4 Nonthaburi,2022,27 Jun to 02 Jul 2022,Hard,1st Round,W,5-3
800707169,800577951.0,Damien Caldeira,SGP,J4 Nonthaburi,2022,20 Jun to 25 Jun 2022,Hard,1st Round,L,4-6 0-6
800600620,800525841.0,Tymofii Milovanov,UKR,J4 Porec,2022,10 Oct to 16 Oct 2022,Clay,1st Round,L,2-6 2-6
800654807,800540345.0,Mehmet Onur Turgut,TUR,J5 Islamabad,2022,14 Feb to 19 Feb 2022,Hard,Quarter-final,L,1-6 2-6
800654807,800575859.0,Ahmad Nael Qureshi,PAK,J5 Islamabad,2022,07 Feb to 12 Feb 2022,Hard,1st Round,L,4-6 1-6
800594330,800628614.0,Cem Christopher Kucukhuseyin,TUR,J5 Istanbul,2022,14 Nov to 19 Nov 2022,Hard,2nd Round,L,0-6 2-6
800594330,800598231.0,Leo Ozan Sheehan,TUR,J5 Istanbul,2022,14 Nov to 19 Nov 2022,Hard,1st Round,W,6-4 6-4
800594330,800562722.0,Mirat Aminev,RUS,J5 Istanbul,2022,17 Oct to 23 Oct 2022,Hard,3rd Round,L,0-6 3-6
800594330,800570612.0,Ali Cinar Sahinoglu,TUR,J5 Istanbul,2022,17 Oct to 23 Oct 2022,Hard,2nd Round,W,7-5 3-6 10-7
800594330,800591669.0,Aleksandar Malinov,BUL,J5 Istanbul,2022,17 Oct to 23 Oct 2022,Hard,1st Round,W,2-6 6-2 10-7
800594330,800534735.0,Dimitar Baychev,BUL,J5 Istanbul,2022,10 Oct to 16 Oct 2022,Hard,2nd Round,L,2-6 4-6
800594330,800547881.0,Alexandru Stefan Gall,ROU,J5 Istanbul,2022,10 Oct to 16 Oct 2022,Hard,1st Round,W,7-5 7-6
800594330,800661489.0,Gorjan Vukikjevikj,MKD,J4 Skopje,2022,15 Aug to 21 Aug 2022,Clay,1st Round,L,6-7 6-2 6-10
800594330,800587666.0,Huzaima Abdul Rehman,PAK,J5 Izmir,2022,18 Jul to 23 Jul 2022,Hard,1st Round,L,5-7 6-7
800594330,800662957.0,Angel Ivanov,BUL,J4 Istanbul,2022,09 May to 14 May 2022,Hard,2nd Round,L,5-7 4-6
800594330,800663754.0,Bora Kiliccioglu,TUR,J4 Istanbul,2022,09 May to 14 May 2022,Hard,1st Round,W,6-1 6-1
800665751,800636819.0,Mehrad Mansouri,IRI,J5 Shiraz,2022,24 Oct to 29 Oct 2022,Clay,1st Round,L,3-6 2-6
800665751,800699576.0,Sam Attaran,IRI,J5 Isfahan,2022,18 Jul to 23 Jul 2022,Clay,Quarter-final,L,4-6 4-6
800665751,800712084.0,sam khodakarami,IRI,J5 Isfahan,2022,18 Jul to 23 Jul 2022,Clay,2nd Round,W,6-0 6-0
800665751,800710308.0,Danialmoshtaghifard Moshtaghifard,IRI,J5 Isfahan,2022,18 Jul to 23 Jul 2022,Clay,1st Round,W,6-4 3-6 10-3
800665751,800668027.0,Arvin Rezaee,IRI,J5 Urmia,2022,20 Jun to 25 Jun 2022,Clay,1st Round,L,7-6 2-6 6-7
800665751,800553303.0,Bardiya Daneshfar,IRI,J5 Karaj,2022,13 Jun to 18 Jun 2022,Clay,1st Round,L,2-6 2-6
800665751,800564131.0,Yuvan Nandal,IND,J3 Tehran,2022,16 May to 21 May 2022,Clay,1st Round,L,0-6 0-6
800665751,800654540.0,Ilia Jafar,IRI,J3 Tehran,2022,16 May to 21 May 2022,Clay,Quarter-final,L,3-6 1-6
800665751,800693119.0,Parsa Heidary,IRI,J3 Tehran,2022,16 May to 21 May 2022,Clay,2nd Round,W,6-0 7-6
800665751,800667654.0,Ario Akbari,IRI,J3 Tehran,2022,16 May to 21 May 2022,Clay,1st Round,W,6-1 6-3
800665751,800640520.0,Ibrahim Furkan Deniz,TUR,J4 Kish Island,2022,31 Jan to 05 Feb 2022,Clay,2nd Round,L,3-6 3-6
800665751,800537724.0,Pedram Hosseini Makarem,IRI,J4 Kish Island,2022,31 Jan to 05 Feb 2022,Clay,1st Round,W,7-5 3-6 6-3
800665751,800603200.0,Mohammadali Atyabi,IRI,J4 Kish Island,2022,24 Jan to 29 Jan 2022,Clay,2nd Round,L,6-1 5-7 5-10
800665751,800668218.0,Sharmin Alimohamadi,IRI,J4 Kish Island,2022,24 Jan to 29 Jan 2022,Clay,1st Round,W,6-0 6-0
800654739,800589300.0,Svit Suljic,SLO,2022 ITF World Junior Tennis Finals (Boys),2022,01 Aug to 06 Aug 2022,Clay,,W,6-1 1-6 10-7
800654739,800677590.0,Benjamin Maffini,ARG,J5 Salta,2022,27 Jun to 02 Jul 2022,Clay,1st Round,L,5-7 1-6
800587999,800650677.0,Ibrahim Snoussi,TUN,J5 Hammam Sousse,2022,08 Nov to 13 Nov 2022,Hard,2nd Round,L,1-6 0-6
800587999,800530441.0,Anas Bennour Dit Sahli,TUN,J5 Hammam Sousse,2022,08 Nov to 13 Nov 2022,Hard,1st Round,W,6-3 6-4
800587999,800631041.0,Anas Ben youssef,TUN,J5 Hammam Sousse,2022,08 Nov to 13 Nov 2022,Hard,Quarter-final,W,6-1 6-4
800587999,800725143.0,Ghaith Ben yahia,TUN,J5 Hammam Sousse,2022,08 Nov to 13 Nov 2022,Hard,2nd Round,W,6-0 6-3
800587999,800695891.0,Moncef Denguezli,TUN,J5 Hammam Sousse,2022,08 Nov to 13 Nov 2022,Hard,1st Round,W,6-1 6-2
800661489,800597075.0,Stefan Horia Haita,ROU,J4 Skopje,2022,15 Aug to 21 Aug 2022,Clay,3rd Round,L,0-6 1-6
800661489,800509365.0,Milan Sevic,GBR,J4 Skopje,2022,15 Aug to 21 Aug 2022,Clay,2nd Round,W,6-4 6-4
800661489,800594330.0,Hasan Efe Kayik,TUR,J4 Skopje,2022,15 Aug to 21 Aug 2022,Clay,1st Round,W,7-6 2-6 10-6
800645031,800545842.0,Kivanc Bedir,TUR,J5 Islamabad,2022,14 Nov to 19 Nov 2022,Hard,1st Round,L,0-6 0-6
800645031,800684442.0,Thanathip Poti,THA,J5 Islamabad,2022,07 Nov to 12 Nov 2022,Hard,2nd Round,L,0-6 3-6
800652597,800579794.0,Yoonkyu Baek,KOR,JB1 Osan - Asia Closed,2022,31 Oct to 06 Nov 2022,Hard,1st Round,L,2-6 2-6
800586842,800572931.0,Niels McDonald,GER,J5 Merzig,2022,13 Sep to 18 Sep 2022,Clay,1st Round,L,0-6 0-6
800586842,800593965.0,Yu-Cheng Tsai,TPE,J5 Colombo,2022,04 Jul to 10 Jul 2022,Clay,1st Round,L,1-6 3-6
800586842,800690973.0,Sandilya Pullela,IND,J5 Colombo,2022,27 Jun to 03 Jul 2022,Clay,1st Round,L,2-6 1-6
800586842,800693421.0,Apna Perera,SRI,J5 Colombo,2022,24 Jan to 30 Jan 2022,Clay,1st Round,L,0-6 1-6
800586842,800572377.0,Hesara Kuruppu,SRI,J5 Colombo,2022,17 Jan to 23 Jan 2022,Clay,1st Round,L,2-6 2-6
800711195,800546455.0,Teva Ardillon,FGU,J4 Menton,2022,05 Sep to 10 Sep 2022,Clay,1st Round,L,0-6 0-6
800694385,800578138.0,Ilia Mehrabani,IRI,J4 Tehran,2022,11 Jul to 16 Jul 2022,Clay,1st Round,L,0-6 2-6
800694385,800640499.0,amirparsa molaeipour,IRI,J3 Tehran,2022,16 May to 21 May 2022,Clay,1st Round,L,0-6 1-6
800694385,800578138.0,Ilia Mehrabani,IRI,J3 Tehran,2022,09 May to 14 May 2022,Clay,2nd Round,L,2-6 0-6
800694385,800557714.0,Mahyar Akbarye,IRI,J3 Tehran,2022,09 May to 14 May 2022,Clay,1st Round,W,6-4 6-4
800694385,800572564.0,Garsha Moshashaei,IRI,J4 Kish Island,2022,31 Jan to 05 Feb 2022,Clay,2nd Round,L,2-6 3-6
800598231,800594330.0,Hasan Efe Kayik,TUR,J5 Istanbul,2022,14 Nov to 19 Nov 2022,Hard,1st Round,L,4-6 4-6
800722471,800625802.0,Santiago Lazo Becerril,MEX,J5 Zapopan,2022,17 Oct to 22 Oct 2022,Clay,1st Round,L,4-6 6-3 0-6
800722471,800694562.0,Michell Emiliano Rodriguez Garcia,MEX,J5 Zapopan,2022,17 Oct to 22 Oct 2022,Clay,3rd Round,W,6-3 6-3
800722471,800651491.0,Diego Freyre,MEX,J5 Zapopan,2022,17 Oct to 22 Oct 2022,Clay,2nd Round,W,6-3 6-2
800722810,800569067.0,Rian Sharma,IND,J5 Mauritius,2022,12 Sep to 16 Sep 2022,Hard,1st Round,L,0-6 0-6
800593324,800596530.0,Duarte Correia,POR,J5 Vale do Lobo,2022,10 Oct to 16 Oct 2022,Hard,1st Round,L,3-6 1-6
800593324,800530924.0,Rodrigo Fernandes,POR,J5 Portimao,2022,03 Oct to 09 Oct 2022,Hard,1st Round,L,2-6 1-6
800593324,800621506.0,Igor Struski,POL,J5 Portimao,2022,03 Oct to 09 Oct 2022,Hard,3rd Round,W,6-1 6-0
800593324,800541082.0,Tiago Costa,POR,J5 Portimao,2022,03 Oct to 09 Oct 2022,Hard,2nd Round,W,6-3 6-1
800593324,800567412.0,Arda Aroyo,TUR,J5 Portimao,2022,03 Oct to 09 Oct 2022,Hard,1st Round,W,6-0 6-1
800593324,800531895.0,Petr Brunclik,CZE,J4 Domzale,2022,23 Aug to 28 Aug 2022,Clay,1st Round,L,2-6 0-6
800593324,800598738.0,Rocco Bukovec,SLO,J4 Domzale,2022,23 Aug to 28 Aug 2022,Clay,3rd Round,W,6-2 6-3
800593324,800596350.0,Jure Siftar,SLO,J4 Domzale,2022,23 Aug to 28 Aug 2022,Clay,2nd Round,W,6-0 6-0
800593324,800644658.0,Mario Popovic,CRO,J4 Domzale,2022,23 Aug to 28 Aug 2022,Clay,1st Round,W,6-3 6-0
800593324,800644161.0,Matija Bulovic,CRO,J4 Maribor,2022,15 Aug to 20 Aug 2022,Clay,2nd Round,L,6-2 1-6 7-10
800602599,800652897.0,Simon Carmona Lujan,COL,J4 Pereira,2022,21 Nov to 25 Nov 2022,Clay,Quarter-final,L,3-6 7-6 7-10
800602599,800675463.0,Juan David Ayala,COL,J4 Pereira,2022,21 Nov to 25 Nov 2022,Clay,2nd Round,W,6-3 6-1
800602599,800652024.0,RODRIGO HERNANDEZ,COL,J4 Pereira,2022,21 Nov to 25 Nov 2022,Clay,1st Round,W,6-2 6-2
800602599,800532945.0,Alejandro Gil Montoya,COL,J5 Valledupar,2022,24 Oct to 28 Oct 2022,Hard,1st Round,L,2-6 6-3 5-10
800722457,800714116.0,Leo Li,NZL,J5 Auckland,2022,26 Sep to 30 Sep 2022,Hard,1st Round,L,0-6 2-6
800594796,800531216.0,Said Ait Ali,FRA,J3 Saint Gregoire,2022,28 Nov to 03 Dec 2022,Hard,1st Round,L,1-6 0-6
800594796,800587344.0,Marc Aurele Desmoulins Ricot,FRA,J3 Clermont-Ferrand,2022,22 Aug to 27 Aug 2022,Clay,1st Round,L,0-6 1-6
800627797,800486289.0,Lukas Rais,CZE,J4 Al Zahra,2022,10 Oct to 16 Oct 2022,Hard,1st Round,L,1-6 3-6
800627797,800532412.0,Kyvan Rietkerk,NED,J4 Al Zahra,2022,03 Oct to 09 Oct 2022,Hard,1st Round,L,1-6 1-6
800627797,800496453.0,Ahmed HASSAIRI,TUN,J5 Al Zahra,2022,26 Sep to 02 Oct 2022,Hard,2nd Round,L,3-6 1-6
800627797,800584263.0,Sattam Moafa,KSA,J5 Al Zahra,2022,26 Sep to 02 Oct 2022,Hard,1st Round,W,5-7 6-2 6-3
800627797,800492627.0,Hugo Soares,FRA,J5 Al Zahra,2022,19 Sep to 25 Sep 2022,Hard,2nd Round,L,2-6 1-6
800627797,800583771.0,Issah Ali,KSA,J5 Al Zahra,2022,19 Sep to 25 Sep 2022,Hard,1st Round,W,6-1 6-4
800627797,800576725.0,Hugo Garcia Gomez,ESP,J5 Porto,2022,08 Aug to 13 Aug 2022,Clay,1st Round,L,3-6 2-6
800627797,800512948.0,Arenui Luethi,SUI,J4 Dubai,2022,17 Jan to 22 Jan 2022,Hard,2nd Round,L,0-6 1-6
800627797,800693436.0,Majid Alamri,OMA,J4 Dubai,2022,17 Jan to 22 Jan 2022,Hard,1st Round,W,6-1 6-1
800627797,800560324.0,Dev Kanbargimath,ROU,J4 Fujairah,2022,10 Jan to 15 Jan 2022,Hard,1st Round,L,1-6 2-6
800635770,800676143.0,Xavier Ferrer Mateo,ESP,J4 Estepona,2022,20 Sep to 25 Sep 2022,Hard,1st Round,L,4-6 1-6
800662186,800541714.0,Mohamed Hedi BRAHAM,TUN,J4 Kelibia,2022,21 Jun to 26 Jun 2022,Hard,1st Round,L,4-6
800662186,800631041.0,Anas Ben youssef,TUN,J5 Bizerte,2022,14 Jun to 19 Jun 2022,Clay,2nd Round,L,7-6 3-6 9-11
800662186,800638736.0,Mohamed Sanad Bouhlel,TUN,J5 Sousse,2022,17 May to 22 May 2022,Hard,Quarter-final,L,2-6 2-6
800662186,800672419.0,Yessine Mnif,TUN,J5 Sousse,2022,17 May to 22 May 2022,Hard,2nd Round,W,6-3 6-4
800662186,800598256.0,Mehdi Ben Arab,TUN,J5 Gazelec,2022,10 May to 15 May 2022,Hard,2nd Round,L,1-6 0-6
800717417,800648690.0,Yassien Mohamed Fawzy,EGY,J4 Giza,2022,31 Oct to 06 Nov 2022,Clay,2nd Round,L,7-6 2-6 3-10
800717417,800690376.0,Mostafa Harb,EGY,J4 Giza,2022,31 Oct to 06 Nov 2022,Clay,1st Round,W,6-3 6-0
800852705,800504960.0,Mohammad ALKOTOP,JOR,J5 Amman (Closed),2022,05 Dec to 09 Dec 2022,Hard,2nd Round,L,0-6 0-6
800852705,800730235.0,Tayseer Abdeljaber,JOR,J5 Amman (Closed),2022,05 Dec to 09 Dec 2022,Hard,1st Round,W,6-0 6-1
800852705,800568760.0,Zaid Shelbaya,JOR,J5 Amman (Closed),2022,28 Nov to 02 Dec 2022,Hard,2nd Round,L,0-6 0-6
800852705,800582904.0,Parv Patel,IND,J5 Amman,2022,27 Jun to 02 Jul 2022,Hard,2nd Round,L,0-6 1-6
800852705,800592032.0,Elham Abdul Salam Edavalath,IND,J5 Amman,2022,20 Jun to 25 Jun 2022,Hard,2nd Round,L,0-6 1-6
800675000,800640046.0,Niklas Maislinger,AUT,J3 Trnava,2022,15 Nov to 20 Nov 2022,Hard,1st Round,L,1-6 3-6
800689616,800589798.0,Thilo Behrmann,AUT,J5 Bulawayo,2022,05 Dec to 10 Dec 2022,Hard,2nd Round,L,2-6 2-6
800689616,800648396.0,Marko Milosavljevic,SRB,J5 Bulawayo,2022,28 Nov to 03 Dec 2022,Hard,1st Round,L,2-6 2-6
800689616,800543553.0,Thompson Thomu,ZIM,J4 Harare,2022,01 Aug to 06 Aug 2022,Hard,2nd Round,L,2-6 1-6
800689616,800699652.0,Hasan Makechemu,GBR,J4 Harare,2022,01 Aug to 06 Aug 2022,Hard,1st Round,W,6-3 6-0
800625932,800591641.0,Ashwajit Senjam,IND,J5 Pokhara,2022,05 Dec to 10 Dec 2022,Clay,1st Round,L,2-6 0-6
800625932,800656241.0,Aryan Arora,IND,J5 Pokhara,2022,28 Nov to 03 Dec 2022,Clay,1st Round,L,2-6 0-6
800706942,800688340.0,Arnold Jurua,UGA,J4 Nairobi,2022,07 Nov to 12 Nov 2022,Clay,1st Round,L,6-3 0-6 3-6
800706942,800592689.0,Yile Li,CHN,J4 Nairobi,2022,04 Jul to 09 Jul 2022,Clay,1st Round,L,1-6 0-6
800706942,800551238.0,Samprit Sharma,IND,J5 Nairobi,2022,27 Jun to 02 Jul 2022,Clay,1st Round,L,0-6 0-6
800697532,800656507.0,Kether Naresh Gonzalez Gonzalez,MEX,J4 Monterrey,2022,29 Aug to 03 Sep 2022,Hard,2nd Round,L,1-6 2-6
800697532,800653557.0,Samuel Canas,MEX,J4 Monterrey,2022,29 Aug to 03 Sep 2022,Hard,1st Round,W,6-2 6-4
800709831,800694048.0,Mahdi Samet,TUN,J5 Hammam Sousse,2022,08 Nov to 13 Nov 2022,Hard,1st Round,L,4-6 2-6
800709831,800541002.0,Ludovico Vaccari,ITA,J4 Carthage,2022,28 Jun to 03 Jul 2022,Clay,1st Round,L,0-6 0-6
800670518,800552191.0,Oliver Sanders,CZE,J4 Dededo,2022,24 May to 28 May 2022,Hard,Quarter-final,L,0-6 1-6
800670518,800555490.0,Dong Geon Kim,KOR,J4 Dededo,2022,17 May to 21 May 2022,Hard,1st Round,L,0-6 0-6
800670518,800706462.0,Jacob Thomas Ji,USA,J4 Dededo,2022,17 May to 21 May 2022,Hard,Quarter-final,W,6-1 6-0
800670518,800708042.0,Dylan Mayfield,GUM,J4 Dededo,2022,17 May to 21 May 2022,Hard,1st Round,W,6-0 6-2
800670518,800556765.0,Haruto Kawata,JPN,J5 Kurume,2022,09 Mar to 13 Mar 2022,Hard,1st Round,L,2-6 1-6
800632004,800569766.0,Heremana COURTE,FRA,J4 Ho Chi Minh City,2022,21 Nov to 26 Nov 2022,Hard,1st Round,L,0-6 1-6
800632004,800636307.0,Ngoc huy Nguyen,VIE,J4 Ho Chi Minh City,2022,14 Nov to 19 Nov 2022,Hard,1st Round,L,4-6 3-6
800632004,800597886.0,Kiet Doan ngo ba,VIE,J5 Tay Ninh City,2022,27 Jun to 03 Jul 2022,Hard,Quarter-final,L,1-6 3-6
800632004,800636307.0,Ngoc huy Nguyen,VIE,J5 Tay Ninh City,2022,27 Jun to 03 Jul 2022,Hard,2nd Round,W,7-6 6-3
800632004,800654816.0,Jin Hasegawa,JPN,J5 Tay Ninh City,2022,27 Jun to 03 Jul 2022,Hard,1st Round,W,6-2 6-2
800632004,800654514.0,Keerthivassan Suresh,IND,J5 Tay Ninh City,2022,20 Jun to 26 Jun 2022,Hard,1st Round,L,1-6 0-6
800600462,800592243.0,Alp Kemal Aksoy,TUR,J4 Rhodes,2022,26 Sep to 01 Oct 2022,Hard,Quarter-final,L,2-6 2-6
800600462,800676672.0,Michalis Hapipis,GRE,J4 Rhodes,2022,26 Sep to 01 Oct 2022,Hard,2nd Round,W,6-0 6-0
800697883,800579320.0,Alejandro Gonzalez,MEX,J3 Tampico,2022,15 Aug to 20 Aug 2022,Hard,1st Round,L,0-6 0-6
800670852,800668247.0,Koshiro Nakamae,JPN,J5 Chigasaki,2022,23 Nov to 27 Nov 2022,Carpet,2nd Round,L,4-6 2-6
800670852,800581192.0,Riki Utsuyama,JPN,J5 Chigasaki,2022,23 Nov to 27 Nov 2022,Carpet,1st Round,W,6-1 6-3
800670852,800622992.0,Kotaro Matsumura,JPN,J5 Yamanashi,2022,16 Nov to 20 Nov 2022,Clay,1st Round,L,3-6 0-6
800670852,800651606.0,Kouyou Tanihata,JPN,JA Osaka,2022,10 Oct to 16 Oct 2022,Hard,1st Round,L,1-6 1-6
800670852,800589109.0,Aoi Ooka,JPN,J3 Kawaguchi,2022,05 Oct to 09 Oct 2022,Hard,1st Round,L,3-6 1-6
800670852,800678588.0,KENTO NUKATA,JPN,J4 Miki City,2022,07 Sep to 11 Sep 2022,Hard,1st Round,L,2-6 4-6
800688309,800632101.0,Pangya Pholphirul,THA,J4 Nonthaburi,2022,24 Oct to 29 Oct 2022,Hard,1st Round,L,1-6 1-6
800688309,800540070.0,Marc Andrei Jarata,PHI,J5 Nonthaburi,2022,15 Aug to 20 Aug 2022,Hard,1st Round,L,1-6 0-6
800593839,800631660.0,Sacha Fontanges,FRA,J5 Fujairah,2022,07 Nov to 12 Nov 2022,Hard,2nd Round,L,0-6 0-6
800705144,800631530.0,Hans Deng,CAN,J5 Woodbridge 		,2022,24 Oct to 28 Oct 2022,Hard,1st Round,L,4-6 3-6
800592426,800680278.0,Vaclav Zavadil,CZE,J3 El Prat de Llobregat,2022,12 Sep to 17 Sep 2022,Clay,1st Round,L,4-6 2-6
800592426,800584991.0,Nicolas Robert,FRA,J5 Benidorm,2022,08 Aug to 13 Aug 2022,Hard,1st Round,L,1-6 0-6
800592426,800510329.0,Achilefs Rafail Kousaridis,GRE,J5 Valldoreix,2022,02 Aug to 06 Aug 2022,Clay,1st Round,L,0-6 1-6
800592426,800603422.0,Dani Constans Picart,ESP,J4 Les Franqueses del Valles,2022,31 May to 05 Jun 2022,Hard,1st Round,L,2-6 3-6
800592426,800543658.0,Vishal Prakash,IND,J4 Les Franqueses del Valles,2022,24 May to 29 May 2022,Hard,1st Round,L,3-6 2-6
800600511,800648471.0,Bjorn Cristiano Asbjornrod valdivieso,NOR,J5 Stavanger,2022,22 Nov to 27 Nov 2022,Hard,1st Round,L,4-6 7-6 2-6
800600511,800679624.0,Oskar Loef,SWE,J5 Kramfors,2022,17 Aug to 21 Aug 2022,Clay,2nd Round,L,2-6 3-6
800600511,800551613.0,August Brostroem Poulsen,DEN,J5 Kramfors,2022,17 Aug to 21 Aug 2022,Clay,1st Round,W,6-3 7-6
800686686,800653479.0,Minhoon Lee,AUS,J2 Chuncheon,2022,25 Oct to 30 Oct 2022,Hard,1st Round,L,1-6 1-6
800722099,800687204.0,Douglas Hwang,CAN,J4 Victoria,2022,17 Oct to 22 Oct 2022,Hard,1st Round,L,1-6 2-6
800700659,800621894.0,Eita Suzuki,JPN,J5 Matsuyama,2022,07 Dec to 11 Dec 2022,Hard,1st Round,L,6-2 4-6 7-10
800700659,800621894.0,Eita Suzuki,JPN,J5 Gifu,2022,30 Nov to 04 Dec 2022,Hard,1st Round,L,6-2 3-6 9-11
800700659,800652221.0,Naoki Watanabe,JPN,J5 Yamanashi,2022,16 Nov to 20 Nov 2022,Clay,Quarter-final,L,4-6 4-6
800700659,800581192.0,Riki Utsuyama,JPN,J5 Yamanashi,2022,16 Nov to 20 Nov 2022,Clay,2nd Round,W,6-1 6-2
800700659,800555370.0,Nagamitsu Kuroda,JPN,J5 Yamanashi,2022,16 Nov to 20 Nov 2022,Clay,1st Round,W,6-2 6-1
800663496,800621560.0,Dai Khanh Nguyen,VIE,J5 Tay Ninh City,2022,27 Jun to 03 Jul 2022,Hard,1st Round,L,3-6 2-6
800663496,800575142.0,Chen-Yu Lu,TPE,J5 Tay Ninh City,2022,27 Jun to 03 Jul 2022,Hard,Quarter-final,W,7-6 6-4
800663496,800594323.0,Tran Quoc Thai Dang,VIE,J5 Tay Ninh City,2022,27 Jun to 03 Jul 2022,Hard,2nd Round,W,6-3 2-6 10-5
800663496,800708248.0,KHANG QUOC THANG HUYNH,VIE,J5 Tay Ninh City,2022,27 Jun to 03 Jul 2022,Hard,1st Round,W,6-4 6-1
800663496,800597886.0,Kiet Doan ngo ba,VIE,J5 Tay Ninh City,2022,20 Jun to 26 Jun 2022,Hard,1st Round,L,4-6 1-6
800704399,800696941.0,Tomas Satizabal Botero,COL,J4 Santa Tecla,2022,07 Nov to 12 Nov 2022,Hard,Quarter-final,L,2-6 1-6
800704399,800579120.0,Miguel Tobon,COL,J5 Santa Tecla,2022,15 Aug to 20 Aug 2022,Hard,1st Round,L,0-6 0-6
800704399,800696941.0,Tomas Satizabal Botero,COL,J5 Santa Tecla,2022,11 Jul to 16 Jul 2022,Hard,1st Round,L,1-6 1-6
800704399,800575985.0,Minato Koido,JPN,J4 Santa Tecla,2022,30 May to 04 Jun 2022,Hard,1st Round,L,0-6 0-6
800695155,800777437.0,Alejandro Calles,MEX,J4 Monterrey,2022,29 Aug to 03 Sep 2022,Hard,1st Round,L,2-6 2-6
800581715,800534676.0,Alan Abdullin,RUS,J3 Saint Cyprien,2022,17 Oct to 23 Oct 2022,Hard,1st Round,L,4-6 1-6
800690180,800626793.0,Theo Nilsson,SWE,J5 Meknes,2022,21 Nov to 26 Nov 2022,Clay,1st Round,L,0-6 1-6
800690180,800698451.0,Aymane Tahiri,MAR,J5 Oujda,2022,14 Nov to 19 Nov 2022,Clay,2nd Round,L,4-6 2-6
800690180,800532540.0,Adam Adyel,MAR,J5 Oujda,2022,14 Nov to 19 Nov 2022,Clay,1st Round,W,6-3 0-6 10-2
800690180,800675121.0,mehdi tahiri alaoui,MAR,J5 Casablanca,2022,24 Oct to 29 Oct 2022,Clay,1st Round,L,6-7 4-6
800690180,800529641.0,Ilias Lahlou,MAR,J4 Rabat,2022,17 Oct to 22 Oct 2022,Clay,2nd Round,L,0-6 0-6
800690180,800700365.0,Mohammed Ghali Boukili,MAR,J4 Rabat,2022,17 Oct to 22 Oct 2022,Clay,1st Round,W,6-1 6-3
800690180,800530750.0,Ali Zizi,MAR,J4 Casablanca,2022,10 Oct to 15 Oct 2022,Clay,2nd Round,L,0-6 0-6
800635133,800652647.0,basile kuhl,FRA,J5 Saint Denis,2022,24 Oct to 30 Oct 2022,Clay,2nd Round,L,0-6 0-6
800635133,800713144.0,Mathis SAILLON,FRA,J5 Saint Denis,2022,24 Oct to 30 Oct 2022,Clay,1st Round,W,6-3 6-1
800635133,800626416.0,Noah Riccitelli,SUI,J5 Saint Paul,2022,17 Oct to 23 Oct 2022,Hard,2nd Round,L,0-6 1-6
800635133,800630918.0,paul graffin,FRA,J5 Saint Paul,2022,17 Oct to 23 Oct 2022,Hard,1st Round,W,6-3 6-2
800635133,800709847.0,CHIN-TAI WU,TPE,J5 Adelaide,2022,14 Sep to 18 Sep 2022,Hard,1st Round,L,0-6 0-6
800635133,800631986.0,Sam Simmonds,AUS,J5 Adelaide,2022,07 Sep to 11 Sep 2022,Hard,1st Round,L,1-6 2-6
800635133,800545861.0,Skandha Prasanna Rao,IND,J5 Colombo,2022,04 Jul to 10 Jul 2022,Clay,1st Round,L,1-6 2-6
800635133,800590684.0,Mayank Sharma,IND,J5 Colombo,2022,27 Jun to 03 Jul 2022,Clay,1st Round,L,5-7 1-6
800659826,800690789.0,TRISHANT REDDY DANDU,IND,J4 Kathmandu,2022,31 Jan to 05 Feb 2022,Hard,2nd Round,L,1-6 1-6
800702946,800692700.0,Harold Ronaldo Andre Cotom Hidalgo,GUA,J5 Tegucigalpa,2022,28 Mar to 02 Apr 2022,Hard,2nd Round,L,2-6 1-6
800708887,800690276.0,Ren Matsumura,JPN,J5 Chigasaki,2022,23 Nov to 27 Nov 2022,Carpet,Quarter-final,L,0-6 0-6
800708887,800721475.0,Shoki Hiwatashi,JPN,J5 Chigasaki,2022,23 Nov to 27 Nov 2022,Carpet,2nd Round,W,2-6 6-3 10-2
800708887,800664527.0,Kazuma Tani,JPN,J5 Chigasaki,2022,23 Nov to 27 Nov 2022,Carpet,1st Round,W,6-2 6-2
800661274,800551341.0,MinSeo Kim,KOR,J2 Chuncheon,2022,25 Oct to 30 Oct 2022,Hard,1st Round,L,1-6 2-6
800661274,800854428.0,Minseok Maeng,KOR,J4 Jeju,2022,05 Apr to 10 Apr 2022,Hard,1st Round,L,0-6 0-6
800593532,800681935.0,Ivan Lopez Martos,ESP,J4 Schifflange,2022,08 Aug to 13 Aug 2022,Clay,2nd Round,L,0-6 2-6
800692539,800644383.0,Divyank Kavitke,IND,J5 Indore,2022,24 Jan to 29 Jan 2022,Hard,1st Round,L,7-6 2-6 6-10
800667636,800575142.0,Chen-Yu Lu,TPE,J5 Tay Ninh City,2022,27 Jun to 03 Jul 2022,Hard,2nd Round,L,1-6 0-6
800667636,800624023.0,Khanh Tuong Duy Khanh,VIE,J5 Tay Ninh City,2022,27 Jun to 03 Jul 2022,Hard,1st Round,W,6-2 6-3
800667636,800697538.0,Kiet Le,VIE,J5 Tay Ninh City,2022,20 Jun to 26 Jun 2022,Hard,1st Round,L,0-6 0-1
800628871,800595178.0,Henry Bernet,SUI,J4 Stirling,2022,30 Nov to 04 Dec 2022,Hard,2nd Round,L,0-6 1-6
800628871,800497724.0,Brooklyn Bamburac,GBR,J4 Stirling,2022,30 Nov to 04 Dec 2022,Hard,1st Round,W,6-2 6-2
800628871,800534617.0,Milan Markovits,HUN,J4 Liverpool,2022,14 Nov to 18 Nov 2022,Hard,1st Round,L,2-6 1-6
800628871,800515952.0,Tsz Him Chan,HKG,J5 Liverpool,2022,08 Nov to 13 Nov 2022,Hard,1st Round,L,0-6 2-6
800628871,800653254.0,Matthew Upton,GBR,J5 Loughborough,2022,12 Sep to 16 Sep 2022,Hard,1st Round,L,6-7 6-4 5-10
800628871,800516664.0,Sebastian Harrison,GBR,J5 Edinburgh,2022,10 Aug to 14 Aug 2022,Clay,Quarter-final,L,5-7 4-6
800628871,800664082.0,Matthew Ground,GBR,J5 Edinburgh,2022,10 Aug to 14 Aug 2022,Clay,1st Round,W,6-3 4-6 10-6
800651918,800727442.0,Rajat Shirur,USA,J5 Llanos de Curundu,2022,21 Nov to 26 Nov 2022,Clay,2nd Round,L,4-6 2-6
800651918,800675986.0,Nikolas Kumria,USA,J5 Llanos de Curundu,2022,21 Nov to 26 Nov 2022,Clay,1st Round,W,7-5 7-5
800651918,800664770.0,Isaac Wright-Muller,PAN,J5 Llanos de Curundu,2022,21 Nov to 26 Nov 2022,Clay,Quarter-final,W,6-1 6-1
800651918,800674862.0,Nicolas Madero,USA,J5 Llanos de Curundu,2022,21 Nov to 26 Nov 2022,Clay,1st Round,W,6-4 6-4
800651918,800591369.0,Jhon Fredy Ramirez,COL,J5 Valledupar,2022,24 Oct to 28 Oct 2022,Hard,1st Round,L,2-6 0-6
800651918,800651897.0,Kendrick Lambrano Suarez,COL,J5 Cartagena,2022,17 Oct to 21 Oct 2022,Hard,2nd Round,L,5-7 6-7
800651918,800622249.0,Facundo Bautista Soplan,ARG,J5 Cartagena,2022,17 Oct to 21 Oct 2022,Hard,1st Round,W,7-6 7-5
800651918,800560226.0,Samuel Maia,BRA,J5 Pereira,2022,16 May to 21 May 2022,Clay,1st Round,L,3-6 0-6
800651918,800534017.0,Juan Felipe Alayon Guevara,COL,J5 Cundinamarca,2022,02 May to 07 May 2022,Clay,2nd Round,L,3-6 3-6
800651918,800675651.0,Alejandro Carvajal,COL,J5 Cundinamarca,2022,02 May to 07 May 2022,Clay,1st Round,W,7-6 6-2
800661283,800711589.0,Tim Eckermann,GER,J5 Kingston,2022,14 Nov to 18 Nov 2022,Hard,2nd Round,L,3-6 1-6
800661283,800725805.0,Shaun Fernando,USA,J5 Kingston,2022,07 Nov to 11 Nov 2022,Hard,Quarter-final,L,3-6 4-6
800661283,800713542.0,Kristoff Grizzle,JAM,J5 Kingston,2022,07 Nov to 11 Nov 2022,Hard,2nd Round,W,6-1 6-1
800661283,800580822.0,William Manning,USA,J4 Corpus Christi,2022,26 Sep to 01 Oct 2022,Hard,2nd Round,L,1-6 0-6
800661283,800627043.0,Diego Miguel Rodriguez Martinez,MEX,J5 Monterrey,2022,21 Feb to 26 Feb 2022,Hard,1st Round,L,2-6 1-6
800659806,800694588.0,Rishi Ragav Janakaraj,IND,J4 Guwahati,2022,14 Nov to 19 Nov 2022,Hard,1st Round,L,3-6 1-6
800659806,800690115.0,Brandon Rieseberg,RSA,J3 Pretoria,2022,24 Oct to 29 Oct 2022,Hard,1st Round,L,2-6 2-6
800659806,800589824.0,Gerald Bill Kruger,RSA,J3 Johannesburg,2022,17 Oct to 22 Oct 2022,Hard,2nd Round,L,2-6 5-7
800659806,800719484.0,Michael Harding,RSA,J3 Johannesburg,2022,17 Oct to 22 Oct 2022,Hard,1st Round,W,6-2 6-2
800659806,800553568.0,Fateh Singh,IND,J2 Kolkata,2022,17 Jan to 22 Jan 2022,Hard,1st Round,L,4-6 1-6
800657212,800532758.0,Aldo Randazzo,VEN,J5 Puerto Cabello (CLOSED),2022,22 Aug to 27 Aug 2022,Hard,2nd Round,L,0-6 2-6
800657212,800694103.0,Carlos Guevara,VEN,J5 Puerto Cabello (CLOSED),2022,22 Aug to 27 Aug 2022,Hard,1st Round,W,6-3 6-1
800702763,800674742.0,Allan Gatoto,BDI,J5 Bulawayo,2022,05 Dec to 10 Dec 2022,Hard,1st Round,L,0-6 0-6
800702763,800652318.0,Rudiger Dusselberg,RSA,J5 Bulawayo,2022,28 Nov to 03 Dec 2022,Hard,1st Round,L,2-6 0-6
800702763,800676359.0,ALEXANDER HRISTOV,RSA,J5 Gaborone,2022,29 Aug to 03 Sep 2022,Hard,2nd Round,L,2-6 2-6
800702763,800709465.0,Bryan Wiggill,RSA,J5 Gaborone,2022,22 Aug to 27 Aug 2022,Hard,1st Round,L,2-6 4-6
800702763,800546919.0,Ori Baron,ISR,J3 Harare,2022,15 Aug to 20 Aug 2022,Hard,1st Round,L,0-6 2-6
800702763,800538934.0,Yarden Cauly,ISR,J4 Harare,2022,08 Aug to 13 Aug 2022,Hard,1st Round,L,0-6 0-6
800702763,800567954.0,Strive Bosha,ZIM,J4 Harare,2022,01 Aug to 06 Aug 2022,Hard,2nd Round,L,2-6 1-6
800702763,800653420.0,Thabani Christian Nhokwara,ZIM,J4 Harare,2022,01 Aug to 06 Aug 2022,Hard,1st Round,W,6-4 7-5
800702763,800451532.0,Hanu Patel,USA,J5 Bulawayo,2022,30 May to 04 Jun 2022,Hard,1st Round,L,0-6 0-6
800702763,800599360.0,Daniel Krige,RSA,J5 Bulawayo,2022,23 May to 28 May 2022,Hard,1st Round,L,0-6 3-6
800701028,800728018.0,Alioum Salaoudine,CMR,J5 Yaoundé,2022,14 Nov to 19 Nov 2022,Hard,2nd Round,L,1-6 0-6
800701028,800728015.0,William Tatanfack,CMR,J5 Yaoundé,2022,14 Nov to 19 Nov 2022,Hard,1st Round,W,6-0 6-2
800701028,800601973.0,Natan Albertini,BRA,J5 Yaoundé,2022,07 Nov to 12 Nov 2022,Hard,2nd Round,L,0-6 2-6
800701028,800592853.0,Cristian Felipe Sanchez Rojas,COL,J5 Douala,2022,12 Apr to 17 Apr 2022,Hard,1st Round,L,0-6 0-6
800701028,800603229.0,Aly Ahmed Noureldine,EGY,J5 Douala,2022,05 Apr to 10 Apr 2022,Hard,1st Round,L,0-6 2-6
800688029,800601544.0,Pudit Phapatsirikul,THA,J5 Islamabad,2022,07 Nov to 12 Nov 2022,Hard,1st Round,L,1-6 1-6
800719749,800648405.0,oscar rashed,SUI,J5 Kaslik,2022,22 Aug to 27 Aug 2022,Clay,1st Round,L,0-6 0-6
800719749,800651598.0,Seif El Salawy,EGY,J5 Kaslik,2022,22 Aug to 27 Aug 2022,Clay,Quarter-final,L,2-6 3-6
800719749,800702363.0,Marc Mohanna,FRA,J5 Kaslik,2022,22 Aug to 27 Aug 2022,Clay,2nd Round,W,6-0 7-5
800727957,800528233.0,Bryan Hernandez Cortes,ESP,J5 Yaoundé,2022,14 Nov to 19 Nov 2022,Hard,2nd Round,L,0-6 1-6
800727957,800684064.0,Nathan Deffo Nkuissseu,CMR,J5 Yaoundé,2022,14 Nov to 19 Nov 2022,Hard,1st Round,W,6-2 6-3
800727957,800746221.0,Daniel Ekango,CMR,J5 Yaoundé,2022,07 Nov to 12 Nov 2022,Hard,2nd Round,L,5-7 2-6
800727957,800728015.0,William Tatanfack,CMR,J5 Yaoundé,2022,07 Nov to 12 Nov 2022,Hard,1st Round,W,6-2 6-0
800716671,800592299.0,Mateo Delossantos,USA,J4 Corpus Christi,2022,26 Sep to 01 Oct 2022,Hard,2nd Round,L,3-6 6-4 8-10
800718964,800653961.0,Ghali Ouajahat Filali,MAR,J4 Accra,2022,29 Aug to 03 Sep 2022,Hard,1st Round,L,0-6 2-6
800694849,800635732.0,Omar Kotb,EGY,J4 Cairo,2022,07 Nov to 13 Nov 2022,Clay,1st Round,L,1-6 0-6
800694849,800632416.0,Youssef Elshatbi,EGY,J3 Dakahlia,2022,15 Aug to 19 Aug 2022,Clay,Quarter-final,L,2-6 0-6
800694849,800715864.0,Yassin Nessim,EGY,J3 Dakahlia,2022,15 Aug to 19 Aug 2022,Clay,2nd Round,W,6-3 6-2
800694849,800681323.0,Omar Alwakil,EGY,J3 Dakahlia,2022,15 Aug to 19 Aug 2022,Clay,1st Round,W,6-1 6-0
800694849,800650869.0,Ali Moheb,EGY,J5 Giza,2022,11 Jul to 17 Jul 2022,Clay,2nd Round,L,2-6 2-6
800694849,800654274.0,Mohamed Hesham Mohamed Ibrahim Shafei,EGY,J5 Giza,2022,11 Jul to 17 Jul 2022,Clay,1st Round,W,7-6 3-1
800694849,800680865.0,Mohamed Tarek,EGY,J5 Cairo,2022,23 May to 29 May 2022,Clay,1st Round,L,3-6 0-3
800649807,800602164.0,Jerome Yang,CAN,J4 Victoria,2022,17 Oct to 22 Oct 2022,Hard,2nd Round,L,1-6 1-6
800649807,800710557.0,Bennett Carlson,CAN,J4 Victoria,2022,17 Oct to 22 Oct 2022,Hard,1st Round,W,6-4 6-1
800649807,800602163.0,Jasper Yang,CAN,J4 Langley,2022,10 Oct to 15 Oct 2022,Hard,2nd Round,L,1-6 4-6
800649807,800683976.0,Jagatpartap Sanghera,CAN,J4 Langley,2022,10 Oct to 15 Oct 2022,Hard,1st Round,W,7-6 4-6 10-7
800629463,800560529.0,Tega Caradima,ROU,J5 Istanbul,2022,14 Nov to 19 Nov 2022,Hard,1st Round,L,0-6 1-6
800586195,800580230.0,Eric Drathen,GER,J5 Ingelheim,2022,20 Sep to 25 Sep 2022,Clay,2nd Round,L,7-6 3-6 7-10
800586195,800519114.0,Leonard David Wagner,GER,J4 Hannover,2022,05 Sep to 10 Sep 2022,Clay,1st Round,L,6-7 3-6
800709908,800575116.0,Anirudh Nallaparaju,AUS,J3 Christchurch,2022,11 Oct to 15 Oct 2022,Hard,1st Round,L,1-6 4-6
800709908,800718918.0,Nehal Naidoo,RSA,J3 Auckland,2022,03 Oct to 07 Oct 2022,Hard,1st Round,L,3-6 4-6
800709908,800588559.0,Stanley Long,NZL,J5 Auckland,2022,26 Sep to 30 Sep 2022,Hard,1st Round,L,0-6 4-6
800695734,800531663.0,Todor Vukomanovic,SRB,J4 Nairobi,2022,07 Nov to 12 Nov 2022,Clay,2nd Round,L,0-6 1-6
800695734,800676056.0,Aaryan Khimasia,KEN,J4 Nairobi,2022,07 Nov to 12 Nov 2022,Clay,1st Round,W,6-2 6-2
800695734,800534822.0,Artem Lyapshin,GER,J4 Nairobi,2022,04 Jul to 09 Jul 2022,Clay,1st Round,L,1-6 1-6
800695734,800590435.0,Ryosuke Inagawa,JPN,J5 Nairobi,2022,07 Feb to 12 Feb 2022,Clay,1st Round,L,0-6 0-6
800695734,800540297.0,Rhys Giacomo Watters,GBR,J4 Nairobi,2022,31 Jan to 05 Feb 2022,Clay,1st Round,L,1-6 1-6
800570388,800680274.0,Dominick Mueller,GER,J5 Istanbul,2022,14 Nov to 19 Nov 2022,Hard,1st Round,L,2-6 4-6
800570388,800529526.0,Batuhan Saban,TUR,J5 Istanbul,2022,17 Oct to 23 Oct 2022,Hard,2nd Round,L,2-6 4-6
800570388,800727660.0,Arshiya Rasoulinia,IRI,J5 Istanbul,2022,17 Oct to 23 Oct 2022,Hard,1st Round,W,6-0 6-0
800570388,800628614.0,Cem Christopher Kucukhuseyin,TUR,J5 Istanbul,2022,10 Oct to 16 Oct 2022,Hard,1st Round,L,3-6 3-6
800570388,800651592.0,Darko Kolevski,MKD,J4 Antalya,2022,21 Mar to 27 Mar 2022,Clay,1st Round,L,3-6 3-6
800570388,800540999.0,Gabriel Moroder,ITA,J4 Antalya,2022,07 Feb to 13 Feb 2022,Clay,1st Round,L,0-6 3-6
800728571,800591369.0,Jhon Fredy Ramirez,COL,J5 Llanos de Curundu,2022,21 Nov to 26 Nov 2022,Clay,1st Round,L,0-6 2-6
800621248,800635795.0,Egor Polskii,RUS,J5 Dushanbe,2022,10 Oct to 15 Oct 2022,Hard,1st Round,L,0-6 1-6
800621248,800540448.0,Akhmaddzhon Kosimi,TJK,J5 Dushanbe,2022,10 Oct to 15 Oct 2022,Hard,Quarter-final,W,6-1 6-7 10-4
800621248,800567932.0,Dmitrii Burtsev,RUS,J5 Dushanbe,2022,03 Oct to 08 Oct 2022,Hard,1st Round,L,0-6 1-6
800621248,800572340.0,Sarvar Azamatov,UZB,J3 Tashkent,2022,01 Aug to 06 Aug 2022,Hard,Quarter-final,L,4-6 1-6
800621248,800708457.0,Dilshod Kodirov,UZB,J3 Tashkent,2022,01 Aug to 06 Aug 2022,Hard,2nd Round,W,6-1 6-2
800584764,800601590.0,Philip Chun Yan Leung,HKG,J4 Hong Kong,2022,31 Oct to 05 Nov 2022,Hard,1st Round,L,4-6 1-6
800584764,800570850.0,Clayton Dik Sum WONG,HKG,J4 Hong Kong,2022,03 Oct to 08 Oct 2022,Hard,2nd Round,L,1-6 2-6
800584764,800580910.0,Kwok Ting Makson Chan,HKG,J5 Hong Kong,2022,15 Aug to 20 Aug 2022,Hard,2nd Round,L,2-6 6-3 5-10
800584764,800601874.0,Chuen Hei Carison Fung,HKG,J5 Hong Kong,2022,15 Aug to 20 Aug 2022,Hard,1st Round,W,6-1 7-5
800584764,800574779.0,Wang Chun Athan Yuen,HKG,J5 Hong Kong,2022,08 Aug to 13 Aug 2022,Hard,1st Round,L,2-6 2-6
800712012,800573567.0,Arcen Dag,NED,J4 Emmeloord,2022,11 Oct to 15 Oct 2022,Carpet,1st Round,L,2-6 1-6
800698773,800657265.0,Andres Bocache,VEN,J5 Puerto Cabello (CLOSED),2022,08 Aug to 13 Aug 2022,Hard,1st Round,L,1-6 3-6
800698773,800674574.0,Jossting Cruz,DOM,J5 Santo Domingo,2022,01 Aug to 06 Aug 2022,Hard,1st Round,L,2-6 0-6
800690770,800571506.0,Daniel Azar,JAM,J5 Christiansted,2022,16 May to 21 May 2022,Hard,1st Round,L,1-6 0-6
800690770,800687181.0,Pedro Vives,ESP,J5 Christiansted,2022,09 May to 14 May 2022,Hard,Semi-final,L,0-6 1-6
800690428,800523356.0,Pavlos Tsitsipas,GRE,J4 Dubai,2022,14 Nov to 19 Nov 2022,Hard,1st Round,L,4-6 1-6
800690428,800565642.0,Alexandru Vladut Lupu,ROU,J5 Fujairah,2022,07 Nov to 12 Nov 2022,Hard,Quarter-final,L,6-7 4-6
800690428,800632344.0,Uri Gilon,ISR,J5 Fujairah,2022,07 Nov to 12 Nov 2022,Hard,2nd Round,W,6-1 6-0
800690428,800551250.0,Aryan Nanda,IND,J5 Fujairah,2022,07 Nov to 12 Nov 2022,Hard,1st Round,W,6-2 7-5
800690428,800628197.0,Ibrahim Kandil,EGY,J3 Cairo,2022,08 Aug to 12 Aug 2022,Clay,Quarter-final,L,0-6 0-6
800690428,800653952.0,Ali Sherif Ahmed,EGY,J3 Cairo,2022,08 Aug to 12 Aug 2022,Clay,2nd Round,W,6-2 5-7 10-3
800690428,800680865.0,Mohamed Tarek,EGY,J3 Cairo,2022,08 Aug to 12 Aug 2022,Clay,1st Round,W,6-3
800690428,800571067.0,Jonas Skierus,LTU,J5 Nairobi,2022,27 Jun to 02 Jul 2022,Clay,1st Round,L,6-7 4-6
800690428,800563711.0,Thomas Aston,GBR,J5 Nairobi,2022,20 Jun to 25 Jun 2022,Clay,3rd Round,L,1-6 2-6
800690428,800711799.0,Munene Muondu,KEN,J5 Nairobi,2022,20 Jun to 25 Jun 2022,Clay,2nd Round,W,6-2 6-0
800690428,800510694.0,Oleg Kolninov,RUS,J5 Cholpon-Ata,2022,23 May to 28 May 2022,Hard,Quarter-final,L,4-6 1-6
800690428,800687065.0,Miras Moldabek,KAZ,J5 Cholpon-Ata,2022,23 May to 28 May 2022,Hard,2nd Round,W,6-4 6-3
800690428,800510049.0,Maxim Maltsev,KAZ,J5 Cholpon-Ata,2022,23 May to 28 May 2022,Hard,1st Round,W,6-3 6-3
800690428,800437862.0,Bekzhan Yerezhep,KAZ,J5 Cholpon-Ata,2022,16 May to 21 May 2022,Hard,2nd Round,L,6-7 6-3 8-10
800690428,800503732.0,Tikhon Sorokin,KAZ,J5 Cholpon-Ata,2022,16 May to 21 May 2022,Hard,1st Round,W,7-6 6-1
800690428,800593918.0,Mohammed Al-Shammari,IRQ,J5 Zouk,2022,25 Apr to 01 May 2022,Hard,2nd Round,L,0-6 2-6
800690428,800661424.0,Raphael Nii Ankrah,GHA,J5 Accra,2022,11 Apr to 16 Apr 2022,Hard,1st Round,L,0-6 4-6
800690428,800537359.0,Alexey Efremov,FRA,J5 Accra,2022,11 Apr to 16 Apr 2022,Hard,Quarter-final,L,0-6 3-6
800690428,800652902.0,Chandan Shivaraj,IND,J5 Accra,2022,04 Apr to 09 Apr 2022,Hard,1st Round,L,0-6 1-6
800690428,800600535.0,Malik Trail,USA,J5 Accra,2022,04 Apr to 09 Apr 2022,Hard,Quarter-final,L,0-6 0-6
800726231,800724554.0,Ronald Nasawali,UGA,J4 Nairobi,2022,24 Oct to 29 Oct 2022,Clay,1st Round,L,2-6 0-6
800726026,800684544.0,Alex Lozano,USA,J4 Lexington,2022,24 Oct to 29 Oct 2022,Hard,1st Round,L,2-6 3-6
800726026,800653610.0,Dominick Mosejczuk,USA,JB1 Nicholasville,2022,03 Oct to 08 Oct 2022,Hard,2nd Round,L,1-6 2-6
800724909,800697547.0,AYUSH SHARMA,IND,J4 Nairobi,2022,07 Nov to 12 Nov 2022,Clay,1st Round,L,0-6 0-6
800724909,800703385.0,Hamza Abouelenein,EGY,J4 Nairobi,2022,24 Oct to 29 Oct 2022,Clay,1st Round,L,0-6 0-6
800625288,800563132.0,Arno Guillet,FRA,J3 Clermont-Ferrand,2022,22 Aug to 27 Aug 2022,Clay,1st Round,L,1-6 1-6
800708606,800510296.0,Philip Jarrah Blom,POL,J3 Harare,2022,15 Aug to 20 Aug 2022,Hard,1st Round,L,0-6 0-6
800708606,800639802.0,Tavis Wright,GBR,J4 Harare,2022,08 Aug to 13 Aug 2022,Hard,1st Round,L,6-7 2-6
800644703,800672169.0,Piotr Voigt,POL,J4 Pszczyna,2022,16 Nov to 20 Nov 2022,Hard,1st Round,L,2-6 2-6
800645224,800573174.0,Ferran Redza,GBR,J5 Wrexham,2022,24 May to 28 May 2022,Hard,1st Round,L,1-6 2-6
800645224,800482794.0,Mason Dace,GBR,J2 Aldershot,2022,25 Apr to 29 Apr 2022,Hard,1st Round,L,0-6 1-6
800650846,800590883.0,Andrea Tognolini,ITA,J5 Limassol,2022,24 Oct to 29 Oct 2022,Clay,2nd Round,L,3-6 2-6
800650846,800523508.0,Luca Mindrut,ROU,J5 Limassol,2022,23 May to 28 May 2022,Clay,1st Round,L,0-6 2-6
800642843,800636361.0,TZU-CHENG LIU,TPE,J5 Colombo,2022,27 Jun to 03 Jul 2022,Clay,1st Round,L,3-6 2-6
800582910,800586888.0,Shabad Singh,IND,J5 Pokhara,2022,05 Dec to 10 Dec 2022,Clay,1st Round,L,5-7
800582910,800568341.0,Vansh Nandal,IND,J5 Pokhara,2022,28 Nov to 03 Dec 2022,Clay,1st Round,L,1-6 2-6
800585052,800656241.0,Aryan Arora,IND,J5 Pokhara,2022,05 Dec to 10 Dec 2022,Clay,1st Round,L,2-6 3-6
800585052,800590684.0,Mayank Sharma,IND,J5 Pokhara,2022,28 Nov to 03 Dec 2022,Clay,2nd Round,L,7-6 5-7 1-6
800585052,800570799.0,Vibhu Challagundla,IND,J5 Pokhara,2022,28 Nov to 03 Dec 2022,Clay,1st Round,W,7-5 6-1
800585052,800557284.0,Pratyaksh XXX,IND,J4 Kathmandu,2022,07 Feb to 12 Feb 2022,Hard,1st Round,L,3-6 2-6
800585052,800580321.0,Wyatt OBrien,IND,J4 Kathmandu,2022,31 Jan to 05 Feb 2022,Hard,1st Round,L,1-6 6-7
800709321,800567160.0,Alexander Klichnikov,RUS,J2 Shymkent,2022,10 Oct to 15 Oct 2022,Clay,1st Round,L,
800709321,800544793.0,Andrei Zhydkou,BLR,J3 Cholpon-Ata,2022,29 Aug to 03 Sep 2022,Hard,Quarter-final,L,1-6 0-6
800674087,800692536.0,JUAN FELIPE SALINAS BAJONERO,COL,J5 Cundinamarca,2022,02 May to 07 May 2022,Clay,2nd Round,L,1-6 2-6
800674087,800705298.0,Alejandro Pena,COL,J5 Cundinamarca,2022,02 May to 07 May 2022,Clay,1st Round,W,6-2 2-6 10-5
800694027,800653408.0,Ethan Gottschalk,AUS,J5 Singapore,2022,22 Aug to 27 Aug 2022,Hard,1st Round,L,2-6 0-6
800694027,800693305.0,Anand Suresh,SGP,J4 Singapore,2022,28 Feb to 05 Mar 2022,Hard,1st Round,L,5-7 0-6
800694027,800583824.0,ARNAV KAPOOR,IND,J5 Singapore,2022,21 Feb to 26 Feb 2022,Hard,1st Round,L,0-6 0-6
800670432,800662212.0,Varun Verma,IND,J5 Seefeld-Tirol,2022,10 Oct to 15 Oct 2022,Carpet,1st Round,L,0-6 0-6
800671352,800720495.0,Joaquin Heredia,USA,J5 Jakarta,2022,11 Oct to 16 Oct 2022,Hard,1st Round,L,4-6 5-7
