Rank,Player_ID,Name,Nationality,Birth_Year
1,800586822,Ivan Ivanov,BUL,2008
2,800564683,Yannick Theodor Alexandrescou,FRA,2008
3,800680259,Luis Guto Miguel,BRA,2009
4,800579895,Ziga Sesko,SLO,2008
5,800692786,Jack Kennedy,USA,2008
6,800583844,Ryo Tabata,JPN,2008
7,800657117,Keaton Hance,USA,2008
8,800570117,Jamie Mackenzie,GER,2008
9,800572931,Niels McDonald,GER,2008
10,800543488,Zangar Nurlanuly,KAZ,2008
11,800732018,Michael Antonius,USA,2010
12,800717286,Andrew Johnson,USA,2009
13,800575096,Thijs Boogaard,NED,2008
14,800590346,Nikita Belozertsev,UZB,2008
15,800658369,Dante Pagani,ARG,2008
16,800692766,Kuan-Shou Chen,TPE,2008
17,800696168,Yannik Alvarez,PUR,2008
18,800600773,Nicolas Baena,PER,2008
19,800589798,Thilo Behrmann,AUT,2008
20,800597355,Mathys Domenc,FRA,2009
21,800571859,Dimitar Kisimov,BUL,2008
22,800571129,Flynn Thomas,SUI,2008
23,800559166,Damir Zhalgasbay,KAZ,2008
24,800721316,Ryan Cozad,USA,2008
25,800754035,Gavin Goode,USA,2008
26,800589799,Raffaele Ciurnelli,ITA,2008
27,800654359,Emilio Camacho,ECU,2009
28,800565895,Matei Todoran,ROU,2008
29,800590474,Tito Chavez,ESP,2008
30,800646827,Mark Ceban,GBR,2009
31,800661936,Leon Sloboda,SVK,2009
32,800793512,Tanishk Konduri,USA,2009
33,800720203,Jack Secord,USA,2008
34,800668600,Simone Massellani,ITA,2008
35,800650301,Pedro Henrique Chabalgoity,BRA,2008
36,800705107,Matteo Gribaldo,ITA,2008
37,800700658,Hyu Kawanishi,JPN,2008
38,800712851,Daniel Jovanovski,AUS,2008
39,800589275,Rihards Neimanis,LAT,2008
40,800590813,Savva Rybkin,RUS,2009
41,800591436,Kai Thompson,HKG,2008
42,800572955,Kirill Filaretov,RUS,2008
43,800678621,John Bothma,RSA,2008
44,800573442,Marat Salbiev,RUS,2008
45,800573038,Arnav Paparkar,IND,2008
46,800688513,Xavier Massotte,CAN,2008
47,800626357,Dan Brand,ISR,2009
48,800781872,Safir Azam,USA,2009
49,800704311,Marcel Latak,USA,2009
50,800702395,Ntungamili RAGUIN,BOT,2009
51,800652195,Juan Miguel Bolivar Idarraga,COL,2009
52,800654119,Connor Doig,RSA,2008
53,800686514,Kanta Watanabe,JPN,2009
54,800592189,Aleksander Blus,POL,2008
55,800672226,Benjamin Azar,CAN,2008
56,800731255,Vihaan Reddy,USA,2009
57,800601948,Rhys Lawlor,GBR,2009
58,800580909,Kunanan Pantaratorn,THA,2008
59,800626895,Eudald Gonzalez,ESP,2008
60,800654550,Alvaro Ariel Frutos Alonso,PAR,2008
61,800595066,Lucas Yunez,ECU,2008
62,800597132,Jakub Kusy,CZE,2009
63,800594039,Valentin Gonzalez-Galino,ESP,2008
64,800695726,OLUWASEUN PETER OGUNSAKIN,NGR,2009
65,800567149,Aaron Gabet,FRA,2008
66,800626993,Mustafa Ege Sik,TUR,2009
67,800694107,Cruz Hewitt,AUS,2008
68,800602236,Alejandro Mateo Berge Nourescu,ROU,2008
69,800602130,Jan Sadzik,POL,2008
70,800676504,Leonardo Storck Franca,BRA,2009
71,800755951,TAKAHIRO KAWAGUCHI,JPN,2010
72,800662768,Jake Dembo,AUS,2008
73,800578788,Tymon Litwic,POL,2008
74,800543492,Daniel Tazabekov,KAZ,2008
75,800697653,Agassi Rusher,USA,2008
76,800587925,Oliver Majdandzic,GER,2008
77,800602679,Min Hyuk Cho,KOR,2009
78,800635903,Vincent Reisach,GER,2009
79,800597850,Carel Aubriel Ngounoue,USA,2008
80,800596852,Christopher Thies,GER,2008
81,800637063,Jan Chlodnicki,POL,2008
82,800709452,Roshan Santhosh,USA,2008
83,800595243,Michael Savano,USA,2008
84,800599675,Odysseas Geladaris,GRE,2008
85,800706578,Navneet Raghuram,USA,2009
86,800581740,Siu Chi Nicholas Cheng,HKG,2008
87,800693613,Luis Andres Flores Avila,MEX,2008
88,800594151,Felipe Vazquez,URU,2008
89,800638980,Marko Bekeni,SVK,2008
90,800583661,Mickael Kaouk,FRA,2008
91,800716347,Livas Eduardo De Carvalho Damazio,BRA,2010
92,800705312,Cooper Kose,AUS,2009
93,800624130,Alberto Pulido Moreno,ESP,2009
94,800774722,Amaury Abbas,FRA,2009
95,800698105,Maxi Carrascosa Diaz,ESP,2008
96,800584132,Ramazan Kaan Oktay,TUR,2008
97,800597380,Dani Szabo,CAN,2008
98,800651243,Kaan Isik Kosaner,TUR,2009
99,800602231,Ali Missoum,MAR,2008
100,800625580,Angel Veliz,ECU,2008
101,800692811,Ford McCollum,USA,2008
102,800698197,Enrique Carrascosa Diaz,ESP,2008
103,800646359,Eyad Reda Ezzat Mohamed Sherif,EGY,2008
104,800583809,Damien Clerc,FRA,2008
105,800707189,Jeffrey Strydom,RSA,2009
106,800705065,Nikolas Baker,AUS,2009
107,800681412,Daniel Jade,FRA,2009
108,800642706,Pedro Albuquerque Dietrich,BRA,2008
109,800632039,ARADHYA KSHITIJ,IND,2008
110,800593329,Florian Zimmer,AUT,2008
111,800688505,Max Villar,ESP,2008
112,800708825,Zavier Augustin,USA,2008
113,800630877,Matei Victor Chelemen,ROU,2009
114,800711858,Ymerali Ibraimi,AUS,2009
115,800660771,Alessandro Hunziker,SUI,2009
116,800661621,Joshua Adamson,CAN,2009
117,800699673,Jordan Lee,USA,2010
118,800706603,Felix Roussel,CAN,2008
119,800707613,Yen-Chun Wang,TPE,2008
120,800601932,Alejandro Castellanos,COL,2008
121,800661358,Filippo Alfano,ITA,2008
122,800672538,Dominik Macej,SVK,2009
123,800603213,Eoghan Jennings,IRL,2008
124,800659871,Felipe Mamede,BRA,2009
125,800679317,Eito Komada,JPN,2008
126,800731732,Jerrid Gaines Jr,USA,2009
127,800680716,Mauricio Schtulmann Gasca,MEX,2008
128,800622039,Thomas Gunzinger,SUI,2008
129,800732025,Izyan Ahmad,USA,2010
130,800644692,Jack Cheng,HKG,2008
131,800661480,Tomas Re,ARG,2008
132,800688594,Evan Simon,FRA,2008
133,800684620,Cody Atkinson,NZL,2008
134,800599182,Vito Antonio Darderi,ITA,2008
135,800670455,Ignacio De Armas,VEN,2009
136,800667741,Yassin Ahmed Wageh,EGY,2008
137,800717018,Benjamin perez,CHI,2009
138,800620722,Tae Woo Kim,KOR,2009
139,800596861,William Moxon,GBR,2008
140,800589891,Egor Shcherbakov,RUS,2008
141,800733775,Koki Nara,JPN,2009
142,800787844,Jan Psota,CZE,2008
143,800590616,Victor Ryden,SWE,2008
144,800709481,Riku Nakamoto,JPN,2009
145,800569863,Patrick-Valentin Moise,GER,2008
146,800656311,Stan Put,NED,2010
147,800586416,Alan Aiukhanov,RUS,2008
148,800594600,Lenny Petit,MON,2008
149,800587847,Antonio Marigliano,ITA,2008
150,800586905,Fedor Altukhov,RUS,2008
151,800597378,Tomas Krejci,CZE,2009
152,800682637,Mason Taube,USA,2008
153,800562884,Jakub Smejcky,CZE,2008
154,800592332,Luca Stefan Prunescu Nita,ROU,2008
155,800599048,Wonmin Kim,KOR,2009
156,800621001,Eric Dylan Mueller,GER,2009
157,800702805,Shintaro Ogaki,JPN,2010
158,800645019,William Kjellberg,SWE,2009
159,800583662,Se Hyuk Cho,KOR,2008
160,800630725,Richard Lacis,BLR,2009
161,800739583,Yoshihiro Sakurai,JPN,2009
162,800708219,Marwan Ehab,EGY,2008
163,800590611,Aren Baybars,TUR,2008
164,800757262,Jia Hu,CHN,2009
165,800631035,Samarth Sahita,IND,2008
166,800634862,Arseniy Trebukhin,KAZ,2008
167,800576465,Marcell Kovacs,HUN,2008
168,800698558,Dongjae Kim,KOR,2010
169,800626211,Roberto Perez socas,ESP,2008
170,800727133,Goncalo Da Rosa Castro,POR,2008
171,800656414,Cayo Narvaez Espinola,PAR,2008
172,800717591,Dmytro Vterkovskiy,UKR,2008
173,800678202,Benjamin Chelia,ARG,2008
174,800590223,Alexey Frolov,RUS,2009
175,800586826,Gabriel Jalouneix,FRA,2008
176,800568045,Alexey Shibaev,RUS,2008
177,800685006,quincy yao,CAN,2008
178,800684304,Henrique Queiroz,BRA,2008
179,800720441,Erik Schinnerer,USA,2008
180,800690276,Ren Matsumura,JPN,2008
181,800737321,Kaigaoge Kang,CHN,2008
182,800726991,Hanlei Lu,CHN,2009
183,800719071,Theo Hegarty,USA,2008
184,800589300,Svit Suljic,SLO,2009
185,800722515,Junseo Jang,KOR,2011
186,800711046,Caden Colburne,CAN,2009
187,800665702,Szymon Karpinski,POL,2008
188,800671311,Alessandro Rubini Garcia Belaunde,PER,2009
189,800665698,MATTIA BARONI,ITA,2009
190,800631785,Omar Kandil,EGY,2009
191,800747700,Raphael Savelli,AUS,2010
192,800576472,Victor Barreira Bonzom,FRA,2008
193,800576610,Pavel Skvortcov,RUS,2008
194,800711174,Ethan Domingo,AUS,2010
195,800708478,Kensuke Kobayashi,JPN,2009
196,800683991,Seifelden Mostafa Samih,EGY,2008
197,800673010,Skander Nsairi,TUN,2009
198,800701855,Lin Hao-Yu,TPE,2008
199,800589348,Utku Kerem Biberli,TUR,2008
200,800629142,Francisco Fontes Damorim,BRA,2008
201,800715003,Kamil Stolarczyk,USA,2009
202,800635270,Kaloyan Shikov,BUL,2009
203,800652444,Guilherme Barbieri Renner,BRA,2008
204,800742825,Antoine Clavel,CAN,2009
205,800630828,Ivan Dorokhov,RUS,2008
206,800710579,Tomas Dummer Macedo,BRA,2008
207,800664727,Mateo Fluri,SUI,2008
208,800598481,Sin Hang Tam,HKG,2009
209,800670641,Rafalentino Ali Da Costa,INA,2010
210,800706150,Carlo Arena Fava,MEX,2008
211,800783864,Aleix Galindo Puig,ESP,2009
212,800643082,Ahmed Darmoul,TUN,2009
213,800596150,Matisse MARTIN,FRA,2009
214,800596844,Ken Ink,EST,2009
215,800647226,Tomas Laukys,USA,2010
216,800772281,Daniel Malacek,USA,2009
217,800579231,Edwin Averjanov,EST,2008
218,800696001,Carlos Eduardo Lino,BRA,2009
219,800567584,Salvador Monteiro,POR,2008
220,800664214,Gabriel Niedermayr,AUT,2009
221,800718701,Antoine Genereux,CAN,2009
222,800664204,Hryhorii Kartavenko,UKR,2008
223,800680729,Jakub Vrtilka,CZE,2008
224,800705403,Koyu Yanagi,JPN,2009
225,800680243,Tavish Pahwa,IND,2010
226,800590053,Snir Morag,ISR,2008
227,800721308,William McEwan,USA,2008
228,800708119,Sean Grosman,USA,2008
229,800757736,Mason Vaughan,USA,2009
230,800680775,Roger Koike,JPN,2008
231,800746542,Taiki Takizawa,AUS,2010
232,800660184,Young Hoon Kim,KOR,2008
233,800601885,Arian Hasas,GER,2008
234,800589486,Rodrigo Leal,POR,2008
235,800778647,Rowan Qalbani,USA,2009
236,800719980,AASHRAVYA MEHRA,IND,2008
237,800697384,Dhakshish Aryan Basavaraju,USA,2009
238,800586830,Lenny Couturier,FRA,2008
239,800712329,Charles Minvielle,USA,2009
240,800670178,Mahmoud chetouane,TUN,2008
241,800672403,Dany Robas,SUI,2008
242,800704256,Teodor Davidov,USA,2010
243,800597371,Aleksandar Tolev,BUL,2009
244,800667359,Seung-Min Oh,KOR,2009
245,800644954,Mark Becirovic Novak,SLO,2008
246,800712737,Har Abir Sekhon,AUS,2010
247,800659854,Praneel Sharma,IND,2008
248,800567143,Yanael Beranger,FRA,2008
249,800725121,Gurjot Singh,USA,2008
250,800630414,Dominik Vagner,CZE,2009
251,800584484,Bercel Sandor Takacs,HUN,2008
252,800589345,Pietro Ricci,ITA,2008
253,800684025,Doruk Calikoglu,TUR,2008
254,800655675,Diego Ignacio Gomez Pajares,PER,2009
255,800591666,Philipp Dolotov,RUS,2008
256,800799267,Yashwin Krishnakumar,USA,2008
257,800595074,Tommaso Pedretti,ITA,2009
258,800772607,Felix Raser,AUT,2009
259,800652665,Alexander Kunitsyn,RUS,2010
260,800807255,Rafael Augusto Garcia Finetto,BRA,2008
261,800672663,Andy Tchinda Kepche,CAN,2009
262,800680843,Guillermo Narcio,MEX,2008
263,800742693,Dehan Van Deventer,RSA,2009
264,800625292,Yanhong Li,CHN,2008
265,800750845,Matias Reyniak,USA,2009
266,800791730,Tristan Stratton,USA,2009
267,800660593,Nicolas Rivera Paz,MEX,2008
268,800647867,Ivan Samstyka,BLR,2009
269,800598010,Andrea Baudel,FRA,2009
270,800592750,Davide Ciaschetti,ITA,2008
271,800631924,Rafael Asadullin,RUS,2008
272,800684768,Benoit Geldof,FRA,2010
273,800593247,Adolfo Abascal,ESP,2009
274,800599131,Edoardo Barbalaco,ITA,2008
275,800740436,Jerald Carroll,USA,2008
276,800689813,Kazuki Nakajima,JPN,2011
277,800714127,Enoch Lin,CAN,2008
278,800716820,Gadin Arun,USA,2010
279,800594775,Christian Pizzolante,ITA,2008
280,800765322,Shaan A Majeed,USA,2009
281,800659993,Nikita Berdin,RUS,2011
282,800672470,Miko Lapalme,CAN,2008
283,800603015,David Popa,ROU,2008
284,800638951,Philip Niederle,AUT,2008
285,800664509,Pablo Pradat,FRA,2010
286,800653766,Moritz Glauser,LIE,2009
287,800710169,Lachlan King,AUS,2009
288,800680752,Justin Riley Anson,USA,2008
289,800660682,Dev Vipul Patel,IND,2009
290,800714095,Angel Maffezzoli,ARG,2008
291,800586897,Viggo Wagenknecht,GER,2008
292,800576611,Jaron Held,GER,2008
293,800746729,Kuan-Huai Mao,TPE,2009
294,800599350,Juchan Hwang,KOR,2008
295,800694428,Guy Leviner,ISR,2009
296,800680005,Mikaeel Ali Baig,PAK,2009
297,800667545,Filip Hesser,SWE,2008
298,800591606,Ivan Makarov,RUS,2009
299,800790501,Tyler Lee,USA,2009
300,800626417,Samim Filiz,TUR,2009
301,800621251,Zac Naughton,IRL,2008
302,800652931,ALEXEY ILIN,RUS,2010
303,800599348,Georgios Mitalas,GRE,2008
304,800701795,Gary Jiang,CAN,2008
305,800693309,Elijah Dikkenberg,AUS,2008
306,800682340,Pratik Navin,AUS,2009
307,800626828,Omer Shamian,ISR,2008
308,800599907,Andreas Messis,GRE,2008
309,800594501,Ferdinand Livet Novkirichka,FRA,2008
310,800631800,Xingyu Chen,CHN,2008
311,800601993,Dominik Dujka,CZE,2009
312,800683989,David Aguiar Johansson,ESP,2008
313,800660210,Rodolfo Federico De Andreis,VEN,2009
314,800695236,Patrick Breen,IRL,2010
315,800573486,Krystof Kominek,CZE,2008
316,800661541,Danila Kvasov,UZB,2008
317,800596349,Wiktor Jez,POL,2008
318,800740791,Haolong He,CHN,2009
319,800622304,Iaroslav Klishin,RUS,2009
320,800668500,Casey Drake,GBR,2008
321,800757256,Anay Kulkarni,USA,2010
322,800664945,Istvan Damjan Mokan,HUN,2010
323,800703955,Tobias Cank,CZE,2008
324,800719079,SOTA KAGAWA,JPN,2009
325,800643882,Egor Navrazidi,RUS,2009
326,800700226,Faustino Boffelli,ARG,2008
327,800639390,Vincent Fletcher,GBR,2009
328,800661025,Thomas PIOT,FRA,2009
329,800731445,Ikenna Prosper Okonkwo,NGR,2009
330,800676373,Matyas Marsik,CZE,2010
331,800543490,Timur Saulenko,KAZ,2008
332,800654322,ADRIA VELAZQUEZ FARRE,ESP,2009
333,800665745,Luka Ceramilac,SRB,2009
334,800601986,Nikolai Shibani,NOR,2008
335,800630549,Mattia Logrippo,ITA,2009
336,800736018,Colter Amey,USA,2009
337,800688338,Love Nyqvist,SWE,2008
338,800722085,TZU-YUAN TSENG,TPE,2008
339,800590931,Ilya Mosolkin,RUS,2008
340,800664821,Eric Lorimer,GBR,2010
341,800689814,Kanata Ozaki,JPN,2008
342,800720296,Matthew Shapiro,USA,2008
343,800668264,Panagiotis-Gerasimos Grammatikakis,GRE,2008
344,800749558,Robert McAdoo,USA,2009
345,800659919,Balthazar Orsanic,ARG,2008
346,800652309,Nicolas Eduardo Barros Corredor,COL,2008
347,800740257,Fu Wang Choi,HKG,2011
348,800695229,Lucas Castan Moscatto,BRA,2009
349,800800115,Sebastian Inaki Godoy,USA,2009
350,800559153,Damir Duisengazin,KAZ,2008
351,800643315,Orhan Alp Akyol,TUR,2009
352,800678627,Jayden Summers,RSA,2008
353,800708152,Daniel Brink,IRL,2010
354,800624793,Adrian Oltean Achacollo,ESP,2008
355,800654580,Vlad Secara,ROU,2009
356,800598049,Alex Lap Hang Hui,HKG,2009
357,800660842,Jost Pecovnik,SLO,2008
358,800742090,Mingwei Qiu,CHN,2009
359,800713998,felipe gonzalez,ARG,2008
360,800640458,Evgenii Kafelnikov,RUS,2010
361,800668605,Alex Mirrington,GBR,2009
362,800623299,Akhmadjon Toshmukhamedov,UZB,2008
363,800627084,Jules Rimbaud,FRA,2009
364,800599918,Nand Vandepoele,BEL,2008
365,800710863,Hruthik Katakam,IND,2010
366,800632385,Paul Hjorteland,NOR,2009
367,800672512,Samuel Pelletier,CAN,2009
368,800625534,Clement Hemery,FRA,2009
369,800718607,SEHUN PARK,AUS,2010
370,800575770,Yannis Batsabaken,FRA,2008
371,800660335,Pavel JR Joromsky,RUS,2010
372,800595389,Andrii Borodatiuk,UKR,2008
373,800707748,Dan Milburn,NZL,2008
374,800693132,Aziz Missaoui,TUN,2008
375,800657138,Arman Dubreuil,FRA,2010
376,800709862,Dharma Pantaratorn,THA,2010
377,800710317,Makhmudbek Beknazarov,UZB,2010
378,800593318,Mattia Aiassa,SRB,2008
379,800674576,Rodion Traigel,KAZ,2010
380,800585584,Sion Ji,KOR,2008
381,800621787,Kristian Vukovic,FRA,2009
382,800675433,Jorge Martinez Vasquez,ESP,2009
383,800705298,Alejandro Pena,COL,2008
384,800668525,SungMin Lee,KOR,2009
385,800673094,Josef Lebis,CZE,2008
386,800752669,Platon Tsarenko,UKR,2008
387,800688517,Loic Massotte,CAN,2008
388,800737788,Bruno Rodrigues,BRA,2008
389,800638434,Eriks Valeinis,LAT,2009
390,800727016,Ruochen Gao,CHN,2009
391,800599012,Alkis Michalakopoulos,GRE,2009
392,800715160,Samy IRAQI,MAR,2010
393,800721431,Owen  Guistwite,USA,2008
394,800711438,DEMIAN AGUSTIN LUNA,ARG,2010
395,800586051,Filip Ladman,CZE,2009
396,800646430,Nicolas Fays,BEL,2008
397,800670012,Leonardo Suarez,BOL,2008
398,800655582,Ricardo sebastian ramos vargas,PER,2009
399,800625149,Nicolai Eie Worren,NOR,2008
400,800708495,Abdurakhmon Karimov,UZB,2010
401,800592868,Constantin Neubauer,AUT,2008
402,800742444,Victor Pignaton,BRA,2010
403,800680306,Heaton Pann,AUS,2010
404,800716194,William Zhang,USA,2008
405,800642824,Oliver Andre Solis Encinas,BOL,2009
406,800692775,Sebastian Bielen,USA,2008
407,800793938,Mohamed Genidy,EGY,2011
408,800624235,Tanussh Ghildyal,IND,2008
409,800597356,Oliver Page,GBR,2008
410,800738422,Shijie Chen,CHN,2008
411,800632383,Roman Kulpin,RUS,2009
412,800593314,Artem Semenov,RUS,2009
413,800660826,Lasse Bohr,GER,2009
414,800708776,ADITYA MOR,IND,2008
415,800588272,Jesse Clarkson,GBR,2008
416,800647689,Mats Egbring,GER,2008
417,800598581,Gyeom Do,KOR,2008
418,800597524,Raul Clarijs,NED,2008
419,800695748,Ander Gomez Salas Villegas,MEX,2009
420,800739119,Zichen Shao,CHN,2008
421,800598778,Archie Gray,GBR,2008
422,800659883,Nicolas Dagda Mireles,MEX,2008
423,800700749,Cristobal Plasencia Robles,MEX,2009
424,800783662,Ryan Char,BRA,2008
425,800660621,Louis Mouffe,BEL,2009
426,800738751,Hongjin Qi,CHN,2010
427,800771874,Maximus Muller,SWE,2008
428,800748774,Simon Hayal,USA,2009
429,800732116,Mingrui Shi,CHN,2009
430,800687305,REDA EL AOUNI,MAR,2010
431,800586446,Timeo Trufelli,FRA,2008
432,800717269,Nicolas Pedraza,USA,2009
433,800732776,Yacine Meghari,ALG,2009
434,800728578,Gabriel Jessup,USA,2008
435,800670249,Lourenco Silva E Costa,POR,2009
436,800777511,Michal Pielat,POL,2009
437,800692700,Harold Ronaldo Andre Cotom Hidalgo,GUA,2009
438,800680955,Eaden-Zack Harron,USA,2008
439,800718989,Niccolo Magagnin,ITA,2009
440,800691051,Rafael Pagonis,GRE,2011
441,800603811,Phopthum Sriwong,THA,2008
442,800675182,Ansar Niyetkaliyev,KAZ,2010
443,800661196,Luca Cosimi,ITA,2009
444,800631911,Mansur Sainov,KAZ,2009
445,800590604,Arsenii Lesniak,RUS,2008
446,800705952,Connor McEvoy,AUS,2009
447,800646380,Abdelaziz Guennouni,MAR,2009
448,800636613,Carl Filip Bak Weller,DEN,2009
449,800654547,Fabio Zavalaga Uculmana,PER,2009
450,800680033,Pietro Gava,BRA,2009
451,800811858,Kynan Enwright,AUS,2010
452,800754775,TING-HO YANG,TPE,2009
453,800627137,Yuta Amano,JPN,2009
454,800595180,Stefan Ilie Bogdan Petre,ROU,2008
455,800630490,TOMAS LAGARDE,FRA,2009
456,800719604,Akhmadi Makhanov,KAZ,2011
457,800736817,Nadir Mirza,PAK,2008
458,800630024,Lucas Martin Velasco,COL,2008
459,800665720,Mao Tazuru,JPN,2009
460,800667513,Jaume Casas Blasi,ESP,2008
461,800627815,Juliusz Stanczyk,POL,2009
462,800675149,Jakob Joggerst,GER,2009
463,800733684,Jian Huang,CHN,2008
464,800591179,Daniel Bernovskyi,UKR,2008
465,800758943,Daisuke Hashimoto,JPN,2010
466,800761640,Noa Milburn,NZL,2010
467,800710227,Nemanja Savic,AUS,2008
468,800785818,Hayato Sata,AUS,2010
469,800753060,Matias Quintero Tobon,COL,2009
470,800680467,Xin Zhou,CHN,2008
471,800695975,Sava Grozdev,BEL,2010
472,800674490,Nick Mertgens,GER,2008
473,800670196,Aatu Niemelae,FIN,2010
474,800684702,Mateus Nogueira,BRA,2008
475,800597838,Liam Channon,GBR,2008
476,800646509,Ollie Knight,GBR,2008
477,800661552,Pavle Stojiljkovic,SRB,2010
478,800587629,Alex Bergomi,SUI,2008
479,800746757,Macksimus Malhotra,USA,2009
480,800670278,Nicolas Moravec,CZE,2009
481,800689708,Octave Pujo,FRA,2009
482,800589851,Leo Scheffer,GER,2008
483,800722358,ghali salah-eddine,MAR,2009
484,800782098,Austin Taco,USA,2008
485,800733911,Liang Liang,CHN,2008
486,800716682,Jay Lin Gibson,CAN,2008
487,800753720,Alvin Na,NZL,2010
488,800738302,Oluhle Senti,RSA,2008
489,800710920,Tomoki Fujiwara,JPN,2008
490,800716262,Estanislao Lassaga,ARG,2008
491,800636407,David Stefan Burac,ROU,2009
492,800587826,Pietro Verno,ITA,2008
493,800602187,Hugo Agnes,FRA,2009
494,800670100,Martin Rivadeneira,ECU,2008
495,800678746,Petar Ciangherotti,ITA,2009
496,800589826,Lorenzo De Vizia,ITA,2008
497,800629940,Nitzan Yossef Swisa,ISR,2009
498,800701263,Raphael  Nii Nortei Dowuona,GHA,2008
499,800655160,Ivan Charnyshou,BLR,2010
500,800651342,Kasra Nathaniel Shirazi,GBR,2009
501,800732400,VINCENT WEAVER,USA,2008
502,800660765,Antonio Blanco Epple,CHI,2009
503,800589059,Ivan Matveev,RUS,2008
504,800602338,Hugo Tomas Garcia,ESP,2008
505,800719008,William Thulin,DEN,2009
506,800674983,Lorenzo Sverzut Corsini,BRA,2009
507,800631654,Lilian Chidekh,FRA,2009
508,800592031,Nik Denotte,BEL,2008
509,800598974,Ryan Bedwick,USA,2008
510,800743005,Flynn Coventry-Searle,AUS,2010
511,800643334,Ivan Dumbovic,CRO,2009
512,800667373,Motoharu Abe,JPN,2009
513,800724361,Valentino Arjona,MEX,2008
514,800653897,Olzhas Yessenaly,KAZ,2008
515,800701913,Fermin Barcala Lopez,ESP,2008
516,800679028,Leon Achurra Correa,CHI,2008
517,800660572,Akmal Abdullaev,UZB,2009
518,800710308,Danialmoshtaghifard Moshtaghifard,IRI,2009
519,800749167,Yiyuan Su,CHN,2009
520,800677846,Filipe Bullamah,BRA,2008
521,800715038,Luca Bland,NZL,2009
522,800756823,Zi Yi Ou,TPE,2009
523,800624194,Luke Jie Xi Ho,SGP,2009
524,800661962,Rafael Gama,BRA,2009
525,800716469,Isaac Guerrero Hernandez,DOM,2009
526,800645769,Facundo Pereyra,ARG,2008
527,800667942,Cadence Benchetrit,CAN,2008
528,800594610,Alessandro Maina,ITA,2008
529,800580975,Saveli Razanau,BLR,2008
530,800644919,Volodymyr Revenko,UKR,2009
531,800646769,Rodion Chetverikov,UKR,2008
532,800626479,Malek El-Qurneh,JOR,2008
533,800655677,Sebastian Tejerina,POL,2010
534,800656188,Franco Davila Blotte,PER,2008
535,800603106,Charlie Bazil,SUI,2008
536,800645550,Hugo Pawel Rytelewski,POL,2009
537,800638904,Marko Savija,SRB,2008
538,800677723,Filip Malis,CAN,2009
539,800675200,Mihailo Trivunac,ITA,2008
540,800679799,VALENTIN LATRUBESSE,FRA,2010
541,800583811,Daniel Vanek,CZE,2008
542,800592340,Oleg Covian,ESP,2009
543,800643778,Andrei Radu,ROU,2010
544,800797145,John Murphy,USA,2009
545,800660690,Arian Barbic,GER,2008
546,800604236,Hubert Plenkiewicz,POL,2008
547,800745914,Ethan Dodd,RSA,2009
548,800754674,Xi Cheng Huang,CHN,2008
549,800774005,Peter Nistad,USA,2009
550,800564852,Mikayel Avanesyan,ARM,2008
551,800678872,Carlos Marcelo Silva Sovero,CHI,2009
552,800743522,Mathias Hamel-Van Dun,CAN,2008
553,800673676,Rayen Zerai,CZE,2008
554,800678231,Dario Ruiz Cruz,ESP,2010
555,800576306,Somon Amonov,TJK,2008
556,800667795,Alexander Groet,SUI,2009
557,800655341,Bernardo Tedesco,BRA,2008
558,800670771,Richard Krizan,SVK,2010
559,800734058,Brayden Woo,CAN,2009
560,800684524,SHIN JAEJUN,KOR,2010
561,800701531,David Wu,USA,2008
562,800706705,Judah McEachern-Brown,CAN,2008
563,800656099,Thomas Miranda,BRA,2008
564,800675623,Henrique Pissetti Vialle,BRA,2010
565,800675502,zayyan virani,KEN,2009
566,800602587,Jakub Cernovicky,CZE,2008
567,800583151,Tristan Rivet,FRA,2008
568,800647666,Tymur Chukanov,UKR,2009
569,800711481,joaquin gaitan,ARG,2009
570,800691288,Tiziano Barbier,ARG,2009
571,800683679,Miko Koeppen,GER,2010
572,800668342,YASSINE KHELIF,TUN,2008
573,800776989,David Mas Masia Lopez,ESP,2008
574,800706159,Om Patel,IND,2009
575,800649634,Dongmin Kim,KOR,2009
576,800732662,Liam Youn,NZL,2009
577,800657209,Petr Minakhin,ITA,2010
578,800748223,Matei Crisan,ROU,2008
579,800595551,Hrvoje Jutresa,CRO,2008
580,800644271,Yahor Artsiomenka,BLR,2008
581,800708029,Daniel Rat,CZE,2008
582,800679228,SIYABONGA JACA,RSA,2008
583,800655007,Om Verma,IND,2009
584,800717014,Ari Lewis-Kelly,AUS,2008
585,800723515,Nicolas Bellas,ESP,2008
586,800743167,Jaime Gomez Lopez,MEX,2010
587,800570037,Marko Dragovic,SRB,2008
588,800693111,Prakaash Sarran,IND,2009
589,800656457,Sidney Emanuel Meneguetti,BRA,2008
590,800671394,Rafael Bote,CAN,2009
591,800714672,Diego Custodio Wagner,USA,2010
592,800593833,Daniil Tkachenko,RUS,2008
593,800664343,Niall Pickerd-Barua,GBR,2010
594,800654511,Nikita Davidovsky,BLR,2010
595,800660722,Marek Smejcky,CZE,2010
596,800598999,Max Geissinger,GER,2008
597,800775047,Junze Wu,CHN,2010
598,800622597,Davit Zogranian,RUS,2009
599,800790783,David Beckles,USA,2009
600,800774064,Karlo Filip Jukic,FRA,2009
601,800671941,Marcel Jelinek,AUT,2010
602,800589054,Itamar Verthaimer,FRA,2009
603,800594399,Javier Montes Jimenez,ESP,2009
604,800796750,Matus Kliment,CZE,2009
605,800783410,Antoine Baudot,FRA,2009
606,800663810,Aran Selvaraasan,GBR,2010
607,800657256,Timur Gordeev,RUS,2010
608,800720051,ENRIQUE SANTIAGO CHORA BAYON,MEX,2009
609,800624729,Airik Abedinzadeh,IRI,2009
610,800653617,Joao Cunha Cunha,BRA,2008
611,800708324,Yassin Abdelaziz,EGY,2009
612,800734285,Kuan-Ting Chen,TPE,2008
613,800597641,Ethan David Zapp,INA,2008
614,800758454,Weibo Huang,TPE,2009
615,800626846,LORENZO ELIA,ITA,2008
616,800598680,Jonathan Dazert,GER,2008
617,800635975,Robert Dolya,SGP,2009
618,800590977,Ryu Kotikula,THA,2009
619,800694095,ANTOINE TARDIF,CAN,2010
620,800593047,Cezar Stefan Bentzel,ROU,2008
621,800731050,Tong Liu,CHN,2008
622,800731099,Zhe Jiang,CHN,2008
623,800590424,Zaccharie Cado,FRA,2008
624,800693874,Jerry Han,CAN,2008
625,800599509,Asger Sorensen,DEN,2008
626,800655024,Paul Schmid,AUT,2008
627,800645448,Hamza Roman,PAK,2009
628,800716393,Marc Vives Martinez,ESP,2008
629,800673793,Jannik Soetebier,GER,2009
630,800780019,Yul Ho Jung,KOR,2010
631,800596864,Nikita Smirnov,EST,2009
632,800644047,Marco Meacci,ITA,2009
633,800621604,Antoni Kasperski,POL,2008
634,800686461,Ivan Costa Lopez,ESP,2008
635,800750112,Cooper McCarthy,RSA,2009
636,800595606,Ivon Jovanovic,CRO,2008
637,800733535,Yago Castellanos,ESP,2008
638,800668009,Alex Tuomolin,FIN,2010
639,800636930,Hassan Shoaib,EGY,2009
640,800754583,David III Bvunzawabaya,USA,2008
641,800654687,Mark Griaziutin Tverskoj,LTU,2010
642,800814244,Sena Okabe,JPN,2009
643,800697708,Simon Ignacio Flores Leyton,CHI,2009
644,800763038,Advay Singh,USA,2010
645,800644789,Amir Gaisin,RUS,2008
646,800656237,Miguel Daiha,BRA,2008
647,800768441,Jaime Robles,ECU,2009
648,800661470,Mannan Ashok Agarwal,IND,2009
649,800653725,Jan Hemetzberger,AUT,2008
650,800637149,Dean Mansveld,NED,2008
651,800708071,NISHIT ARIMILLI,IND,2008
652,800653870,Evan GIURESCU,FRA,2011
653,800637038,Filippo Francesco Garbero,ITA,2009
654,800703537,Kye McDadi,CAN,2009
655,800763698,Juan Pablo Barriga Martinez,MEX,2010
656,800648156,Darsh Sachin Patel,GBR,2009
657,800820294,Yu ting WU,CHN,2011
658,800676585,PAOLO GONZALEZ CONSTANTINO,CAN,2008
659,800759865,Fernando Cafure,BRA,2008
660,800599469,Nikolaos Papavasiliu,CZE,2009
661,800670415,Andriy Maksymenko,UKR,2009
662,800631686,andrea petrini,ITA,2009
663,800593292,Matej Kukrika,CRO,2008
664,800699552,Israel Dowie,NAM,2010
665,800756384,Youssef Mourid,EGY,2010
666,800596350,Jure Siftar,SLO,2008
667,800621894,Eita Suzuki,JPN,2008
668,800749721,Hikaru Hieda,JPN,2008
669,800746283,Keshav Muthuvel,USA,2009
670,800717147,Jason Chu,AUS,2009
671,800667575,Alexandr Tiutchenko,UKR,2010
672,800671307,Leander Tauber,AUT,2009
673,800686524,Martin Cozar,ESP,2008
674,800655445,Lucas Alexandru Milos,ROU,2010
675,800625227,Adrian Maldonado,ECU,2008
676,800674756,DIEGO COSTANZI DE BRITO,BRA,2008
677,800715164,IAN BARROETA,ESP,2010
678,800589636,Lucian Stefan Andrei,ROU,2008
679,800595642,Ziya Ayberk Aydin,TUR,2009
680,800772482,Noah Alishaev,AUT,2008
681,800692660,Yurii Stoliarov,UKR,2011
682,800653613,Albin Colette,FRA,2010
683,800653477,Samuel Zlotnik,GBR,2009
684,800675745,Ruben Stanmore,GBR,2010
685,800670827,maximilian williams,GBR,2008
686,800654302,Jan Urbanski,POL,2009
687,800594702,Leonardo Leti Messina,ITA,2008
688,800680089,Yashwin Dahiya,IND,2010
689,800628853,JOAQUIN RODRIGUEZ,PER,2008
690,800725172,AbuBakar Talha,PAK,2010
691,800638730,Finn Muller,CAN,2008
692,800591208,Aleksa Mirkovic,SRB,2008
693,800580041,Mikhail Michshenko,KAZ,2009
694,800604458,Geonhyung Kim,KOR,2008
695,800602517,Vladimir Kadobine,BLR,2008
696,800644915,Iancu Manolache,ROU,2009
697,800635443,Mirija Andriantefihasina,MAD,2009
698,800700675,Alejandro Hernandez Ramada,ESP,2009
699,800660623,DAVID MOGILEVSKY,ISR,2009
700,800660548,Xavier De Marteau,BEL,2009
701,800630482,Luca Pedrosa,FRA,2009
702,800692986,Henrique Hoffmann Schafer Henrique Schafer,BRA,2009
703,800648150,Petr Lifanov,RUS,2009
704,800703827,Julian Garnier,CRC,2008
705,800780744,Boshi Wang,CHN,2011
706,800603941,Josef Svoboda,CZE,2008
707,800650050,Harry Cornhill,GBR,2009
708,800652754,Kamal Fakhretdinov,RUS,2009
709,800709837,Leonardo Ljubicic,MON,2008
710,800692698,Oscar Andrews,AUS,2008
711,800598995,Alan Zinatulin,UZB,2009
712,800731041,Luke Kemball Gibbons,NZL,2009
713,800690312,Andrej Markovic,USA,2008
714,800600188,Valentin Klaunzner,AUT,2008
715,800681941,Jacob Hewitt,USA,2008
716,800707562,Chase Bowden,USA,2009
717,800736826,Jiayou Luo,CHN,2008
718,800628607,Filippo Catalano,ITA,2009
719,800621925,Matija Putic,SRB,2009
720,800664860,Liam Lugaric,SLO,2008
721,800673640,Mattia Pescosolido,ITA,2009
722,800653778,Felipe Wright,ECU,2009
723,800598375,Linus Andersson,SWE,2008
724,800682107,Moritz Freitag,AUT,2011
725,800653180,Matvey Cherevatyj,RUS,2010
726,800580534,Adam Duda,CZE,2008
727,800712978,Marc-Edouard Lallier,CAN,2010
728,800709178,CONSTANTINO PANNUNZIO,ARG,2009
729,800672319,Francesco Pansecchi,ITA,2009
730,800653398,Niccolo Crivelli,SUI,2009
731,800775396,Agustin Siancha Borlenghi,ESP,2009
732,800664959,Edilson Jose De Arauje Rosa,MOZ,2008
733,800638422,Van Son Didoni,ITA,2008
734,800663020,Mauricio Pinto,ECU,2008
735,800670538,Alexandros Avgeris,GRE,2010
736,800671128,AOI ISHIZAKI,JPN,2010
737,800579616,Olav Berg,NOR,2008
738,800752829,Pedro Queiroz,BRA,2009
739,800772398,Sakeri Parnell,NZL,2009
740,800731440,Zurui Zhang,CHN,2009
741,800661090,Toni Escarda Pineiro,ESP,2010
742,800725608,Kayden Colombo,USA,2009
743,800678997,William Repakis,SWE,2010
744,800676649,Knut Andersch,SWE,2009
745,800712076,Gonzalo Corrales Chavarria,ESP,2010
746,800626198,Kristijan Janev,MKD,2008
747,800723513,Anthony Dry,USA,2008
748,800773177,Yan Lang Chen,CHN,2008
749,800678813,Jakub Fedor,CZE,2009
750,800725509,DANIEL EUSAMIO,ESP,2009
751,800670740,M Alfaradu Sumirat,INA,2008
752,800752045,Lucas Han,AUS,2010
753,800631676,Vadim Savlev,RUS,2009
754,800592488,Vadim Liashenko,RUS,2008
755,800566743,Rodion Lukashov,KAZ,2008
756,800645720,alexander winder,GBR,2008
757,800660581,Vivaan Bidasaria,IND,2010
758,800591127,Joshua Craze,GBR,2008
759,800592357,Vaclav Augustin Hruby,CZE,2008
760,800575078,Shotaro Yamamoto,JPN,2008
761,800773356,Alexander Burmakin,RUS,2009
762,800664357,Leo Wright,GBR,2009
763,800643600,Maksymilian Kwiatkowski,POL,2009
764,800733739,Mateo Comamala,SUI,2008
765,800713095,Mehdi Cherkaoui,MAR,2008
766,800767229,Radovan Krisko,SVK,2008
767,800718016,Max Becerra,CHI,2010
768,800626203,Martin Riu,FRA,2009
769,800791700,Marc Puig Mont,ESP,2008
770,800734045,Thomas O'Neill,CAN,2010
771,800670475,Joachim Mika Gunawan,INA,2009
772,800695898,Sebastian Garcia Puente,MEX,2008
773,800647107,sergi ramis coll,ESP,2009
774,800671150,Brandon Duan,USA,2009
775,800711422,Joshua Oliver Zapp,SUI,2010
776,800699052,Gianluca Galasso,USA,2008
777,800808372,Tommy Luxa,CZE,2010
778,800567042,Luka Nikolic,SRB,2008
779,800716657,Xavier Tonioni,ITA,2009
780,800767737,Chuan Ding,CHN,2010
781,800736992,Francisco Millan,ARG,2008
782,800718292,Mateus kREBS,BRA,2008
783,800621194,Aleksey Petushynskyy,UKR,2009
784,800747931,Jiacheng Li,CHN,2009
785,800698328,Maddox Bose,USA,2008
786,800589341,Chen Kogan,ISR,2008
787,800733407,Jinghan Li,CHN,2009
788,800692257,David Valeev,RUS,2010
789,800655703,Jan Skrzynski,POL,2009
790,800660011,Jens Holger Nissen,DEN,2008
791,800699576,Sam Attaran,IRI,2009
792,800779648,Thomas Maximovitch Rodaminoff,FRA,2008
793,800746221,Daniel Ekango,CMR,2009
794,800666190,Lyul Kim,KOR,2008
795,800679717,Shivtej Shirfule,IND,2009
796,800754465,Jack Dermenjyan,USA,2008
797,800635846,Gabriel Maciel Araujo Pyndt,DEN,2008
798,800636140,Mihailo Topic,SRB,2009
799,800666087,Bon Hong Koo,KOR,2008
800,800576418,Tomas Fidler,CZE,2008
801,800631041,Anas Ben youssef,TUN,2009
802,800684965,Weiyi Kong,CHN,2008
803,800672359,Archie Stewart,NZL,2008
804,800655068,Showrya Samala,IND,2008
805,800720740,Omar Rhazali,USA,2008
806,800602589,Florin Cristian Lucaciu,ROU,2008
807,800621483,Jou-George Gnjidic,CRO,2009
808,800642999,Jan Werblinski,POL,2008
809,800630695,Amir Jaber,JOR,2009
810,800681024,Dario Ortega Ferrero,ESP,2009
811,800742352,Junhyuk Seo,GUM,2009
812,800709432,Eduard Dragomir,ROU,2009
813,800570298,Mathias Skrlik,CZE,2008
814,800636914,Filip Kiryllo,POL,2008
815,800595003,Ilhan Basar Senel,TUR,2008
816,800625842,Harrison Mcelnea,GBR,2008
817,800648125,David Brueckner,CZE,2008
818,800723319,Kei Badenhorst,RSA,2008
819,800654564,Daniel Yurekli,KAZ,2009
820,800699824,Gaston Lopez,URU,2008
821,800739462,Siyun Kim,KOR,2011
822,800620949,Lazar Mladenovic,SUI,2009
823,800657367,carlo paci,ITA,2009
824,800673070,Martino Guy Scotuzzi,ITA,2009
825,800602674,Dobromir Manoloff,BUL,2008
826,800587830,Anton Kartsev,RUS,2008
827,800568131,Rushikesh Sonawane,IND,2008
828,800645574,Stanislav Kosev,BUL,2008
829,800595239,Aleksandar Mitev,BUL,2008
830,800748406,Callum Mackinnon,CAN,2010
831,800734300,Luis Santiago Segovia Pichina,COL,2008
832,800664963,Jules Carron,SUI,2008
833,800572939,Georgio Bidan,LBN,2008
834,800779116,Park Dohyun,KOR,2010
835,800738915,Luiz Gustavo Felisberto,BRA,2009
836,800670108,Aaron Alberto Ascanio Prato,VEN,2009
837,800645881,Jacob Cairncross,AUS,2008
838,800630413,Matej Novak,CZE,2009
839,800600513,Felix Triquart,GER,2008
840,800736800,Daniel Howard,AUS,2008
841,800803073,Aiden Nitch,AUS,2009
842,800644423,Mattia Cappellari,ITA,2008
843,800578174,Antonin Witz,FRA,2008
844,800684598,Daniel Yang,KOR,2009
845,800778935,Ignacio Dapas,ARG,2008
846,800644080,Nicolas Ciancaglini Rivera,BOL,2008
847,800620678,Bogdans Kozlovs,LAT,2008
848,800774120,Kango Endoh,JPN,2010
849,800592848,Erik Adrian Neacsa,ROU,2009
850,800651339,Joseph Roboly,GRE,2008
851,800747188,Aidan Chan,AUS,2011
852,800830060,Eli Kaminski,USA,2010
853,800645133,Marinos Karniatis,GRE,2009
854,800638677,Milan Zavaczki,HUN,2008
855,800677856,Oscar Casas Mas,ESP,2009
856,800677331,LEONARDO EBERT SANTOS,BRA,2009
857,800648820,Mads Bruhn Aaby,DEN,2008
858,800647836,Emiliano Bratomi,ITA,2009
859,800703060,Jaydan Mitchell,GBR,2008
860,800712817,Neil ZOUAOUI,MAR,2008
861,800696269,Rune Hosten,BEL,2011
862,800594287,Kirils Sokolovs,LAT,2008
863,800661898,Lorenzo Rocco,ITA,2009
864,800738179,Adrian Climent Cardona,ESP,2008
865,800696673,Bogdan Mandic,RSA,2008
866,800670528,M Mouressi Muqorib,INA,2008
867,800642990,Alejandro Bejarano,BOL,2008
868,800668138,Patryk Kowal,POL,2008
869,800666225,Haqim Kamal,GBR,2011
870,800698227,Paolo Iallonardo,ITA,2009
871,800660947,Luca Iliescu,FRA,2010
872,800660323,Johann Nagel-Heyer,GER,2010
873,800738140,Paul Croisy,FRA,2009
874,800687171,Andre Bruno,BRA,2009
875,800714499,Fernando Fontan Pardo de Santayana,ESP,2010
876,800695732,Guilherme Castanho do Val,BRA,2009
877,800784563,Jinhong Yang,CHN,2010
878,800589063,Kristijonas Milasauskas,LTU,2008
879,800719265,Ariyaphol Leekul,THA,2009
880,800665768,Kaius Ketola,FIN,2010
881,800712398,Killian Van Roost,BEL,2009
882,800819015,Kenshin Sato,JPN,2011
883,800674186,Joachim WALKER-VIRY,FRA,2009
884,800643717,Rocco Richardson,GBR,2009
885,800660845,JASA PECOVNIK,SLO,2010
886,800635687,Alejandro Torres Gonzalez,COL,2008
887,800631055,Eric Ten,SWE,2010
888,800728431,Kensei Konishi,JPN,2008
889,800693674,Rhys Vorwerk,RSA,2008
890,800620658,Noah Van Vaerenbergh,BEL,2008
891,800636397,Laurentiu Albert Cristian Badea,ROU,2009
892,800595561,Mauro Mavracic,CRO,2008
893,800671630,Oriol Alvarez Velis,ESP,2009
894,800598185,Lucas Eriksson,FIN,2008
895,800670945,JUNYA KAWAMURA,JPN,2010
896,800693872,Gianluigi Martini,GUA,2008
897,800681500,Tom Lacides,FRA,2010
898,800668803,Verneri Riikonen,FIN,2009
899,800570885,Radin Fahimi,IRI,2008
900,800670234,Kacper Laskowski,GBR,2008
901,800762626,Carson Kuchar,USA,2009
902,800720228,Javier Chocano Pezoa,CHI,2009
903,800665486,Sukhrob Saidov,UZB,2008
904,800584482,Theo Alexandre Ifejika,FRA,2008
905,800725678,Zheng Nan Huang,CHN,2008
906,800601433,Edoardo Pagnoni,ITA,2008
907,800661500,Filip Djokic,SRB,2009
908,800577050,Maxime Rodesch,LUX,2008
909,800762345,Miguel Rooney,USA,2008
910,800650048,Oliver Wei Liu,SWE,2008
911,800708498,Bing-Huan Tsai,TPE,2011
912,800638691,Itamar Pavlovitch,ISR,2008
913,800675715,Mihajlo Ilic,CAN,2008
914,800766374,Andres Guerra Dabaghi,MEX,2010
915,800662853,Panshul Uboveja,IND,2008
916,800678634,HENRIQUE KMEZ ALVES,BRA,2008
917,800671371,Yosuke Hino,JPN,2011
918,800734010,Sulaiman Syed,USA,2010
919,800745332,Kuranosuke Suzuki,JPN,2010
920,800680235,Ojas Mehlawat,IND,2009
921,800649835,MATTEO SANTORO,ITA,2008
922,800656068,Washington Cardoso de Matos Junior,BRA,2008
923,800765368,Alden Yu,CAN,2011
924,800590617,Alessandro Fiocchi,ITA,2008
925,800672638,Nikolozi Sirbiladze,GEO,2010
926,800714656,Thomas Coppi,FRA,2008
927,800670194,Rafa Jeconia verdasco Mangunsong,INA,2009
928,800572728,Maksim Nekrasov,RUS,2008
929,800603741,Igor Piasek,POL,2008
930,800597352,Dmytro Maliev,UKR,2008
931,800665832,Mykola Hrabar,UKR,2009
932,800573636,Roman Filima,UKR,2008
933,800581494,Luka Petrovic,SLO,2008
934,800673353,Scott Watson,GBR,2010
935,800767216,Samarth Patel,AUS,2010
936,800635890,Atakan Cinar,GER,2008
937,800743628,Evan Vasiliadis,AUS,2008
938,800750169,Jamie Roux,RSA,2010
939,800654251,Djordje Sapic,SRB,2009
940,800574864,Armands Aire,LAT,2008
941,800600665,Daia Kurabayashi,JPN,2009
942,800679017,Juan Esteban Inostroza Alfaro,CHI,2009
943,800638713,Nicholas Capel,AUS,2008
944,800793423,Pengju Chen,AUS,2009
945,800569548,Pavel Bushuev,RUS,2008
946,800684281,Isak Bossfall,SWE,2009
947,800652275,Eduardo Jaramillo,COL,2008
948,800652636,Emilio Cardona,COL,2009
949,800811705,Maximo Cataldi,ARG,2010
949,800734188,Indra Vergne,USA,2011
951,800677693,Tshepang Maisela,RSA,2008
952,800600261,Artem Karavan,UKR,2008
953,800720989,TAKAYA ISHII,JPN,2008
954,800671015,Ferdinand Grasl,AUT,2010
955,800587610,Daniil Dinits,RUS,2008
956,800591872,Victor Bonnet Eymard,FRA,2008
957,800764525,Ethan Andrew Pieber,AUT,2010
958,800589620,Lasse Zajc Gajsek,SLO,2008
959,800649478,Boris Nachev,BUL,2009
960,800695508,Laurens Drijver,NED,2011
961,800653348,Daniil Valter,RUS,2010
962,800748634,Jenson Yokota-Ho,AUS,2010
963,800593427,Bastian Berenz,AUT,2008
964,800682953,Ahmed Ibrahim,EGY,2009
965,800662153,Ivan van Ruiten,NED,2010
966,800625690,Ganuka Fernando,SRI,2008
967,800684389,JOAO GABRIEL Galhardo de Carvalho,BRA,2008
968,800652777,Zhantore Sanzharuly,KAZ,2010
969,800652936,Uros Zivkovic,SRB,2008
970,800769296,Vincent Svedstam,SWE,2009
971,800724522,Eiji Fujita,JPN,2008
972,800601422,Joseph Puig Mccallan,ESP,2008
973,800706325,Maxim Yevdayev,CAN,2008
974,800711636,Sebastian Pock,AUT,2010
975,800690376,Mostafa Harb,EGY,2008
976,800722525,Zen David Uehling,USA,2008
977,800654638,Bernardo Carvalho,BRA,2010
978,800664876,Come Le Roch,FRA,2008
979,800664791,Philippe Jourdren,CZE,2010
980,800638992,Randy Manoela Rakotonavahy,CAN,2008
981,800648011,Lukas Lita,GER,2009
982,800644124,kuzey kerem bayrak,TUR,2010
983,800774363,Brayden Campion,USA,2008
984,800672334,Clement Wauters,BEL,2008
985,800801430,Legan Thomas,USA,2010
986,800766814,Elliot Nuyts,BEL,2009
987,800602591,Geon Hyeok Jeon,KOR,2008
988,800648542,Luka Lukovac,MNE,2009
989,800675183,Mauricio Budge,PER,2008
990,800596362,Jose Ignacio Cuevas,ESP,2008
991,800741937,Matias Rivero Villena,BOL,2011
992,800751930,Tiziano Benatti,ITA,2008
993,800674218,Hugo Larsen,NOR,2009
994,800772836,Santiago Lopez,COL,2009
995,800671499,Matei Sucu,ROU,2009
996,800713635,Sean Peng,USA,2009
997,800707426,Nadav Kraus,ISR,2010
998,800705006,Adhiraj Thakur,IND,2008
999,800773785,Brandon Ratanavong,GBR,2009
1000,800600315,Niccolo Satta,ITA,2008
1001,800672553,Rafael Elaez Miranda,PER,2009
1002,800791474,Sharan Somasi,IND,2008
1003,800707751,James Scholer,USA,2008
1004,800629746,William Kaltenecker,SWE,2008
1005,800681008,RANVIR SINGH,IND,2009
1006,800695234,Andreas Mjeda,CAN,2010
1007,800670419,Raphael Rio Suryana,INA,2009
1008,800647228,Berke Muammer Okumus,TUR,2009
1009,800795972,Elia Ruffino,ITA,2009
1010,800773075,ZIAO QIAN,CHN,2009
1011,800765674,LIANGXUAN LIU,CHN,2010
1012,800631163,TSIRY RABETRANO,FRA,2009
1013,800707123,Kousuke Ko,TPE,2010
1014,800800840,Saveliy Yuzov,RUS,2009
1015,800680096,Shaurya Bhardwaj,IND,2009
1016,800710462,David Madero,USA,2008
1017,800663981,Erich Andrei Pop,ROU,2009
1018,800647780,Jaylon Gabet,FRA,2010
1019,800686417,Keisei Miyagishi,JPN,2009
1020,800660642,Napat Pattanalertphan,THA,2008
1021,800708773,Oliver Hancin,AUS,2010
1022,800665035,Matei Marius Partal,ROU,2008
1023,800654081,Yunus Zulfar,KAZ,2008
1024,800735005,Julio Cesar Perez,MEX,2009
1025,800680251,Hugo Eggert,FIN,2009
1026,800689797,Joshua Wright,GBR,2009
1027,800631548,Gael Mourmant,FRA,2008
1028,800593749,Achilleas Makris,CYP,2008
1029,800694776,Borys Alexander,RSA,2008
1030,800598927,Oliver Kiljunen,FIN,2008
1031,800636554,Shiro Bui,GER,2009
1032,800725559,Pablo Rueda,ESP,2010
1033,800630675,Louis SALLARD,FRA,2009
1034,800787821,Gabriel Ignacio Ursini,ARG,2009
1035,800728098,Luca Ugel,USA,2008
1036,800653591,Oluwajomiloju Aminu,GBR,2009
1037,800729979,Tomas Tichy,CZE,2009
1038,800771606,Arjun Krishnan,USA,2010
1039,800713576,Luis Gabriel Perez Perez,MEX,2008
1040,800639841,GHALI KOMAT,MAR,2009
1041,800668678,Zeno Roveri,ITA,2010
1042,800707895,Makanaka Whata,ZIM,2008
1043,800590186,Jan Sykora,CZE,2008
1044,800712963,Hannes Luepkes,GER,2008
1045,800683472,Jacquyn Colalancia,AUS,2008
1046,800681748,Diego Valpereiro,BRA,2009
1047,800621795,Marko Colak,CRO,2009
1048,800671290,Gustavs Gutans,LAT,2011
1049,800677655,Benjamin Conca Lapasset,ARG,2008
1050,800727304,Ross Johnson,USA,2009
1051,800602125,Pavlo Bodnarchuk,UKR,2008
1052,800726144,Cedric Lagarrigue,FRA,2009
1053,800751148,Maddox Bogomolov,USA,2009
1054,800602934,Evan Palumbo,LUX,2009
1055,800776732,Ricardo Dorantes Ramos,MEX,2008
1056,800762077,Max Flanagan,NZL,2009
1057,800600466,Emre Atlamis,TUR,2008
1058,800773249,Toprak KONYA,TUR,2010
1059,800769027,Jaromir Peconka,CZE,2008
1060,800649402,Yonatan Barak,ISR,2009
1061,800711074,Yuto Hisano,JPN,2011
1062,800575911,Ivan Molgin,RUS,2008
1063,800631032,Dennis Ciprian Spircu,ROU,2009
1064,800652577,Jeronimo Duque Salazar,COL,2009
1065,800713051,Ilya Ivanov,UKR,2008
1066,800598537,Ramon Mateos,ECU,2008
1067,800580910,Kwok Ting Makson Chan,HKG,2008
1068,800679515,Stefanos Roussos,GRE,2009
1069,800767255,Gustavo Torres Albuquerque,BRA,2009
1070,800698423,Brody Lee Stafford,IRL,2011
1071,800749996,William Genberg,AUS,2008
1072,800714352,Andrej Adamovic,SVK,2011
1073,800589794,Fabian Engkvist,SWE,2008
1074,800746387,Mehdi LAABI,FRA,2010
1075,800680379,Tobias Zapsky,CZE,2011
1076,800654308,Tomas Orrego,USA,2009
1077,800580722,Nikita Kletsov,RUS,2008
1078,800707125,Duarte Lima Sanches,POR,2009
1079,800584885,Maksim Despotovic,SRB,2008
1080,800631060,Fedor Dorokhov,RUS,2008
1081,800692418,Alex Savelli,AUS,2008
1082,800569558,Skender Katana,MNE,2008
1083,800769124,Ved Vanga,USA,2010
1084,800653221,Rodrigo Machado Moreira Filho,BRA,2008
1085,800824908,Hozumi Kaneda,JPN,2011
1086,800781145,Kanvar Singh,AUS,2009
1087,800660689,Aleksander Konstantin,GER,2009
1088,800673808,Dias Tulepbergenov,KAZ,2010
1089,800652386,Felipe Buritica,COL,2009
1090,800679824,Mattis Thorsnes,NOR,2010
1091,800671784,Bartu Karayel,NED,2009
1092,800732694,Juan Federico Nolo Pedrat,ARG,2010
1093,800780698,Giovanni Boi,ITA,2008
1094,800592682,Jaime Andres Ortiz,ECU,2008
1095,800592507,Maxim Shepilov,RUS,2008
1096,800685310,Vedant Mohan,IND,2011
1097,800774897,Aiden Phoebus,USA,2008
1098,800696202,Alistair MUTSCH,BEL,2010
1099,800688064,Tejas Ravi,IND,2008
1100,800687165,SANGHYUK HAN,USA,2008
1101,800621232,Sven Strilka,CZE,2008
1102,800635817,Tarek El Chaaby,LBN,2009
1103,800643743,Itay Kilimnik,ISR,2008
1104,800753989,Yuxuan Li,CHN,2010
1105,800646924,Stefan-Cristian Enache,ROU,2009
1106,800711961,Yakumo Motokura,JPN,2008
1107,800690419,Jack Hansen Ratter,NZL,2008
1108,800714933,Luca Braun,POR,2009
1109,800624178,kyungone Kim,KOR,2009
1110,800792769,Seyi Ebenezer Ogunsakin,NGR,2011
1111,800667783,Ilian Mechbal,GER,2009
1112,800699872,Kieryn Minor,CAN,2008
1113,800571886,Ippei Matsushima,JPN,2008
1114,800798506,Doug Sheppard,AUS,2009
1115,800748357,Ibrahim Ramy Hassan,EGY,2010
1116,800715821,Aarush Kote,USA,2008
1117,800676485,Matias Erices,CHI,2009
1118,800644710,Fedor Evdokimov,RUS,2009
1119,800602124,Chris Bulgaru,CAN,2008
1120,800646446,Tiago Peterhans,SUI,2009
1121,800639427,Oscar Karmteg,SWE,2008
1122,800640469,Marcos Iacovides,CYP,2008
1123,800770442,Matus Petrasko,SVK,2009
1124,800681738,Yassin Sherif,EGY,2008
1125,800592723,Deividas Bandzevicius,LTU,2008
1126,800790686,James Panshak Benjamin James,NGR,2008
1127,800651421,Akos Janos Toth,HUN,2008
1128,800650801,Alex Sala Pages,ESP,2008
1129,800624365,Noah Koffi,TOG,2008
1130,800661322,Nikita Gafurov,UZB,2009
1131,800692423,Raoul Bazerghi,EGY,2010
1132,800661873,Takuto Matsuo,HKG,2010
1133,800594283,Ray Chetewy Ungar,ISR,2009
1134,800738027,Jason FU,HKG,2009
1135,800742832,Paxton Maling,NZL,2009
1136,800639859,Salvatore Tartaglione,ITA,2008
1137,800679464,Edrick Koren,GBR,2009
1138,800577740,Ales Kotrc,CZE,2008
1139,800660191,Veer Madam,IND,2008
1140,800585666,Ivan Ponomarev,KAZ,2008
1141,800636105,Mingus Zack Hansen,DEN,2009
1142,800596498,Ektoras Tsatsakis,GRE,2008
1143,800736755,Gustavo Vasconcellos,BRA,2009
1144,800601480,Jae Min Lee,KOR,2008
1145,800735618,Joseph Cunha,CAN,2009
1146,800600365,Ilya Kryukov,RUS,2008
1147,800650833,Marc Sala Pages,ESP,2008
1148,800747694,Pierre-Olivier Hay,CAN,2009
1149,800588084,Timur Dautov,RUS,2008
1150,800678780,Chetan Vasquez Quintero,COL,2009
1151,800757283,Andy Zhang,CHN,2009
1152,800707824,Zuka Kacheishvili,GEO,2010
1153,800587846,Giuseppe Catapane,ITA,2008
1154,800736771,Mohamed Malek Soussia,TUN,2009
1155,800777652,Ryan Bolger,AUS,2011
1156,800670056,Riccardo Pontigia,ITA,2009
1157,800653737,Roman Ryzhkin,RUS,2010
1158,800731650,Jan Janda,GBR,2010
1159,800588014,Marcus Sehested,DEN,2008
1160,800702369,Tiziano Gomez,ARG,2009
1161,800675749,Casey Unitt,GBR,2008
1162,800591537,Diogo Serafim,POR,2008
1163,800647542,Sora Kaneko,JPN,2009
1164,800677867,Vojin Sadzakovic,SRB,2008
1165,800627741,Kuzey Ugurcan,TUR,2008
1166,800664223,Lucas Ariel Herrera Sanchez,GER,2011
1167,800749902,Luke Verwey,RSA,2009
1168,800670331,ERIC MATTHEW GUNAWAN,INA,2008
1169,800680791,Krystof Vymazal,CZE,2008
1170,800751970,KAITO TOKUKURA,JPN,2009
1171,800597284,Miro Savolainen,FIN,2008
1172,800665078,Isaac Sallu,GBR,2010
1173,800722946,Simon Stoyanov,CAN,2010
1174,800584371,Petar Ivanchev,BUL,2008
1175,800667956,Harang Seol,KOR,2008
1176,800821898,Easeo Kim,AUS,2009
1177,800672778,Luca Frunza,ROU,2008
1178,800692920,Hugo Jathiere,FRA,2010
1179,800745317,Shun Munetoh,JPN,2011
1180,800776746,Peter Jorniak,USA,2008
1181,800691348,Andrea PARNET,FRA,2010
1182,800701180,Rami Saouli,LBN,2009
1183,800652693,Milos Sretenovic,SRB,2008
1184,800700417,Thiago Henrique Soares Santana,BRA,2010
1185,800705099,Selwyn Tsz Yuen Wong,HKG,2009
1186,800654248,Sergio Castro Loedel,ECU,2009
1187,800667454,Albert Ionut Ivan,ROU,2010
1188,800656655,Ahan Shetty,IND,2009
1189,800661176,Colin LANDRY,SUI,2010
1190,800714109,Marcos Zawels,ARG,2008
1191,800568781,Andrey Dvortsov,RUS,2008
1192,800640178,Lucas Nolte,GBR,2009
1193,800755638,Ilias Bouzoubaa,USA,2008
1194,800667350,tae jun heo,KOR,2009
1195,800662038,Gabriele Paolucci,LUX,2009
1196,800692950,Yagiz Yildiz,TUR,2009
1197,800656943,Tomass Dalderis,LAT,2009
1198,800714150,Aly Farouk,EGY,2008
1199,800638304,Maxim Bocharov,RUS,2009
1200,800718013,Juan Ignacio Bazan,ARG,2010
1201,800653842,Harry Voss,GBR,2009
1202,800720305,Alex Perez,COL,2010
1203,800583436,Ryan Zuberbuehler,CRO,2008
1204,800683105,Jun Hyuck Lee,KOR,2010
1205,800670427,Tudor Alexandru Zecheru,ROU,2009
1206,800735179,Omar Alejandro Ascencion,MEX,2009
1207,800647999,Hitoshi Shirabe,JPN,2008
1208,800714749,Kale Dalla Costa,TTO,2008
1209,800589609,Titus Cristea,SUI,2008
1210,800728320,George Diable,AUS,2009
1211,800629528,Jules Dannevoye,BEL,2009
1212,800594338,Pietro Sagone,ITA,2008
1213,800638423,Finn Stoter,NED,2008
1214,800654805,Juan Fernando Salvador Villagomez,ECU,2008
1215,800593207,Kamyl Chebboub,ALG,2008
1216,800721493,Julio Perkins,ARG,2008
1217,800595310,Samuil Peshev,BUL,2008
1218,800705131,Samuel Pedraza castellanos,COL,2010
1218,800624243,Keitaro Ksathra Hendrajanto,INA,2008
1220,800664605,Mark Laubic,SLO,2008
1221,800743246,Emilio Alcala,MEX,2009
1222,800648404,Plamen Kolev,BUL,2010
1223,800690483,Benjamin Sienghen,THA,2009
1224,800715875,Mahmoud Shady Salem,EGY,2008
1225,800687212,Haruka Okubo,JPN,2010
1226,800785789,David Omozokpia Edwards,NGR,2010
1227,800701604,Martin Salvador Pages,CAN,2008
1228,800593249,Louka Krynen,FRA,2008
1229,800702729,Marco Quesada Arruza,ESP,2010
1230,800761477,Darren Yann Junn Lew,AUS,2010
1231,800708580,PAVLO HRYTSKIV,UKR,2010
1232,800650283,Tudor Amititeloaie,ROU,2009
1233,800660950,Tomas Vilaca,POR,2009
1234,800798097,Robert Kaminskiy,KAZ,2010
1235,800709463,Simon Mujoomdar,CAN,2009
1236,800682832,Attila Montague,USA,2008
1237,800706155,Pratyush Loganathan,IND,2008
1238,800678358,JAVIER BALLESTER GALARZA,ESP,2010
1239,800677721,Matthew Kiernan,GBR,2010
1240,800808666,Julian Zhang,USA,2009
1241,800598412,Rafael Antonios Gakopoulos,GRE,2009
1242,800654949,ofir kermish,ISR,2010
1243,800838866,Shang Yu Cheng,TPE,2009
1244,800710161,Nicolas Brandao,BRA,2008
1245,800667521,Taiju Yuto,JPN,2008
1246,800692338,Alexander Farias,USA,2009
1247,800654759,Timeo Coudray,FRA,2009
1248,800745517,Imanol Gosset,FRA,2012
1249,800681454,Khamidjon Mansurov,UZB,2010
1250,800726268,Hiva KELLEY,PYF,2008
1251,800706507,Vincent Selmeczi,HUN,2010
1252,800829023,Luke Jones,USA,2011
1253,800698756,Aaron Armaah,GHA,2008
1254,800755183,Vladimir Guyot-Sionnest,FRA,2008
1255,800717371,Arthur Poussin,FRA,2012
1256,800743747,Levente Szasz,HUN,2009
1257,800636504,Gustavs Brizs,LAT,2010
1258,800738629,Enric Novell,ESP,2009
1259,800638336,Aldo Alessandro Zerega,ECU,2008
1260,800734981,Rohith Hari Balaji Gobinath Gobinath,IND,2008
1261,800696902,Iker Montes Velazquez,MEX,2008
1262,800790692,Paul Popoaca,ROU,2008
1263,800739857,Ryan Szeto,GBR,2011
1264,800750948,Mies Wrobel,FRA,2009
1265,800793054,Tristan Summers,RSA,2012
1266,800769293,Christian Gorgin,SWE,2010
1267,800653441,Sebastian Kvist,DEN,2010
1268,800795682,Griffin Goode,USA,2010
1269,800746143,Jake Spurrell,AUS,2010
1270,800775728,Kahven Singh,USA,2009
1271,800695593,Adi Yosef Elbach,ISR,2008
1272,800643878,yonatan shagas,ISR,2009
1273,800656668,Aarav Chawla,IND,2009
1274,800656930,Danthai Takong,THA,2009
1275,800627606,Talal Shatara,JOR,2009
1276,800576317,Stepan Ziska,CZE,2008
1277,800676987,Alexander Dozhdev,RUS,2008
1278,800715148,Joshua Golden,USA,2008
1279,800673919,Jonas Kollert,CZE,2008
1280,800719726,Adam Svardfeldt,SWE,2008
1281,800638762,Jari Schot,NED,2008
1281,800590191,Alecos Timini,CYP,2008
1283,800731719,Alexzander Petrov,RSA,2009
1284,800632003,Louis Collos,FRA,2009
1285,800690321,Orvar Andersch,SWE,2009
1286,800653609,Iakov Gryaznov,RUS,2010
1287,800651897,Kendrick Lambrano Suarez,COL,2008
1288,800591299,Leo HSU,TPE,2008
1289,800584996,Dylan Bairo,SVK,2008
1290,800791580,Brandon Bridgewater,CUW,2009
1291,800808116,Johnny Wolf,USA,2010
1292,800599154,Dimitrios Melissoglou,GRE,2008
1293,800763043,federico sartori,ITA,2008
1294,800663194,Jack Cooper,HKG,2009
1295,800734118,Abdelrahman Eltaher,EGY,2009
1296,800655720,Tsikhan Koran,BLR,2010
1297,800718055,Mehdi Abedini,IRI,2009
1298,800671267,Mats Jutte,NED,2010
1299,800589619,Samin Abduraufov,ESP,2008
1300,800735177,Juan Manuel Ascencion,MEX,2009
1301,800684208,Hursh Patel,IND,2010
1302,800670772,Michele Maniglia,ITA,2009
1303,800732950,Filip Vujicic,CAN,2010
1304,800664429,Pavel Oliver Dufek,CZE,2010
1305,800710855,Evan Swart,RSA,2009
1306,800739971,Luke Adrian,CAN,2008
1307,800600564,Mikolaj Owramko,POL,2008
1308,800747911,Lyoma Hotelier,JPN,2012
1309,800656576,Rodrigo Kenichi Abe Hirai,BRA,2008
1310,800625838,Emanuel Delgado Forero,COL,2008
1311,800760613,KAI-CHENG PENG,TPE,2009
1312,800670616,Nico Sommer,SUI,2008
1313,800665096,Samuel Gampenrieder,GER,2010
1314,800678913,Joao Pedro Sarzedas Colombo,BRA,2009
1315,800794783,Tristan Bradu,USA,2008
1316,800626525,Vyom Shah,IND,2008
1317,800659384,SHOUNAK CHATTERJEE,IND,2008
1318,800737661,Billy Brennan,IRL,2009
1319,800828157,Haruto Tamaki,JPN,2012
1320,800719359,Loic Peulens,BEL,2008
1321,800677657,Pedro Veloni Burin,BRA,2008
1322,800702493,Carlos Mendoza Hernandez,ESP,2008
1323,800781981,Novak Palombo,AUS,2012
1324,800733498,Rishi Nemani,USA,2009
1325,800649374,Martin Bonev,BUL,2009
1326,800594129,Murray Watters,GBR,2009
1327,800724937,Xzavier Hastick,CAN,2008
1328,800652192,geronimo echeverry,COL,2008
1329,800706975,David Smolik,CZE,2010
1330,800568689,Filip Kosarko,CZE,2008
1331,800784214,Mathias Mendez,USA,2010
1332,800782889,Michael Alexander Keller,SUI,2008
1333,800800738,Niyanth Badrinarayanan,USA,2009
1334,800745567,Sazu Isqaqavut,TPE,2009
1335,800691692,Rogier Verbeet,NED,2011
1336,800631660,Sacha Fontanges,FRA,2009
1337,800737295,Shundu Yuan,CHN,2010
1338,800632378,Artem Starikov,RUS,2009
1339,800661958,Vincent Visker,GER,2009
1340,800664701,Rene Bertos,CRO,2010
1341,800700060,RARES SARACIN,ROU,2009
1342,800600050,Christoffer Topp-Parving,DEN,2008
1343,800593732,Edoardo Casale,ITA,2008
1344,800706379,Julio Zarate Fernandez,ESP,2009
1345,800690513,Viktor Makarov,RUS,2009
1346,800767912,Yanshuo Pan,CHN,2010
1347,800646189,JERZY FILIP URBAN,POL,2009
1348,800632353,Scott Authen Johnsen,NOR,2008
1349,800681186,Amin Marei,EGY,2009
1350,800702477,Alessandro Gallo,ITA,2010
1351,800653311,Andrei Bokarev,RUS,2008
1352,800654259,Nicolas Aguiar,ECU,2009
1353,800637092,Kirill Korolenko,RUS,2008
1354,800784748,Aaron-David Mefire Younzwe,CAN,2009
1355,800655637,Ryohei Nishino,JPN,2008
1356,800630052,Federico Della Corte,ITA,2008
1357,800635982,Nicolas Pfaefflin,GER,2009
1358,800663854,Asilbek Ismoilov,UZB,2009
1359,800595847,Lukas Smailys,LTU,2008
1360,800694433,Enzo Champigneulle,FRA,2008
1361,800576507,Riku Kato,HKG,2008
1362,800680865,Mohamed Tarek,EGY,2008
1363,800661973,Erion Neziri,MKD,2008
1364,800677341,Augusto Land,BRA,2008
1365,800654594,Samuel Sykora,SVK,2009
1366,800668443,Radek Lassan,CZE,2009
1367,800822129,Sergey Bokarev,RUS,2009
1368,800663475,Mario Vukovic,FRA,2011
1369,800746070,Jingxuan Zhou,CHN,2009
1370,800646590,Mehmet Toprak Ercin,TUR,2010
1371,800636873,Itamar Ronen,ISR,2009
1372,800759825,YU-MIN LIN,TPE,2010
1373,800684016,MARCOS ROMERO RAMOS,ESP,2009
1374,800711186,Arvin Golestaneh,IRI,2010
1375,800647838,Adrian Boehme,GER,2010
1376,800578288,Ricards Dzirkals,LAT,2008
1377,800745428,Tadevos Mirijanyan,USA,2009
1378,800817230,Zhiyu Li,CHN,2011
1379,800643705,Rares Andrei Ionescu,ROU,2009
1380,800688343,Deniz Karabulut,CAN,2011
1381,800681779,Samuel Dakessian,FRA,2011
1382,800693610,Myles Kiely,GBR,2011
1383,800807578,Samuel Pohl,USA,2008
1384,800693405,Rodrigo Maya,MEX,2008
1385,800740798,Haolin Liu,CHN,2008
1386,800640316,Evan Galea,MLT,2010
1387,800794306,Troy Goodwin,AUS,2008
1388,800760704,Tristan McIntosh,AUS,2008
1389,800707311,hachem Elaraby,EGY,2009
1390,800766990,Colin Mcpeek,USA,2009
1391,800801872,Bexultan Bauyrzhanov,KAZ,2011
1392,800601815,Andreas Philip Cort Maleeva Hansen,DEN,2009
1393,800697780,Carlos Patricio Meneses,MEX,2008
1394,800662937,Yusufbek Malikov,UZB,2009
1395,800600625,Akihiro Toyoda,JPN,2009
1396,800693191,Alberto Mora,CRC,2008
1397,800630411,Alessio Babudri,ITA,2008
1398,800697805,ANIKET ROY,IND,2009
1399,800662587,Kyle Wan,HKG,2011
1400,800683898,Pradnyesh Shelke,IND,2010
1401,800672254,Daiya Hino,JPN,2008
1402,800750116,Connor Miller,RSA,2009
1403,800646383,Dongyun Oh,KOR,2009
1404,800695741,Antonio Vargas,BRA,2009
1405,800748345,Ilya Sherifali,CAN,2011
1406,800686666,Philip Smirnov,RUS,2011
1407,800596432,Matteo Sabbatini,ITA,2008
1408,800588964,Liad Hasson,ISR,2008
1409,800543482,Tair Kayretdinov,KAZ,2008
1410,800732084,Hengzhou Wang,CHN,2008
1411,800765470,Wesley Cotton,USA,2008
1411,800663530,DAVID CERCEL,ROU,2010
1413,800673630,Mattia Autorino,ITA,2010
1414,800773934,Leonardo Calles Salinas,MEX,2010
1415,800599158,Aleksandr Monakhov,RUS,2008
1416,800749168,Jingqi Yang,CHN,2008
1417,800688968,Zachary Sng,SGP,2009
1418,800590837,Piotr Kluj,POL,2008
1419,800775114,Santiago Salazar,USA,2010
1420,800767078,Mohammed Massine Allali,MAR,2009
1421,800728661,Jalane Salaun-Ouillemon,CAL,2008
1422,800771895,Joseph Nau,USA,2008
1423,800636269,Mahery RAOILY,MAD,2009
1424,800565107,Charlie Ruffell,GBR,2008
1425,800644930,Ahtesham Humayun,PAK,2008
1426,800780447,junlin Su,CHN,2010
1427,800742239,Xiaohan Jiang,CHN,2011
1428,800758902,Cheng Lu,CHN,2008
1429,800664353,Gabriel Wennhall,SWE,2008
1430,800800673,Dylan Meineke,USA,2010
1431,800647610,Tal Schuster,ISR,2010
1432,800709226,dylan leigniel,LUX,2008
1433,800768609,Antonio Bermudez Murillo,CRC,2010
1434,800671518,Roko Zahirovic,CRO,2009
1435,800760371,YI-FU TAI,TPE,2008
1436,800646335,Patrick Grigore,ROU,2009
1437,800761983,Hong Xuan Chen,TPE,2009
1438,800647720,oscar puyplat,USA,2008
1439,800649262,Maximillian Sartz-Lunde,NOR,2008
1440,800694754,Nhlakanipho Ngwenya,RSA,2008
1441,800684657,MARC SCHULZ BARRERA,ESP,2010
1442,800598844,Devesh Sarawanan,MAS,2008
1443,800670602,Giorgio Ghia,ITA,2010
1444,800730861,Alex Escofet Berge,ESP,2008
1445,800600889,Rafael Ficjan,AUT,2008
1446,800785989,Kingsley ZHANG,HKG,2010
1447,800711673,Augusto Scheidt,BRA,2010
1448,800753066,xiaozheng chen,CHN,2010
1449,800761340,Makan Vasighi Motlagh,IRI,2011
1450,800661064,Nicolas Vetterli,SUI,2009
1451,800661204,Iakov Mazin,RUS,2011
1452,800691236,Nicolo Romano,ITA,2008
1453,800829140,Huw Hoffman,AUS,2009
1454,800589987,Arafat Mustafa Mustafa,KAZ,2009
1455,800654326,Eduard Khaikov,ESP,2010
1456,800594134,Sergi Servera,ESP,2008
1457,800678977,Nils Froebel,SWE,2009
1458,800696102,Matyas Perutka,CZE,2009
1459,800676589,Javier De Francisco-Aguirrebengoa Gonsalves,ESP,2009
1460,800655667,JOSE FABRICIO SORIANO LOPEZ,PER,2008
1461,800726109,Lucas Wang,CAN,2009
1462,800639376,Kuzma Avdeev,RUS,2009
1463,800736451,Lucas Pontes,BRA,2009
1464,800586968,Rodrigo Duarte,POR,2008
1465,800709633,Finn Klemen,GER,2010
1466,800654852,Ariel Elisha,ISR,2010
1466,800661567,Tianhao WU,CHN,2008
1468,800673986,Louis d'AUZAC de LAMARTINIE,FRA,2010
1469,800575567,Andreas Foong,HKG,2008
1470,800703565,Riccardo Terzoli,ITA,2008
1471,800694047,Luys Calin,GER,2011
1472,800688848,Adrien Jonah Abarca,USA,2008
1473,800790527,Leith Bennaceur,TUN,2011
1474,800782423,George Santalov,USA,2008
1475,800660309,Eren Cavus,TUR,2009
1476,800803100,Daniil Berezin,USA,2010
1477,800656249,Yegor Nikiforov,UKR,2009
1478,800766996,Sebastian Diaz,BOL,2010
1479,800713225,Thiago Veronezi Ribeiro,BRA,2010
1480,800644240,Amir-Muhammad Khan Mazari,PAK,2009
1481,800598159,Charlie Harvey,GBR,2008
1482,800643373,DORUK EGE SAHIN,TUR,2008
1483,800714473,Aoi Miyoshi,JPN,2009
1484,800709449,Giacomo Coppini,RSA,2009
1485,800766125,Gregor Distler,GER,2008
1486,800739924,Kristian Sharma,USA,2008
1487,800656506,Pavornpruch Nganbunsri,THA,2008
1488,800665675,FAZAL ALI MEER,IND,2010
1489,800591607,Ugnius Remeikis,LTU,2009
1490,800643126,Marko Erceg,CRO,2009
1491,800762159,YI-SHENG HU,TPE,2008
1492,800769338,Ziyu Liu,CHN,2009
1493,800690546,Kanthat Surarityotin,THA,2009
1494,800667518,Derek Muerner,SUI,2008
1495,800753605,Luke Laughlin,CAN,2008
1496,800639107,GIOVANNI CONIGLIARO,ITA,2008
1497,800695400,Lourens Alexander Swanepoel,RSA,2008
1498,800675345,Aljaz Stor,SLO,2009
1499,800689693,David Avayou,THA,2011
1500,800668514,Neo Armus,GBR,2010
1501,800595783,Artem Golikov,ISR,2008
1502,800752594,Levi Taylor,GBR,2009
1503,800705547,Julian MAHDAVI,CAN,2010
1504,800702485,FEDERICO ROMULO SASSO,ARG,2008
1505,800654622,Jozef Karas,SVK,2009
1506,800814441,Haoxuan Xu,CHN,2008
1507,800704421,Khaknazar Zhetkerbay,KAZ,2011
1508,800598621,Joris Clermonts,NED,2008
1509,800582226,Enzo Helguera casado,ESP,2008
1510,800721229,DHANANJAY TIBREWAL,IND,2009
1511,800662810,Theo Holmes,GBR,2009
1512,800695357,Yared Alfred,ISV,2008
1513,800709807,Sota Nakatomi,JPN,2009
1514,800772052,REN ASAI,AUS,2009
1515,800681873,Mateo Jerkovic,CRO,2009
1516,800584046,Ethan Matthew Koh,SGP,2008
1517,800700763,Fadil Adam Zambou,CMR,2009
1518,800640560,Levi Veldhuis,NED,2008
1519,800654974,Joao Jardim Nogueira,BRA,2008
1520,800652481,dongyun kim,KOR,2009
1521,800780314,Kaihong Dong,CHN,2009
1522,800718890,Gustavo Fernandes,BRA,2009
1523,800648933,Athanasios Zavourgianos,GRE,2009
1524,800736851,Ziqi Li,CHN,2009
1525,800730113,Mateo Herrarte,GUA,2009
1526,800675463,Juan David Ayala,COL,2008
1527,800701388,Emil Torn,FIN,2009
1528,800634983,Sergei Likhogrud,BLR,2008
1529,800708534,Lucca Zamani,USA,2008
1530,800736773,Tomas Giachero,CAN,2009
1531,800780528,Sebastian Lavorato,AUS,2012
1532,800677973,Sabwe Kalulu,COD,2008
1533,800601379,Woojoo Park,KOR,2008
1534,800757100,Renato Kurmanaev,ESP,2008
1535,800732997,Prateek Sheoran,IND,2009
1536,800711622,Xavier Alonso Rozada,MEX,2008
1537,800671318,Gabriel Vlad,ROU,2009
1538,800785468,Asahi Yamazaki,JPN,2011
1539,800675354,MANI MOLAASGARI,IRI,2008
1540,800640454,Dario Zorica,CRO,2009
1541,800697574,Artem Bukin,RUS,2008
1542,800600996,Daniil Varaksa,BLR,2008
1543,800738990,Elliott Awomoyi,USA,2010
1544,800620935,Samuel Hernandez Herrera,COL,2008
1545,800671154,Brian Duan,USA,2010
1546,800708637,Nicholas Kruger,RSA,2011
1547,800601931,Julius Schliemann,GER,2008
1548,800665948,Mihaly Szasz,HUN,2008
1549,800814383,Tristan Ascenzo,USA,2011
1550,800671918,CHENMING DONG,CHN,2009
1551,800597039,Robin Lucas Sirk,EST,2008
1552,800674704,Vasil Rusanov,BUL,2008
1553,800653241,Iakov Lifchits,ISR,2010
1554,800829325,Dingxiong Zhou,CHN,2010
1555,800646255,Andreas Photiades,CYP,2008
1556,800770201,Noah-Jnr Samushonga,ZIM,2010
1557,800632009,Hlumani Kekana,RSA,2009
1558,800726772,Amirhossein Barbod,IRI,2010
1559,800736948,Gerard Sawatzki,ESP,2008
1560,800787600,Joel Teng,AUS,2010
1561,800732550,Devilliers Lamprecht,RSA,2008
1562,800681019,SHUNGO HAYASHI,JPN,2011
1563,800750185,Jack Thornhill,RSA,2010
1564,800592193,Davit Poghosyan,ARM,2008
1565,800755901,Tom Fricke,GER,2010
1566,800724586,Benjamin Galvao,AUS,2008
1567,800685148,Yonatan Gean,ISR,2010
1568,800709341,Mohammed Sirbel,JOR,2010
1569,800720093,Kylian Dubois Andrade,FRA,2009
1569,800818812,Patricio Alvarez Chavez,MEX,2012
1571,800691231,MICHAL RAKOUS,CZE,2010
1572,800593974,Demian Medvedev,RUS,2009
1573,800656501,AUM HIREN THAKKAR,IND,2008
1574,800844834,Lucas Smith,USA,2008
1575,800630826,David Rabinovich,ISR,2009
1576,800629439,Cagan Cetin,TUR,2009
1577,800655019,Maksim Svetlov,BLR,2010
1578,800698217,Santo Agnello,AUT,2010
1578,800850520,Maxence Moulinat,FRA,2010
1580,800693055,Mihai Neacsu,ROU,2008
1581,800656869,Jordan Mihajloski,GER,2009
1582,800722254,Fernando Mendoza Del Castillo,CAN,2008
1583,800704085,Daniele Chiappini,ITA,2008
1584,800701189,JOEL HENRIKSSON,SWE,2009
1585,800758305,David Hustin Alemany,ESP,2009
1586,800594137,Zhi-Yan Pontiac Kwan Tat,FRA,2008
1587,800712545,MATIAS FINCK,MEX,2009
1588,800683058,zurab khizambareli,GEO,2010
1589,800672046,Magnus Oestergaard,DEN,2009
1590,800660944,Aarav Dhekial,IND,2010
1590,800717647,Hyeonu Nam,KOR,2011
1592,800632277,Diar Amanbek,KAZ,2008
1593,800630304,Assan Sarmanov,KAZ,2009
1594,800668396,Jacob Blackler-Rose,GBR,2008
1595,800684195,Seungwoo Nam,KOR,2010
1596,800718680,Hanif Boateng,GHA,2008
1597,800815021,Alessio Vigoriti,RSA,2009
1597,800643283,Marco Ontiveros,GER,2009
1599,800732463,Maximus Demburg,SWE,2010
1599,800750071,William Harding,RSA,2009
1601,800743007,Juan Alejandro Jimenez Lozada,COL,2010
1601,800745866,Kodai ABE,JPN,2010
1603,800764539,Yue Yu,CHN,2010
1604,800697794,Johnny Fitzgerald,IRL,2008
1605,800670391,VAGGELIS VALSAMOS,GRE,2008
1606,800652851,MATHIAS Lescano-Vecchi,GBR,2008
1607,800755377,Yong Ze Huang,CHN,2009
1608,800802116,Joseph X Zhang,AUS,2009
1609,800760609,Fanyu Zhao,CHN,2009
1610,800652348,David Medina Velez,COL,2008
1610,800695541,Patryk Sarnowski,IRL,2008
1612,800688284,Agustin Martinez Gasque,MEX,2008
1613,800570947,Noah Canonico,ITA,2008
1614,800790324,Divine Takura Kaliofasi,ZIM,2011
1615,800673622,Rafael Humberto Hartley Loayza,PER,2008
1616,800746489,Mohamed Rayes,TUN,2008
1617,800693196,Felix Littlejohn,NZL,2008
1618,800678763,Vladyslav Bohomolkin,UKR,2010
1619,800684903,Gleb Chichkin,RUS,2009
1620,800734002,Christophe Abou Hachem,LBN,2010
1621,800653458,Mark Haidt,BLR,2010
1622,800648013,Dan Saric,CRO,2009
1623,800790296,Alexander Klimovich,USA,2009
1624,800696015,roger chile garcia,MEX,2008
1625,800662816,Matija Kozjak,SLO,2010
1626,800799241,Atticus Kim,USA,2009
1627,800740484,Noah Parker,RSA,2008
1628,800807172,Zachary Chai,AUS,2010
1629,800719856,Joseph Sonny Atitsogbei,GHA,2009
1629,800664252,Ivan Marakovic,CRO,2009
1631,800770896,Ilia Dobrovolsky,CAN,2008
1632,800659492,Rohan Mishra,USA,2008
1633,800694898,Joachim Marx,CAN,2010
1634,800681555,Pedro Montero Nicolau,ESP,2009
1635,800763122,Josh Gilbert,NZL,2009
1636,800648589,Stylianos Xenikakis,GRE,2010
1637,800720231,Oskar Rouse,USA,2008
1638,800678514,Pedro Santana,CHI,2008
1639,800780372,Pedro Rodrigues Longobardi,BRA,2008
1640,800743187,Antoine Martel,CAN,2008
1641,800731247,James Andrew Ross,USA,2009
1642,800746819,Bryne Edwin Dube,ZIM,2009
1643,800647722,Sergey Pankov,RUS,2010
1644,800745540,Aahaan Mishra,IND,2010
1645,800728862,Srikar Doni,IND,2008
1646,800829738,Eric Engunga Escartin,COD,2008
1647,800781497,Olivier Charest,CAN,2010
1648,800772615,Jonas Kreutz,AUT,2008
1649,800672607,Pietro Bertasi,ITA,2009
1650,800656637,Shrriman Narayanan,USA,2009
1651,800733168,Jacob Chekly,ISR,2010
1652,800752433,Antonio Carlos Castellanos,GUA,2009
1653,800671855,Youssef Sassi,TUN,2008
1654,800743540,Shunhua He,CHN,2010
1655,800719788,Vestards Elsbergs,LAT,2010
1656,800665731,geonha roh,KOR,2008
1657,800639828,Mattia Cona,ITA,2009
1658,800766810,Keiji Yamaguchi,JPN,2010
1659,800710508,Ethan Jake Frans,INA,2012
1660,800673082,MINSOO KIM,KOR,2009
1661,800821382,James Henery,GBR,2008
1662,800713874,Suyash Makesar,AUS,2009
1663,800801974,Alejandro Astiz,USA,2008
1664,800684564,Jeronimo Escalante-Mangino,MEX,2008
1665,800799216,Antoni Yu,AUS,2010
1666,800705021,EVAN SAHA,IND,2009
1667,800677356,kiarash sadeghizeidi,IRI,2010
1667,800672563,Cesare Cattaneo,ITA,2010
1669,800675121,mehdi tahiri alaoui,MAR,2009
1670,800732607,Zolbadar Urnukh,MGL,2009
1670,800648642,Novak Milosevic,SRB,2008
1672,800756410,Bo-yen Ou yang,TPE,2009
1672,800639806,Mai Winterleitner,SLO,2008
1674,800710393,Mauricio Novella Alamos,MEX,2009
1675,800818445,Brydan Mcleod,AUS,2009
1676,800781744,Lachlan Rye,AUS,2010
1677,800698096,Mikael Lehtinen,FIN,2011
1678,800778730,Heran Zhang,CHN,2010
1679,800816556,Jialiang Guo,CHN,2009
1680,800667599,Joseph McLaughlin,IRL,2008
1681,800680415,Charles Rossillol,FRA,2010
1682,800671740,Marlon Menzler,GER,2009
1683,800596854,Luukas Raudkivi,EST,2009
1684,800585054,Aayushman Hajur Ghale,NEP,2008
1684,800602409,Balint Saghy,HUN,2008
1686,800746513,Nazarii Salieiev,UKR,2008
1687,800809232,Jean Joubert,RSA,2008
1688,800757020,Yanbo Liu,CHN,2009
1689,800775550,Erikas Maskolaitis,LTU,2010
1690,800782104,Everett Garrett,USA,2008
1691,800718102,Albert Crismar,USA,2009
1692,800714428,B'JORN HALL,TTO,2008
1693,800765572,Yingjie Tang,CHN,2009
1694,800690620,IGOR BRANIA,FRA,2011
1695,800767031,Martin Garcia,GUA,2010
1695,800712798,Victor Palomar-Marquina,ESP,2008
1697,800775903,Alexander Pierce,USA,2009
1698,800770030,Sean  Jonathan Taruberekera,ZIM,2010
1699,800755419,Myles Munotida Murindagomo,ZIM,2010
1700,800672569,Ryan Iacob,GBR,2008
1700,800664597,Kenta Arai,JPN,2008
1702,800695570,George Margiev,RUS,2008
1703,800598947,Matija Brajkov,SRB,2008
1704,800742359,Thamma Kosiri,THA,2011
1705,800721347,Kingsley Amenuveve Alormenu,GHA,2010
1706,800762342,Tyler Tani,JPN,2012
1707,800720242,Anurag Shourya Kallambella,IND,2010
1708,800670152,Stefan Djokic,SLO,2010
1709,800694397,Maksym Ivashko,SVK,2008
1710,800672758,Tobias Lassacher,AUT,2008
1711,800719518,Mario Lopez,GUA,2009
1712,800670352,Rangga Wisnu Kresna Rafansyah,INA,2008
1713,800677738,FRANCISCO FORMICA ARREGUEZ,ARG,2008
1714,800638530,Toby Ward,GBR,2008
1715,800728718,Abhivadya Misra,IND,2009
1716,800646127,Hyojin Ha,KOR,2009
1717,800598000,Simon Jurica,JPN,2008
1718,800625880,Arjan Singh Dhami,SGP,2008
1719,800688579,Abner Pulin Yu,USA,2011
1720,800704246,Oscar Jusufagic,SWE,2009
1721,800636098,Cassius Haye,GBR,2008
1722,800735673,Tommy Camus,AUS,2011
1723,800667744,RYOTA TERAUCHI,JPN,2010
1724,800788437,Nathan Rato,AUS,2009
1725,800648066,Dario Carballal Figaredo,ESP,2008
1726,800711299,Om Kumaran Chinnaswamy,AUS,2008
1727,800661259,Kerem Genc,TUR,2010
1728,800594059,Iulius Maximus Stoica,ROU,2008
1729,800697190,Channamallikarjuna Yale,IND,2008
1730,800754177,Guo jiaming,CHN,2009
1731,800667524,Franco Arancibia Churqui,BOL,2010
1732,800741620,Tendekai Dylan Musabaeka,ZIM,2009
1733,800770001,Siddharth Bharadwaj,USA,2008
1734,800816374,Shuoze Sun,CHN,2010
1735,800765326,Komang Bagus Wahyu Purustama,INA,2012
1736,800742071,RYOSUKE KOBAYASHI,JPN,2009
1737,800691287,Danilo Gruic,SRB,2008
1738,800733253,Danylo Glinnyi,CAN,2010
1739,800763480,Grant Kleppinger,USA,2008
1740,800660311,Hueseyin Tuna Cavus,TUR,2009
1741,800663936,Lyuben Hubenov,BUL,2009
1742,800667227,Rafael Gheorghe Marin,ROU,2009
1743,800719534,Andre Lam Jun Bart,HKG,2009
1744,800595781,Vuk Krstajic,MNE,2009
1745,800692529,Oliver Wennerstad,SWE,2009
1746,800677619,Benjamin Jose Tovo Tironi,ARG,2009
1747,800806259,Marcos Valent Guazzora,ESP,2008
1747,800846992,Aryan Ponugoti,USA,2010
1749,800692052,Ronan Doyle,IRL,2010
1750,800677862,Paulo Gonzalez,COL,2009
1751,800592457,Salidin Rama,KOS,2008
1752,800649877,Zohaib Afzal Malik,PAK,2010
1753,800598959,Kaushik Arunkumar,IND,2008
1754,800635334,Heorhiy Piralov,UKR,2009
1755,800765319,Ryder Danis,CAN,2011
1756,800773636,Parth Chitroda,AUS,2010
1757,800671538,Massimiliano Fucile,ITA,2009
1758,800705255,Juan Diego Pulido Topaga,COL,2011
1759,800708841,Rastin Akbari,IRI,2010
1760,800753804,Aidan Peskin,USA,2009
1761,800628883,Thiago Mauricio Solis Bustamante,BOL,2008
1762,800686426,Joao Mendes,BRA,2009
1763,800649455,Eivind Roeed Rise,NOR,2008
1764,800794040,Xinlei Fu,CHN,2009
1765,800684589,Nishith Rajesh,USA,2008
1766,800673195,Johann Schick,GER,2010
1767,800687226,Eunho Park,KOR,2010
1767,800654506,Matsvei Zharyn,BLR,2010
1769,800707309,Maksymilian Puchalski,POL,2009
1770,800709101,Libi Levy,ISR,2011
1771,800726193,Muhammad Hassan Usmani,PAK,2010
1772,800750218,Chukwudubem Amasiani,NGR,2011
1773,800667972,ALIREZA MOGHADDASISIBAKI,IRI,2010
1774,800689702,Omar Salama,EGY,2008
1774,800639228,Christian Henkel,GER,2008
1776,800670920,Santiago Mora,VEN,2010
1777,800675037,Joaquin Romeo Rock Friedrich,GER,2010
1778,800668613,Bogdan Yatsuta,UKR,2010
1779,800719269,Patcharaphol Leekul,THA,2011
1780,800745474,Luis Manuel Abella Alcalde,MEX,2009
1781,800712306,Tristan de Cande,CAN,2010
1782,800779003,Elisha Ishaku Kwange,NGR,2008
1782,800709900,Akseli Finnila,FIN,2010
1784,800688045,James McMillan,IRL,2010
1785,800747640,Jeff Okuku Hesbon,KEN,2010
1786,800674621,Nemanja Todoric,BIH,2008
1787,800758106,Bradley Tafara Nyamunokora,ZIM,2009
1788,800600577,Gyudan Lee,KOR,2008
1789,800697479,Rishvanth Krishna,USA,2008
1789,800841679,Adrian Sharma,USA,2010
1791,800760345,Jannik Spindler,AUT,2010
1792,800719715,Jose Alejandro Segreste Escalona,MEX,2008
1793,800800873,Kai Coghlan,AUS,2010
1794,800808078,Santiago Ripoll Musi,MEX,2011
1795,800786609,Nicholas Mitsinikos,AUS,2010
1796,800741912,Miguel Baquero,DOM,2011
1797,800708454,Yutaro Otsuka,JPN,2011
1798,800706621,Anton Talama,UKR,2010
1799,800848815,Jaidyn Finley,USA,2009
1800,800746955,Daniel Wendel,BRA,2010
1801,800725465,FERNANDO ELIAS INOSTROZA,ARG,2009
1802,800720824,Amine Jabrani,MAR,2008
1802,800598403,Dragos Mihai Mone,ROU,2009
1804,800678180,ADRIAN MOLINO VALIDVIA,ESP,2010
1805,800791570,Luis Rogelio Madrazo Morales,MEX,2010
1806,800652294,Alexandre Bobiere Rivero,BOL,2008
1807,800665866,Vuk Pantic Crncevic,SRB,2009
1808,800727582,ELLOUZE MOHAMED,TUN,2008
1809,800695891,Moncef Denguezli,TUN,2008
1810,800670829,Bahgat Bahgat,EGY,2008
1811,800782475,Lucas Lin,AUS,2009
1812,800671165,Andrey Lee,RUS,2011
1813,800751525,Christian Joseph,AUS,2011
1814,800591875,Arthur Tagirov,RUS,2008
1815,800784858,Justin-Li Moroney,NZL,2010
1816,800692188,Diego Pesciotta,USA,2009
1817,800625716,Bexruzjon Baxshillaev,UZB,2008
1818,800694598,Lethaeesh S Kombila,IND,2008
1819,800722737,Enzo Prediger,BRA,2010
1820,800757091,Jonathan Roth,AUT,2010
1820,800742019,Emryk Crete,CAN,2008
1822,800705067,Matthew Jian Hao Lee,CAN,2008
1823,800656657,Ayan Shetty,IND,2009
1824,800764504,Angad Singh,CAN,2009
1825,800802946,Xiande He,CHN,2011
1826,800662643,Leonardo Cicchinelli,ITA,2010
1826,800697789,Tommy Fitzgerald,IRL,2008
1828,800729246,David Hjelmberg,SWE,2008
1829,800728181,Justino Rodrigues,ANG,2008
1830,800732969,Fares Belamiri,ALG,2008
1830,800762676,Saif Hashem,JOR,2011
1830,800700764,Ali Nabil Amed,CMR,2009
1833,800672361,joseph Phitoussi,FRA,2010
1834,800643207,Ayush Poojary,IND,2009
1835,800693603,Andrey Tkachenko,RUS,2010
1836,800649676,Ran berger,ISR,2009
1837,800663632,Daksh Kukreti,IND,2008
1838,800652526,Juan Camilo Rodriguez Rodriguez,COL,2009
1839,800675275,Jeronimo Neira,COL,2008
1840,800675273,Gerardo Mejia,ESA,2008
1841,800648792,TUDOR ALEXANDRU PREDA,ROU,2010
1842,800663504,Maximus Kawabata,CAN,2008
1843,800798552,JOAO PEDRO NARDI,ITA,2010
1843,800784092,Octavio Calvetty,ARG,2009
1843,800759477,Rex Kulman,USA,2012
1843,800773507,Arshia Shafiee,IRI,2009
1843,800711943,Ramtin Rafeei Boroujeni,IRI,2011
1848,800714354,Gowtham Shanmugasundaram,IND,2008
1848,800695049,Vincent Almroth,SWE,2009
1850,800581488,Antonis Malavazos,GRE,2008
1850,800733155,Luka Radosavljevic,CAN,2010
1852,800775457,Kushagra Arora,IND,2010
1852,800698375,Santiago Simon Santi,MEX,2008
1852,800671179,alberto nicolini,ITA,2009
1855,800644972,Egor Polin,RUS,2008
1856,800699907,Rafael Brown,CAN,2008
1856,800728091,Saahil Gupte,USA,2008
1858,800771742,Raj Pisal,USA,2009
1859,800692178,Nacho Cepeda Martinez,ESP,2008
1860,800677340,RYUSEI TANI,JPN,2008
1861,800676477,Boris Borisov,BUL,2010
1862,800758927,Levi David Marks,RSA,2009
1863,800698791,Ian Sweeney,USA,2009
1864,800779161,Jairo Hernando Castaneda Moncada,COL,2008
1865,800591122,Pau Berto Bosca,ESP,2008
1866,800748398,Adam Mohamed Mostafa Mohamed Mohamed,EGY,2008
1867,800691038,Max Lorincik,SVK,2011
1868,800635726,Mick Rupprath,GER,2008
1869,800592831,Doruk Elbirlik,TUR,2008
1869,800751261,TIANCHENG LI,CHN,2010
1871,800694374,Tomas Glos,SVK,2008
1872,800623549,Jun Woo Ye,KOR,2008
1873,800643848,Luca Maria Pomilio,ITA,2009
1874,800695251,Amrit Dhankar,IND,2008
1875,800706303,Bennet Zuendorf,GER,2008
1876,800625020,Nam Nguyen,VIE,2008
1877,800713282,Francisco Moreno Rico,MEX,2008
1878,800597889,Herbie Morris,GBR,2008
1879,800762826,Alejandro Marco,ESP,2010
1880,800687254,Andrei Kitchoukov,CAN,2009
1881,800693880,Ali Sherif Abdellatif,EGY,2008
1882,800705846,Benjamin Perreault,CAN,2009
1883,800752921,Miki nobel Igiraneza,BDI,2009
1884,800661651,Brian Kriesi,SUI,2009
1885,800743579,Noah Brunner,AUT,2009
1885,800719898,Joao Ogando Monteiro Machado,BRA,2008
1887,800767194,Ismail Ouled abbou,MAR,2008
1887,800791519,Jonah Ssentongo,UGA,2009
1889,800660131,vincenzo curinga,ITA,2010
1890,800759305,Zihao Liu,CHN,2008
1891,800710843,Luke Basiji,CAN,2009
1892,800596720,Marco HOFER,AUT,2008
1892,800775059,Maddox Iliescu,USA,2010
1894,800581603,Ivan Bolzan,BLR,2008
1895,800705068,Praneeth Reddy Chittepu Doragari,IND,2010
1896,800603715,Narcis Alexandru DAMIAN,IRL,2009
1897,800662741,TOMMASO ROSSO,ITA,2009
1897,800810285,Antonio Guarcax,GUA,2008
1897,800844338,Ziche Chen,TPE,2012
1900,800798558,Zach Jenoudet,FRA,2009
1900,800731116,Yash Kumar,IND,2011
1902,800720383,Neel KELKAR,IND,2009
1903,800695471,Luka Cowles,AUS,2009
1904,800713387,Sergio Elian Walther Mereles,PAR,2008
1904,800740719,Zicong Wang,CHN,2008
1906,800691776,Pablo Martin Weinberg,ESP,2008
1907,800662924,Artur Carvalho Rocha,BRA,2008
1908,800726302,Eric Patrick Sigauque,MOZ,2008
1909,800793868,Raul Bardac,ROU,2008
1909,800602160,Alexander Haage,GER,2008
1911,800598609,Dominykas Grusas,LTU,2009
1911,800722263,Arya RC Thirumurthi,USA,2009
1911,800721383,Myeongdo Jang,KOR,2010
1914,800589160,Federico Pugliese,ITA,2008
1915,800703074,Adam Patry,CAN,2008
1916,800657171,John Kendrick Bona,PHI,2008
1917,800652589,Vicente Paniagua,BOL,2008
1918,800747702,Morgan Lee,CAN,2009
1919,800724202,Viktor FOURCROY,FRA,2011
1920,800697671,RYO KIKAWA,JPN,2009
1921,800849837,Basit Abdul,PAK,2009
1921,800675775,Brennan Coletta,GBR,2010
1923,800695715,Eduardo Heineberg,BRA,2008
1923,800661359,Alexandru Gliga,MDA,2008
1925,800765324,Amaury Blondet,PUR,2010
1926,800601592,Ivan Stepanov,SUI,2009
1927,800767241,Noah Bayon,USA,2008
1928,800729036,Jose Eduardo Gonzalez,MEX,2009
1928,800594277,Olaf Zielinski,LUX,2009
1930,800594736,Theodor Kraytchev,GBR,2008
1930,800667722,Islambek Almazbekov,KGZ,2008
1932,800715267,Mateus Bozzini Pisani,BRA,2009
1933,800696845,Vittorio Gillerio,ITA,2008
1934,800724355,Ignacio Mejias,VEN,2011
1934,800697546,TRISTAN DUCROS,FRA,2012
1934,800713434,Manan   Rai,IND,2010
1937,800676473,VACLAV BARINA,CZE,2011
1937,800704187,SHASHANK SAI PRASAD KARNATI,IND,2009
1939,800725659,Elio Alexander Mella Cabrera,DOM,2008
1939,800773469,Chi Shun Aiden Chan,HKG,2010
1941,800760376,YU-CHUN WANG,TPE,2008
1941,800791183,Ghali Erraji,MAR,2011
1943,800636907,Dawid Kielb,POL,2008
1944,800675323,Simon Holzfeind,AUT,2009
1944,800784215,Yanis Roch,CAN,2009
1946,800736607,Akam Bakr,IRQ,2008
1946,800719198,IGNACIO MOYA,CHI,2009
1948,800702487,Adib Hazzan,ISR,2008
1949,800654813,Anatoliy Tsybulko,KAZ,2009
1950,800695648,Narathip Rueangsri,THA,2008
1951,800678064,PLATON KOVALYOV,KAZ,2010
1951,800670026,Takumi Matano,JPN,2009
1953,800841914,David Bayat,USA,2008
1954,800802548,Wei-Cheng Tang,TPE,2010
1954,800678891,Yecheng Mei,CHN,2008
1956,800657285,Stefan Shangichev,ESP,2011
1957,800756612,Lorenzo Maria Archenti,ITA,2008
1958,800674463,yasser ajroud,TUN,2009
1959,800602043,Stefan Puiu,ROU,2009
1960,800769678,Yitian Lou,CHN,2011
1961,800758192,Scott Yates,GBR,2010
1961,800631746,LUCA FASCIANI,ITA,2008
1963,800715667,Ayaan mohammed khan Tareen,IND,2008
1963,800808253,Thomas Nailer,GBR,2008
1965,800724557,elias abou rahal,LBN,2011
1965,800721882,Yann Elefteriades,LBN,2010
1967,800595395,Nikolay Bunchev,BUL,2008
1968,800829869,Nirbhay Agarwal,USA,2010
1969,800743451,Kai-Cheng Tsai,TPE,2009
1970,800648111,Bobbi Platenburg,NED,2009
1971,800638739,Lucas Wing Chun LEE,HKG,2008
1972,800786293,Gwan Woo Lee,KOR,2010
1973,800661710,Noel Kim Bachmann,SUI,2010
1974,800638873,Lukas Korsstrom,FIN,2009
1975,800752722,Enzo Yabiku,BRA,2008
1976,800781859,Guillermo Andres Rodriguez,DOM,2009
1977,800774270,Cemdeniz Gun,TUR,2009
1978,800678463,Fernando Carrillo Jimenez,MEX,2008
1979,800683528,Aleksandr Chernukhin,RUS,2011
1980,800711202,Tommy Penev,CAN,2010
1981,800706792,Nail Osmanov,UKR,2009
1982,800679539,Filip Cierny,SVK,2010
1982,800734042,Tyler Guinness,SUI,2011
1984,800693955,Manuel Matesic,CRO,2010
1985,800639546,Arian Chehrazi,IRI,2009
1985,800660635,Dimitar Topchiyski,BUL,2010
1985,800719224,Bohodistyi Hrihorii,UKR,2010
1988,800645689,Mathias Merve,FIN,2009
1989,800648257,Yannick Julius Swoboda,GER,2010
1990,800601039,Matei Daniel Stan,ROU,2008
1990,800622541,Henrik Thomas Neuss,GER,2008
1992,800750954,Dan Schwartz,MEX,2009
1993,800683792,URI STRETINER,ISR,2010
1994,800599800,Maximilian Schlawitz,SWE,2008
1995,800636080,Allen Leong,SGP,2009
1996,800674465,Ismail Rebai,TUN,2010
1997,800730875,Luke Morgan,JPN,2009
1998,800731530,Maxence Destappe,FRA,2011
1998,800661377,Tudor Stefan Ionescu,ROU,2009
2000,800680367,Chris Yarak,AUS,2008
2001,800653762,Nikolai Hammersmark Gjervan,NOR,2008
2002,800694211,itamar portal,ISR,2009
2002,800705805,amit keinan,ISR,2010
2002,800764402,Daniel Nii Norkwei Adom,GHA,2009
2005,800741640,Jang Jun Lee,KOR,2009
2005,800816847,Run Ze Shi,CHN,2010
2005,800559154,Temudzhin Iskandirov,KAZ,2008
2008,800647361,Mihajlo Radman,SRB,2009
2009,800643312,Mert Efe Zaim,TUR,2009
2009,800733241,Enzo Bollee,FRA,2009
2011,800777437,Alejandro Calles,MEX,2008
2012,800672659,Kevin Schnell,AUT,2008
2013,800694930,Juan Pablo Gomez,MEX,2009
2014,800783305,Pau Valles Parera,ESP,2008
2014,800800333,Harry Cook,GBR,2008
2016,800649807,Tymofii Trushenov,UKR,2009
2017,800705482,Ziheng Wang,CHN,2009
2017,800733640,Precieux David Gandonou,BEN,2008
2017,800739636,Paranjay Siwach Paranjay,IND,2011
2020,800782408,Emmanuel Martinez Reza,MEX,2010
2021,800824223,Rafael Sharapov,RUS,2010
2021,800767029,Julian Garcia,GUA,2010
2023,800710243,Aaradhya Mhasde,IND,2010
2024,800709169,Aleksander Bialowolski,POL,2008
2024,800643128,Wouter van Hillegersberg,NED,2009
2024,800626802,MARC NAVARRO GAMUNDI,ESP,2008
2027,800657281,Olivier Domagalski,GBR,2008
2027,800756313,Yassin AlSayed,EGY,2010
2029,800823515,Soulaimane Jamji,MAR,2012
2030,800757772,Noah BOVAGNET,FRA,2009
2031,800729535,Yat Long So,HKG,2010
2031,800746014,Daiki Ando,JPN,2010
2031,800759720,Rakshan Bajaj,IND,2009
2031,800755865,Tingshuo Wang,CHN,2009
2035,800711502,VINICIUS AMANN SILVEIRA,BRA,2009
2036,800785525,Lasse Boysen,GER,2008
2036,800675743,NIKOLAS ZACHOS,GRE,2008
2038,800683484,Kanato Maruyama,JPN,2009
2039,800730743,Reuben Lerm,RSA,2008
2039,800739274,Mario Enrique Rivera Zuniga,HON,2009
2041,800695991,Barack Carballo,ESA,2009
2042,800687496,Luca Alexandru Marc,ROU,2010
2042,800630842,Serban Rus Apan,ROU,2009
2042,800590851,Alexey Zhilkin,RUS,2009
2045,800731797,Oskar Sirotek,CZE,2008
2045,800665559,Advit Tiwari,IND,2009
2047,800644891,Cristian Antoniu Chiciudean,ROU,2008
2048,800685054,Daniel Bakonyi,HUN,2008
2048,800665009,Antoni Szary,POL,2009
2050,800734731,Kenzo Marcus Brodeth,PHI,2009
2051,800675835,Keiju Yuto,JPN,2011
2052,800714209,Rushil Seewoosurrun,MRI,2008
2053,800770929,Wadi Gankama,FRA,2008
2054,800768528,Kabir Parmar,IND,2011
2054,800739133,Gabriel Ghostine,LBN,2011
2054,800846317,Jalal Ataya,LBN,2009
2057,800730012,Alexandre Picard,FRA,2009
2057,800668595,Oskari Jaemsae,FIN,2010
2057,800589988,Ratmir Pulkevich,KAZ,2009
2060,800693542,Roman Filipovic,AUS,2010
2060,800697521,Antonio jimenez,MEX,2009
2062,800845031,Edward Kojo Donkor,GHA,2011
2062,800727658,Matthew TAY,SGP,2011
2064,800707315,Saksham Bhansali,IND,2009
2065,800768634,Jose Anibal Martinez Mendoza,GUA,2010
2066,800685196,Sky Reginiano,ISR,2009
2066,800630914,Denis Valentin Dragomir,ROU,2008
2068,800640077,Brian Dimov,BUL,2009
2069,800707825,Jakub Zagol,POL,2008
2070,800706334,Ryan Ye,AUS,2009
2070,800704428,Niel Erasmus,RSA,2008
2072,800796606,Younis Mohamed Hussien Moawad,EGY,2010
2073,800661402,Evan Lendrum,GBR,2009
2074,800636004,Kai Matsumoto,JPN,2008
2074,800587771,Daniel Joita,GBR,2009
2076,800674874,Juraj Kovacik,SVK,2010
2076,800737648,Kubherane Mayooran,SRI,2010
2076,800602482,Nathan McGarvey,GBR,2008
2079,800664546,Patrick Voljavec,CRO,2010
2080,800676049,Daniel Rocha,COL,2009
2080,800699579,Cinar Senkaya,TUR,2011
2082,800691044,Afonso Coutinho,POR,2010
2082,800668625,ANGELO DE CESARIS,ITA,2008
2084,800813969,ANDRE TORO,BOL,2009
2085,800643816,Lucas Hoerhager,AUT,2008
2086,800638381,Sebastian Heinrich,GER,2009
2087,800753623,Max Edwards,AUS,2010
2088,800809862,Mbali Ndlabu,RSA,2010
2088,800660828,Misha Botelho,POR,2010
2088,800679786,Alexander Drogin,RUS,2009
2091,800718444,Dante Parreira,AUS,2009
2091,800707753,Daniel Dong,CAN,2009
2093,800651395,Athos Karakatsianis,CYP,2010
2093,800660664,Sergey Artemev,RUS,2011
2093,800664119,Ramazan Shagatayev,KAZ,2008
2096,800585667,Yaroslav Pshenichniy,KAZ,2009
2096,800789672,Christopher Manton,AUS,2012
2098,800705756,Andrew Schwer,IRL,2009
2099,800646227,Seungjun Yu,KOR,2009
2100,800819473,Ren Hino,JPN,2010
2100,800732427,Ezzeddine Boudhina,TUN,2009
2102,800751931,Arsenii Opryshko,UKR,2008
2102,800659987,Vedant Gundu,IND,2008
2104,800683988,Roey Silberberg,ISR,2011
2104,800811289,Juvan Van Pletzen,RSA,2011
2106,800823984,Joakim Jonathan Deva,CMR,2012
2106,800739634,Loic Moreau,MRN,2009
2108,800687966,Liam de Bruijn,NED,2010
2108,800700451,Lucciano Guillermo Campbell Perez,PER,2009
2108,800680165,Sugwang Bae,KOR,2009
2111,800672871,Martin Rodriguez Pellicena,ESP,2009
2112,800675336,MARC MARTIN ROCA,ESP,2009
2112,800771244,Darren Wei,USA,2008
2114,800811875,Liam Howes,NZL,2010
2115,800759106,Elijah Johnson,USA,2008
2115,800726346,Davi Araujo De Sousa,BRA,2010
2115,800672947,Marin Abadzhiev,BUL,2009
2115,800668344,SOICHIRO NUMAJIRI,JPN,2011
2119,800782171,Fredel Novella,MEX,2010
2120,800758046,Alexandar Minori Stula,JPN,2008
2120,800656612,CHONTENG LI,MAC,2010
2120,800631702,Yarden Shalom Gamliel,ISR,2009
2123,800579554,Rafael Behr,CRO,2008
2124,800733301,Haoran Hu,CHN,2008
2125,800645241,Nahsen Omer Bayindir,TUR,2009
2126,800678724,Alexander Chmielewski,SWE,2010
2126,800758898,George Wills,AUS,2009
2126,800843937,Miroslav Jarolim,CRC,2009
2129,800728035,Javier Gonzalez Leal,MEX,2008
2129,800661967,Stefano Palanza,ITA,2010
2131,800721581,Sepehrad Khademi Zade,IRI,2010
2132,800819508,Aminu Ibrahim,NGR,2008
2132,800803715,Hope Amartey K,GHA,2009
2132,800780013,Gabriel Karam,USA,2009
2135,800631914,Federico De Matteo,ITA,2009
2136,800654425,Jose Dronov Merlo,ESP,2010
2136,800702195,Franco Del Vecchio,ARG,2010
2136,800721887,Paulo Goncalves Cotrim Dias,BRA,2010
2136,800751869,Musa Mamud,NGR,2010
2140,800662743,Mateusz Nowak,POL,2009
2140,800654653,Milosz Szczypka,POL,2010
2142,800819792,Franco Baeza Martinez,MEX,2011
2143,800584058,Hugo Narmont,EST,2008
2144,800783831,Lian Kuhn,NAM,2009
2145,800690314,Ahmed Zaghloul,EGY,2008
2146,800692628,Patrick Eklund,SWE,2009
2146,800587315,Kirill Chernyshev,RUS,2008
2148,800778184,Klim Kasintsev,RUS,2008
2149,800699976,Cedrick Lanyuy NDINKWA,CMR,2009
2150,800727701,Andre Harnadi,SGP,2010
2151,800663285,Georgi Georgiev,BUL,2010
2152,800720749,Henrik Aamann,NOR,2010
2153,800654568,Marsel Alexeyev,KAZ,2009
2153,800632275,Thirumurugan Viswanathan,IND,2008
2153,800656378,Rafael Montalvo Galarza,ECU,2009
2153,800659406,bekir devran esendagli,TUR,2011
2153,800706772,Sarthak Ashok Gaikwad,IND,2009
2153,800788389,Jerome Monnard,SUI,2010
2153,800778808,Ahmet Emir Onur,TUR,2009
2153,800766398,Alexander Lerman,USA,2010
2161,800594735,Sumer Mehta,IND,2008
2162,800657274,Madhav Dixit,IND,2008
2162,800732180,Hung-Jui Chen,TPE,2009
2164,800719489,ANTHONY DAVID VASQUEZ SANDOVAL,GUA,2009
2165,800803552,Elijah Mireles,USA,2008
2165,800599161,Eric Morna,ROU,2008
2167,800777433,Andres Guillermo Narcio Vazquez,MEX,2010
2168,800603820,Matei Eser Korkmaz,ROU,2008
2169,800763169,Jinxuan Cheng,CHN,2010
2170,800733468,Malay Keyurbhai Minjrola Keyurbhai Minjrola,IND,2009
2171,800676756,Jordi Fernandez Rodriguez,ESP,2010
2171,800672165,Thanos Heropoulos,GRE,2010
2173,800670977,Thomas Grevoul,FRA,2011
2174,800595913,Ian Boloban,BIH,2008
2174,800661738,Darius Dorin,ROU,2010
2174,800647882,Maksymilian Zurek,POL,2009
2174,800731281,Luca Aranha Ashcar,BRA,2010
2174,800814074,Christofer Jair Nunez,HON,2011
2179,800783497,Sam Mitchell,AUS,2010
2179,800588512,Artem Khusanov,UZB,2008
2181,800659926,Michael Genethliou,CYP,2010
2181,800706127,Macario Reyna,MEX,2009
2181,800821461,Korto Rius,FRA,2008
2181,800738983,David Santiago Higuera Alfonso,COL,2010
2185,800643045,Yegor Sorokin,KAZ,2009
2186,800724182,Eli Dieveney,USA,2008
2187,800672080,William McCartney,BAH,2008
2188,800756258,Kudiwanashe Matambo,ZIM,2009
2189,800711375,James Vynald Ryle Aquino,PHI,2008
2189,800709055,Nile ung,USA,2009
2191,800597663,Jeong Won Kwon,KOR,2008
2192,800590657,Arthur Lenglet,FRA,2009
2192,800638581,Pietro Sala,SUI,2009
2194,800646615,Muhammad Haziq Aasim,PAK,2009
2195,800772774,Daniel Esquivel,CRC,2009
2196,800843308,Karan B Thapa,NEP,2009
2196,800831888,Samuel Okello,UGA,2011
2196,800701002,PAUL GHIMBASAN,ROU,2010
2199,800757252,Tabb Tuck,USA,2010
2200,800659950,Arsh Walke,IND,2010
2201,800787871,Sarvar Atabaev,UZB,2010
2202,800704581,Napradh Lalai,THA,2011
2203,800792054,Jiajun Zhang,CHN,2011
2204,800749962,Ayomide Oduwaye,NGR,2008
2204,800726811,Aidan Clarke,BAR,2008
2204,800654255,Martin Baquero,ECU,2009
2207,800738228,Lucas Sebastian Go,PHI,2010
2208,800792472,Hady Rabih,PAR,2008
2208,800844943,Gabriel Vergara,BRA,2008
2208,800590067,Marc Sampol Valverde,ESP,2008
2208,800625288,Sacha Piveteau,FRA,2009
2208,800688232,Aron Svensson,SWE,2008
2208,800694577,Maximo Burgio,ARG,2008
2214,800630109,Eneas Burde,AUT,2009
2215,800703453,Ruben Yssel,NAM,2008
2215,800682847,Daeheon KANG,KOR,2009
2217,800716135,Ido Eshkol Bruck,ISR,2011
2218,800660969,Samuel Alexander Krajcir,SVK,2009
2219,800755740,Kirill Asunin,RUS,2008
2219,800817445,Duarte C Rego,POR,2009
2221,800793656,Cooper Cruz Western,USA,2010
2222,800688849,Benjamin Herbert Kamps,NOR,2009
2223,800785606,Rares Ioan Poiana,ROU,2008
2223,800779534,Richard Luptak,SVK,2009
2223,800812079,Junhao Chen,CHN,2008
2223,800731999,Salvatore Soepardi,AUS,2009
2227,800671810,Joris van Linde,NED,2010
2228,800712357,Emanuele Pilotto,ITA,2011
2229,800690646,MATEO DE AVILA TOMINOVIC,BOL,2008
2230,800576442,Denis Navolokin,RUS,2008
2231,800808351,London Vasilescu,USA,2008
2231,800762586,Juan Parrilla,ARG,2008
2231,800750022,Alexander Bell,RSA,2009
2231,800735031,Runqi Yang,HKG,2009
2231,800677858,Jayden Yu,USA,2008
2231,800668078,Ilko Malinov,BUL,2009
2231,800702659,Gota Inoue,JPN,2010
2231,800638988,Simardeep Sawhney,IND,2008
2239,800595823,Jorge Vanine,POR,2008
2240,800663778,Sherif Elnomrosy,EGY,2008
2240,800670136,Heorhii Hryshchenko,UKR,2008
2240,800709308,Shota Miyamoto,JPN,2009
2240,800834020,Blaise Allan,AUS,2008
2240,800768247,Achyuth Binu,USA,2009
2240,800751815,Alex Anderson,AUS,2008
2240,800745271,Ohad Cohen,ISR,2009
2247,800847109,Yueh-Tse Wu,TPE,2010
2248,800656579,Romulo Gaier,BRA,2008
2248,800709955,Amir Alshobaki,JOR,2010
2248,800654249,Nemanja Sapic,SRB,2008
2248,800773909,Timotej Rodosek,SLO,2008
2248,800826099,Vincenzo Palmiotto,USA,2010
2253,800670505,Joseph Owen Lauw,INA,2008
2253,800672095,Kian Kren,AUT,2010
2253,800737750,Swatanter Veer Singh Kajal,IND,2008
2256,800772838,Jake Weiss,USA,2010
2257,800724453,Raul Sanchez Romero,ESP,2008
2257,800684967,Fahd Myel,MAR,2009
2257,800694761,Diego Santiago,ESP,2008
2257,800569539,Deniz Kaan Gungor,TUR,2008
2261,800590653,Alexey Ryabov,RUS,2009
2261,800695710,Lionel Hermans,BEL,2011
2263,800715292,Mateo Sebastian Castillo Rodriguez,ECU,2008
2263,800778001,Daniel Kamhi,CAN,2011
2263,800663583,Paolo Mangiante,ITA,2009
2263,800655938,Kirill Navolokin,RUS,2010
2267,800652411,Nikas Nikolaenko,UKR,2008
2267,800627671,Ludwig Tolf,SWE,2009
2269,800778452,haoyuan li,CHN,2010
2270,800695208,Enzo Badotti Cariani,BRA,2009
2270,800746053,Kevin Cayetano Batoure,ESP,2010
2270,800656559,Marko Kovtunovskyi,UKR,2010
2270,800823746,Jeff Frimpong,GHA,2012
2270,800769064,AKRAM RAMTAKH,MAR,2010
2275,800688915,Mohamed Selim Ben Romdhan,TUN,2009
2276,800664903,Nacer GHOULI,ALG,2010
2276,800676942,Tomas Wirgler,CZE,2009
2276,800750206,Sekani Vara,RSA,2008
2276,800802347,Tim Sarkanj,SLO,2011
2276,800777313,Tomas Blanco,ARG,2008
2281,800698386,Fox Rogers,USA,2008
2281,800711534,PETAR BILETIC,BIH,2009
2283,800645747,Mustafa Ege Topbas,TUR,2008
2283,800736473,Pablo Ernesto Tovar Alvarado,MEX,2009
2283,800750043,Cameron Corbett,RSA,2008
2286,800732394,Fabio Ernesto Arellano Marrone,ITA,2008
2287,800698350,Mohamed rayen Jdir,TUN,2010
2288,800764388,Aidan Shokrani,CAN,2008
2289,800687761,Hanlin Yao,CHN,2008
2290,800695597,Ignacio Garnier,CRC,2008
2291,800762524,Amine Fahim,MAR,2010
2292,800723390,Matias Cruz Rava,MEX,2009
2292,800699616,Kristian Stefanov,BUL,2009
2294,800760270,Gedeo Murinzi,RWA,2008
2295,800644184,Sebastian Faga,SVK,2009
2296,800664787,Jayden Oladimeji,GBR,2010
2296,800635765,Giorgi Gvardzelashvili,GEO,2008
2298,800703505,Filippo Mizzi,ITA,2009
2299,800643641,Adrian Cavero Virreira,BOL,2008
2300,800667889,Vilius Vaskys,LTU,2010
2300,800733457,Jiaxin Zong,CHN,2008
2302,800656458,Patrik Semenic,SLO,2009
2303,800591948,Nael Hakiki,MAR,2008
2303,800712952,Simon TREMOLIERES,SGP,2008
2303,800714019,Reagile Diraditsile,BOT,2009
2306,800783907,Youssef Hakmi,MAR,2011
2307,800826599,Luca de Calice,USA,2010
2307,800759120,Gabriel Cury,BRA,2008
2307,800698514,AMIRKASRA RANJBAR,IRI,2012
2310,800725592,Ho Wan Yeung,HKG,2012
2310,800737261,Chanapat Pisutharnonth,THA,2008
2310,800672183,Lourenco Correia,POR,2010
2310,800596267,Se Hun Kim,KOR,2008
2310,800734368,Daniel Oleary,IRL,2009
2315,800638801,Emir Erim,TUR,2009
2315,800670769,Toine Duindam,NED,2009
2317,800695169,Mehdi Abdennabi,TUN,2008
2317,800621069,Niksa Smiljanic,BIH,2008
2317,800799172,Jakub Jedryka,POL,2009
2320,800693460,Hridhay Hridhay,IND,2008
2321,800676805,Kirill Chystikov,UKR,2008
2322,800751156,Daniel Rutorov,GBR,2009
2322,800662821,Jose Tomas Leon,ECU,2008
2324,800768080,Hongyi Ding,CHN,2009
2324,800599501,Apostolos Tzimkas,GRE,2008
2326,800751094,Ivan Sknarin,BLR,2009
2327,800579808,Aubin Rouillon,FRA,2008
2327,800693464,Neev Ravi Kothari,IND,2008
2327,800672477,Alexander Andrei,CAN,2008
2327,800664714,UDAY Kaul,IND,2008
2327,800659700,maurizio gutierrez,VEN,2008
2327,800643270,Antonio DI RUBBA,ITA,2009
2327,800588322,Antonio Zafra,ESP,2008
2327,800671564,SOTA URANAKA,JPN,2008
2327,800832364,German Samogorodskii,RUS,2008
2327,800716714,Samuel Obido Aryettey,GHA,2010
2327,800711741,Koji Tsukamoto,JPN,2008
2327,800733032,Hanzhe Wang,CHN,2008
2327,800729528,Shiv Mohan,HKG,2011
2327,800768620,Lucas Colozza,CAN,2008
2327,800756228,Bernardo Sardao E Saloca,BRA,2010
2327,800624025,Carl-Philip Monnet,FRA,2009
2343,800780901,Danila Emdin,SRB,2009
2343,800723313,Linus Zuercher,SUI,2010
2345,800706840,Yusei Hayashi,JPN,2009
2345,800682566,Jake Khera,USA,2008
2345,800631606,LUKA KIROVSKI,MKD,2009
2348,800779916,Jui En Tsai,TPE,2011
2348,800688308,Tri Srisen,THA,2010
2348,800708031,Alvaro Lago Furio,ESP,2009
2348,800705930,Hayden Majumdar-Moreau,CAN,2009
2348,800682948,AHMED ALSAYED,BRN,2009
2348,800622205,Ilija Ilic,SRB,2009
2348,800683813,Mark Otto,GER,2009
2355,800696313,Leo Stieber,AUT,2009
2355,800579369,Ferdinand Witting,GER,2008
2357,800806490,Nicholas Christopher Rayner,NZL,2009
2358,800693754,Barna Filipas,SRB,2009
2359,800720557,Daniel Emiliano Rodriguez Hernandez,MEX,2008
2360,800660216,KONSTANTINOS BERNITSAS,GRE,2009
2361,800800514,Calvin Habiyambere,RWA,2008
2361,800799291,Zuwei Chen,CHN,2010
2361,800653885,Enzo Alcoforado,BRA,2008
2361,800696403,KISHORE SRIRAM,IND,2010
2365,800711703,David Horvath,CAN,2009
2365,800761993,Zou Victor,CHN,2008
2367,800675635,Oswaldo Sebastian Carranza Calmet,PER,2010
2368,800696904,ALFONSO COSSIO GONZALEZ,MEX,2008
2369,800717282,Joao Deus,POR,2011
2369,800760375,Ashlin De Silva,SRI,2010
2369,800781115,Rodrigo Leyva,MEX,2010
2369,800643394,Andrii Zolotar,UKR,2009
2369,800699392,Winston Bramley,NZL,2009
2369,800651892,NIKOLAS PETOUSSIS,CYP,2009
2375,800725255,KAISEI UKAWA,JPN,2011
2376,800696232,Ivan Volkov,SUI,2011
2376,800653839,Niccolo Mondini,ITA,2009
2376,800769193,Satvik Santosh,USA,2009
2376,800652202,Alexander Figurovskiy,RUS,2010
2380,800710108,Juan Pablo Irigoin,URU,2009
2380,800601420,Ralfs Upenieks,LAT,2009
2380,800832906,Gbolahan Oluwajuwon Olawale,NGR,2010
2383,800648773,Jonathan Eie,NOR,2009
2384,800693890,Itamar Shneider,ISR,2009
2384,800667765,Luca Lingfeld,AUT,2010
2384,800733523,Ismail Tarek,EGY,2009
2387,800767193,Nithinbarath Ks,IND,2009
2387,800586638,Nikith Korishettru,USA,2008
2389,800803375,Parthiv Nallagundla,IND,2010
2389,800654494,Maksim Sharidoda,RUS,2010
2389,800646429,MARCELO RIVEROS ARAYA,CHI,2008
2392,800811763,Ribhav Saroha,IND,2010
2392,800798022,Zichen Li,CHN,2011
2392,800636045,jungho KIM,KOR,2010
2392,800675665,Lucas Wieser,AUT,2008
2392,800674700,Gwanmu Kim,KOR,2009
2397,800808305,Mateo Gutierrez,ESA,2011
2398,800652058,SEBASTIAN MIRANDA PARRILLA,BOL,2009
2398,800647813,Lukian Grau,GER,2009
2398,800684514,Elai Wiesel,ISR,2011
2398,800697918,Arno Avetisyan,ARM,2011
2398,800694936,Elijah de Getrouwe,NED,2009
2398,800639267,Cedric Belien,NED,2009
2398,800746850,GEONHO KIM,KOR,2011
2398,800776006,ARIE Assaraf,FRA,2009
2398,800777389,Jiheon Ha,KOR,2010
2398,800682022,Adrien Joel Benjamin Hoffmann,GER,2009
2398,800794547,Dan Arch Muteramuhwe,BDI,2011
2398,800841339,Juan Ignacio Ureta Tomas,ARG,2008
2410,800807168,Harsh Marwaha,IND,2011
2411,800792219,Jan Svoboda,CZE,2009
2412,800743430,ENMANUEL FELIX,DOM,2009
2412,800715964,Morgan Tanatswa Mkwanila,ZIM,2008
2414,800767091,yidu Yang,CHN,2009
2414,800843281,Moise Esiso Kumase,COD,2009
2414,800700999,Steve Vuong,CAN,2008
2417,800763253,Donatus Nyaaba,GHA,2009
2417,800739970,Robin Rait Rikberg,EST,2008
2417,800652597,Yeonmu Jung,KOR,2008
2417,800782901,Lary King Nkengafac Tankia,CAM,2009
2421,800741898,Patrick Mactaggart,BAH,2010
2421,800722934,Stephane Lucas,POR,2009
2423,800707245,Stefan Djuricic,CAN,2011
2423,800573227,Milan Jirasek,CZE,2008
2423,800706734,Rishi Makesar,AUS,2009
2423,800715959,Jack Farrell,IRL,2008
2423,800719188,Mauro Mancinelli,ARG,2009
2423,800570426,Fedor Kurilenkov,RUS,2008
2429,800710313,Karen Akhtij,IRI,2009
2429,800692998,Diganth M,IND,2009
2429,800840724,Tucker Rannala,USA,2009
2432,800714580,Jakub Kolowiecki,POL,2010
2432,800719774,Amir Ali Najafi,IRI,2011
2432,800759343,Yefei Song,CHN,2008
2435,800675123,Omar tahiri alaoui,MAR,2010
2435,800792532,Declan Kikanzira,USA,2009
2435,800727058,Mohamed Amine Sebbar,MAR,2011
2435,800712761,Chris Jovan Gubza,AUT,2009
2435,800763495,Jorge Alcalde Miragaya,ESP,2008
2440,800668641,Nils Preger,SWE,2009
2441,800727358,Marwan BEZZAZ,MAR,2009
2441,800747635,dev nandasana,IND,2008
2443,800801489,Lochie Williams,NZL,2009
2443,800688678,Bendik Aadnoy Thorvik,NOR,2008
2445,800782609,Santiago Garcia Puente,MEX,2010
2446,800756641,Qiaoshen Guo,CHN,2009
2447,800629707,Elias Miguel Rozanski Romero,PAR,2008
2447,800820295,Manu Krishna Raj,NZL,2012
2447,800794276,Doron Hirsch,ISR,2010
2447,800794238,Ahmed Maalej,TUN,2009
2447,800777599,Bosko Matovic,USA,2008
2447,800721402,Ishan Dev Sivakumar,IND,2009
2447,800741305,Sviatoslav Hrynovetskyi,UKR,2010
2454,800593832,Gleb Pirogov,RUS,2009
2455,800599117,Jose Ignacio Moreyra,PER,2008
2456,800762652,Arsh Kathuria,IND,2011
2456,800741514,Jeremie Lacides,MRN,2009
2456,800779359,Theerapat Samritvanitcha,THA,2011
2456,800815356,Ishaan Marla,USA,2011
2456,800682502,Arthur Milot,FRA,2010
2456,800675299,Sergio Esquerdo,ESP,2009
2456,800674864,Matheus Taule,BRA,2008
2456,800678471,Agustin Leon Quinones,CHI,2009
2456,800694002,Pierre OUDEA-CASTERA,FRA,2011
2456,800688886,Beksulton Voxidov,UZB,2010
2456,800650314,David-Nathan Meumeu Bory,FRA,2010
2456,800667967,Harry Emmett,GBR,2010
2456,800657055,Damir Giniatullin,RUS,2009
2456,800657264,Taylor Yarnell,USA,2008
2456,800575646,Vitorio Stankov,BUL,2008
2456,800594241,Jan Patrick Sinescu,ROU,2009
2472,800661093,Henrik Martin,SUI,2009
2473,800662592,Abdulhodiy Hosilov,UZB,2009
2473,800594894,Toprak Berkol,CYP,2008
2473,800742039,Nirav Dougdeen,TTO,2010
2473,800748033,Binh Bao Quan Phan,VIE,2009
2477,800649261,Ivaylo Georgiev,BUL,2008
2478,800600746,Julian Jelinek,AUT,2008
2479,800802587,Lachlan King,NZL,2010
2479,800689213,Andreas Sommernes,NOR,2009
2481,800745547,Melvin Bruhn,SWE,2009
2481,800742198,Keenan Gotte,CAN,2008
2483,800743240,Rungu Tian,CHN,2011
2483,800712172,Yasin Rezaeifar,IRI,2009
2483,800703968,Ayaan Chowdhary,AUS,2009
2486,800644926,Akmal Arabdjanov,UZB,2009
2486,800670853,KyungBeen AN,KOR,2010
2486,800597950,Marats Iljasovs,LAT,2008
2486,800661568,Aarush Bhalla,IND,2008
2486,800779130,Giftbrain rizqzain Fadhrezy,INA,2009
2486,800790636,Mircea Popoaca,ROU,2008
2492,800796696,Kosma Alexander,RSA,2010
2492,800815590,Aayush Vartak,USA,2010
2492,800663480,Alex Ferrer-Salat,ESP,2009
2495,800683785,Quentin Dodin,FRA,2010
2495,800688356,Benjamin Du,SWE,2008
2497,800675074,santiago jurado enriquez,COL,2009
2498,800742895,Justin LIE,SGP,2010
2499,800680620,Mathis ADROT,FRA,2010
2499,800642841,Matias Vilhunen,FIN,2008
2499,800778715,Zac Mcevoy,AUS,2009
2499,800754449,Brandon Jeon,USA,2010
2499,800805768,Prachanda Komarla,AUS,2010
2499,800746408,Dylan clarke,USA,2008
2499,800845105,Nader Karokk,IRI,2011
2506,800653753,Sergei Vronskiy,RUS,2009
2506,800603643,Guillem Davasse Vidal,AND,2008
2506,800704618,Jannek Ettinger,GER,2010
2506,800703484,Saha Kapilasena,SRI,2009
2506,800752276,Alejandro Castillo Rodriguez,COL,2008
2506,800746731,Maz Dowker,NZL,2010
2506,800735212,Joshua Hughes,CAN,2008
2513,800707169,Veerawit Kamput,THA,2009
2514,800696634,Laurits Oestergaard,DEN,2011
2515,800620795,Mark Mrcela,USA,2009
2516,800809658,Zhiyu Yuan,USA,2010
2516,800770094,Cesar andres Dela maza torres,MEX,2008
2516,800775880,Liam Suh,CAN,2012
2516,800729254,Dante Zipilivan Ratti,ARG,2009
2516,800671769,Bardia Majdabadi,IRI,2010
2516,800710889,Adrian Baerga-Torres,USA,2008
2516,800654633,Klaus Lozano Guerovich,PER,2010
2523,800720622,Chandro Caluori,SUI,2008
2524,800600620,Kristofers Krumins,LAT,2008
2524,800661740,Yunusbek Serikuly,KAZ,2010
2524,800656412,Heitor Souto,BRA,2008
2524,800697377,Benicio Denti,ARG,2009
2524,800708181,Ugljesa Djokovic,SRB,2009
2524,800673380,Nai-Thim Bernhard,SUI,2008
2524,800671011,Dash Green,GBR,2010
2524,800672736,Cristian Tiengo,ITA,2009
2524,800824864,Rayan Fadyl Nguetse Takoubo,CMR,2012
2524,800654807,Mohammad Ali,CAN,2008
2524,800751622,Juan Pablo Rodriguez,MEX,2009
2524,800716323,Varad Undre,IND,2010
2524,800767397,Noah Vinbaytel,USA,2009
2524,800828517,Arseniy Alexandrov,RUS,2010
2524,800711823,PEDRO HENRIQUE FERRAZ SANDOVAL CARVALHO,BRA,2009
2524,800760511,Sota Kambara,JPN,2008
2524,800745017,De Gloire Jephte NTSIBA,CGO,2009
2524,800743576,Tobias Horsky,CZE,2009
2524,800758520,Brandon Hass,AUS,2010
2543,800594330,Hasan Efe Kayik,TUR,2008
2543,800705253,AMRIT VATS,IND,2009
2543,800665751,Soheil Hemmati,IRI,2008
2543,800749476,Evan Shepard,USA,2009
2543,800769031,yunze zhu,CHN,2010
2548,800713090,Yurii Osyka,UKR,2010
2549,800586201,Bruno Kovse,AUT,2008
2549,800700629,Matei Ioan Prunescu Nita,ROU,2011
2549,800599788,Lassi Liimatainen,FIN,2008
2549,800721357,Oneal Urman,ISR,2008
2549,800757891,CHI-YU CHEN,TPE,2008
2554,800643894,Ruibo Gu,CHN,2010
2554,800706095,Aleksandar Nachev,BUL,2009
2554,800664721,Laurence Teunissen,NED,2009
2554,800719212,Varit Lertsinthapanont,THA,2012
2554,800837688,Jake Mong,USA,2009
2554,800779073,Lakshay Madankumar,AUS,2010
2554,800795463,Gabriel Campagnoli Passarelle De Oliveira,BRA,2010
2561,800777926,Santiago Rodriguez,MEX,2009
2561,800794073,Ali Ben Mahmoud,TUN,2011
2563,800709953,VIVAAN MIRDHA,IND,2011
2563,800591348,Lovis Bertermann,GER,2008
2563,800593812,Arijan Kaliterna,FRA,2008
2563,800622975,Danilo Chernykov,UKR,2008
2563,800603812,Jan Garcia,ESP,2008
2563,800602008,Robert Medvedev,RUS,2008
2563,800647549,Yao Hui Dylan Chan,SGP,2010
2563,800689791,Ori Taigman,ISR,2010
2563,800693791,Daniel Czarnecki,GER,2011
2563,800698601,Egor Zakharov,RUS,2008
2563,800783324,Artem Veselov,UKR,2009
2563,800749489,Hao Cheng Yu,CHN,2008
2563,800765158,Platon Hak,UKR,2009
2563,800739148,Zhiming Fang,CHN,2009
2563,800717822,Chan Myung Seo,KOR,2012
2563,800845701,Haru Suzuki,JPN,2011
2563,800812260,Nason Lo,USA,2008
2563,800815806,Eric Olivares Garrido,ESP,2008
2563,800780367,Lucas Davis,BAR,2008
2563,800742143,Chenxu Zhao,CAN,2008
2583,800794267,Mohammad Hosseinzadeh,IRI,2009
2583,800823252,Kombe Jr Mabo,ZAM,2009
2583,800806495,Manuel Sala Gimez,ESP,2008
2583,800765098,Ojas Malhotra,IND,2008
2583,800693936,David Somers,IRL,2010
2583,800664901,Matthew McLain,GBR,2009
2583,800664870,Matej Popov,MKD,2009
2583,800643137,Riccardo Pasetto,ITA,2009
2583,800748198,Saidaslam Farkxodov,UZB,2012
2592,800720766,Ferdinand Feilcke,GER,2011
2592,800654620,Diego Benitez,PER,2008
2594,800758956,Theo Giudici Gomez,ARG,2010
2594,800711498,Abhik Khatry,AUS,2009
2594,800731706,Advay Nidoni,IND,2008
2594,800714114,Guilherme Keleti,BRA,2009
2594,800621234,Filip Urbanos,SVK,2009
2594,800711766,arad zeinali,IRI,2012
2600,800702885,Jack Hamer,AUS,2009
2600,800700089,NANS MANOUKIAN,FRA,2011
2600,800850245,Daniel Zimmermann,GER,2008
2600,800589088,Ivan Sharabaika,BLR,2008
2600,800774493,PLINIO COSTA,BRA,2008
2600,800774039,Oliver Mesicek,USA,2008
2600,800760232,Filip Nikolovski,USA,2008
2600,800836574,Andres Matos Andres Matos,USA,2009
2608,800660260,Emil Marinov,BUL,2009
2609,800777722,Stefan Regos,USA,2010
2609,800714012,Sergei Galitskikh,RUS,2009
2609,800722199,Bardia Nasrollahpourkhoshabi,IRI,2009
2609,800728563,Jhonatan David Sarmiento Martinez,COL,2010
2609,800748473,Rafael Papoian,RUS,2012
2609,800800269,Nacho Martinez Prego,ESP,2008
2609,800661489,Gorjan Vukikjevikj,MKD,2009
2609,800832747,Rogiscard Dzanga,CGO,2008
2609,800587999,Ishak Mahfoudh,FRA,2008
2609,800586987,Eoghan Samyn,FRA,2008
2609,800594774,Noa Guinchard,FRA,2008
2609,800661785,Ahmet Fatih Can,TUR,2010
2609,800795116,Marvin Remy,USA,2009
2622,800796329,Nikola Ivaskovic,SRB,2009
2622,800766981,LIAM SUGA,JPN,2009
2622,800668236,Nicolai Rydholt,NOR,2010
2622,800714415,Cillian Asante Ndilima,IRL,2010
2622,800745817,Ronin Spahn,USA,2008
2627,800797287,Kristian Nygaard,CAN,2011
2627,800681307,Theo SUPIOT,FRA,2010
2629,800674031,Nurdaulet Balkan,KAZ,2011
2629,800705109,SUMUKH MARYA,IND,2008
2631,800703861,Dominik Czopek,GBR,2011
2631,800692510,Michael Bannon,IRL,2009
2631,800620707,Arya Guha,CAN,2009
2631,800643667,John Michael Carney,GBR,2010
2631,800645031,Nabeel Qayum,PAK,2009
2631,800807247,Jonathan Kurian,USA,2008
2631,800815759,Daniel Tonucci,ITA,2009
2631,800768022,Thom Koppelle,NED,2008
2639,800675054,Ali Al Ahmad,GER,2009
2639,800710175,Ryusei Hashimoto,JPN,2008
2639,800600615,Yusaku Harashima,JPN,2009
2639,800730783,Fahd Ouazzani Hassani,MAR,2009
2639,800754419,Rainer Schmitz,USA,2008
2644,800667943,Noah Browner,USA,2008
2644,800587827,Alessandro Binetti,ITA,2008
2644,800828833,Charles Fielding,GBR,2008
2647,800731213,Nithin Padmanabhan,IND,2009
2647,800706139,Madhav Dadhich,IND,2011
2649,800826947,Muhammad Misbah Abdullah,INA,2008
2649,800672588,Aarne Koskinen,FIN,2008
2651,800661244,Sam van de Langenberg,SUI,2010
2651,800723450,donghyun Kim,KOR,2009
2653,800848293,Ishan Surendiran,TUR,2008
2653,800784388,Matteo Dal Grande,CAN,2009
2653,800736333,Jose Martin Cano Duarte,PAR,2008
2653,800712557,Tomas Zurmendi,URU,2009
2653,800696285,Samuel Godula,GER,2008
2653,800586842,Louis Eliah Knese,GER,2008
2659,800730174,Ivan Bracko,CRO,2009
2659,800670181,VASILEIOS LYKOURESIS,GRE,2010
2661,800659650,Hiram Nicolas Gutierrez Castro,BOL,2009
2661,800733991,Mark Murage,KEN,2009
2663,800664318,ALEXANDRU CONSTANTIN,ROU,2009
2663,800664657,Luka Eres,CRO,2009
2663,800807116,Ruben Nieto Quero,ESP,2008
2663,800773168,Joao Cechim,BRA,2008
2663,800754832,Jiale Lu,CHN,2008
2663,800729532,Jayden Park,HKG,2010
2663,800732153,Cheuk Yat LAM,HKG,2010
2663,800733065,Franciszek Niezwiesny,POL,2011
2663,800776384,Aum Chandarana,KEN,2010
2672,800821144,Esteban Vega,ECU,2009
2672,800842094,Oliver Caldwell,USA,2009
2672,800776021,Paul-Victor Belmonte,FRA,2008
2672,800757601,Asser Ahmad Al-Harrani,EGY,2010
2672,800769551,Md Saiam,BAN,2008
2672,800735517,Jackson Mactaggart,BAH,2008
2672,800736933,Joshua Bayete Miller,USA,2008
2672,800719443,Amir Taha Dehghani,IRI,2010
2672,800813557,Stefan Brajovic,USA,2008
2672,800748090,oluwatobi Samuel Agboola,NGR,2008
2672,800815812,Diego Vilches,ESP,2008
2672,800852624,Koukouvi Gabriel Agbetogneawou,TOG,2011
2672,800592177,Mikhail Volkovich,RUS,2008
2672,800684550,Erikas Balkunas,LTU,2011
2672,800694819,Bruno Perez Maiztegui,URU,2008
2672,800694702,Camelot Carnello,USA,2012
2672,800703005,David Drlik,CZE,2010
2672,800706592,Jakub Franc,CZE,2009
2672,800598942,Dario Puljic,GBR,2009
2672,800643460,Aahil Kaleel,SRI,2009
2672,800653229,Matias Valdez,BOL,2009
2672,800593252,Savva Volkov,RUS,2008
2672,800588653,Stanislau Bulbiankou,BLR,2008
2695,800655690,Mathias Adair Llantoy Figueroa,PER,2008
2695,800711195,YEGOR TENAILLEAU,FRA,2008
2697,800781965,Yiran Zhang,CHN,2009
2697,800818929,Dmitriy Shchelokov,RUS,2010
2697,800585004,Neptun Candemir,TUR,2008
2697,800660490,Atai Aseinov,KGZ,2009
2697,800675292,Egor Elkhovskii,RUS,2010
2702,800787098,Kezhi Li,CHN,2009
2702,800705894,Kenshin Fujishiro,JPN,2011
2704,800768045,Gianluca Pensini,SUI,2008
2705,800719768,Andres Alfredo Sanchez Molina,VEN,2011
2706,800650150,Stefan Novkovski,MKD,2008
2706,800660439,Andre Montellano,BOL,2010
2706,800622755,Conrad Brown,GBR,2009
2706,800595070,Andreanos Kyriakides,CYP,2008
2706,800567182,Mikhail Tsapenko,RUS,2008
2706,800663563,Samuel SCHIFANO,FRA,2010
2706,800675271,Santiago Rojas Daza,COL,2008
2706,800689370,RAZ TY POSCA,ITA,2011
2706,800694385,Mohammad Mehrad Taghavi,IRI,2008
2706,800711147,Facundo Barboza,URU,2011
2706,800711350,Reita Yamanaka,JPN,2012
2706,800702523,Phasin Sinchalong,THA,2011
2706,800699057,Charlie Woods,GBR,2008
2706,800706051,Martin Cellar,SVK,2011
2706,800807207,Albert Khalatyan,RUS,2010
2706,800779059,Xander Crabb,AUS,2010
2706,800801155,Frederico Vaz Pinto,ANG,2009
2706,800793398,Yassin Ramadan,EGY,2010
2706,800750068,Keagan Grobbelaar,RSA,2009
2706,800725050,Bora Erin,CYP,2009
2706,800720184,Akmal Abdullaev,UZB,2008
2706,800702531,Marc Joe Sutisna,AUS,2012
2728,800685080,Kai Lev,ISR,2011
2729,800598231,Leo Ozan Sheehan,TUR,2009
2729,800722471,EMILIANO MORALES CUEVAS,MEX,2008
2729,800712214,Izan BANARES LASALA,ESP,2010
2732,800661223,Billy Colfor,IRL,2010
2733,800762294,Nicolau Canas-Urbiola,ESP,2009
2734,800745524,Aldo Cardenas,MEX,2009
2735,800677766,Florent Clijmans,BEL,2009
2735,800671446,Timotej Turoci,SVK,2009
2735,800670289,Henry Beer,GBR,2008
2735,800693818,Shounak Suvarna,IND,2010
2735,800651380,SEONG JUN JOO,KOR,2008
2735,800651346,Thomas Dixon,GBR,2008
2735,800682956,Ivan Prytula,BLR,2010
2735,800799841,Aarya Atul Khore,AUS,2010
2735,800817246,Xavier Gowland,AUS,2009
2735,800737043,Alessandro Cortesi,ITA,2008
2735,800718744,Cristhian Takaki,BRA,2009
2735,800722810,Rohan Mungla,MRI,2008
2735,800712142,Iacopo Rota Sperti,ITA,2009
2735,800776333,Juan Morales,COL,2011
2735,800783645,Roham Alipour,IRI,2009
2750,800754033,Amit Erlich,ISR,2008
2750,800688123,Jongwon Lee,KOR,2010
2750,800665370,Marcelo Gallegos,MEX,2008
2753,800670130,Thiseas Siderakos,GRE,2009
2753,800593324,Maximilian Heidlmair,AUT,2008
2753,800602599,Lucas Hoyos,COL,2008
2753,800657111,Artem Dmytrenko,UKR,2009
2753,800665618,Filippos Spanos,GRE,2010
2753,800839395,Tawananyasha Musendekwa,ZIM,2008
2753,800781756,Ivan Urbanovich,USA,2009
2753,800798180,Hudson Marston,USA,2008
2753,800835023,Carlos Raphael Reyes Rodriguez,DOM,2008
2753,800761970,Jason Eigbedion,USA,2010
2753,800770542,Kristian Kosev,BUL,2009
2753,800771394,Ludvig Breistein,NOR,2008
2753,800767741,Ethan Ning,NZL,2009
2753,800773618,Landan Daniel,USA,2009
2753,800747056,Marko Pilic,CRO,2009
2753,800753453,Daniel Pessoa,BRA,2009
2753,800722457,Joshua Donovan,NZL,2008
2770,800856069,Bixente Bixente Ouertani,FRA,2009
2770,800721293,Vitus Bellmann,GER,2009
2770,800722476,Zain Saeed Khalid Saeed,PAK,2008
2770,800850592,Zak Oosthuizen,RSA,2009
2770,800790102,Diego Antonio Rico Carrillo,MEX,2008
2770,800746148,Aris Androutsopoulos,AUS,2010
2770,800792388,Jingxuan Duan,HKG,2011
2770,800798319,Yo-Chi Chen,TPE,2011
2770,800795967,Yuto Kawanishi,JPN,2008
2770,800719596,Karim El Salawy,EGY,2009
2770,800792500,Dejan Razumic,AUS,2008
2770,800711975,Adam Kharoubi,USA,2008
2770,800767655,GIUSEPPE FLORES GARCIA,MEX,2009
2770,800727384,Regan O'brien,GBR,2008
2770,800727123,Gilles Lemaitre,MEX,2009
2770,800730762,Anirudh Palanisamy,IND,2009
2770,800767178,Marcos Valdes Resurreccion,ESP,2009
2770,800758481,Mathias Gonzalez Osorio,COL,2012
2770,800769315,Qi Ao,USA,2009
2770,800768791,Juan Camilo Gomez,COL,2008
2770,800779699,Ali Zamani,MAR,2009
2770,800742031,Alhil Cyril,LCA,2010
2770,800750114,Handre Meyer,RSA,2009
2770,800715737,Jan Lipka,POL,2011
2770,800778590,Oliver Schaumann,GUM,2008
2770,800728893,Anuj Mathur,USA,2008
2770,800782629,Gonzalo Argandona,PER,2009
2770,800782837,Mattia Palmitessa-Ginder,SRB,2012
2770,800594796,Gabriel Nogueira,BRA,2008
2770,800627797,Mohammad Alawadhi,KUW,2008
2770,800597370,Francesco Dresseno,ITA,2008
2770,800657019,Pavel Litvak,CYP,2008
2770,800656217,Bruno Ambroz,CZE,2008
2770,800650785,Shun Him Luk,HKG,2010
2770,800648035,Jegors Haritonovs,LAT,2009
2770,800646955,Alex Ramis Moyano,ESP,2009
2770,800646248,Denis Gaba,ALB,2009
2770,800635770,Yannis Ross,GER,2008
2770,800671363,Henrik Braathen Bergh,NOR,2010
2770,800654707,Andrii Melnychyn,UKR,2009
2770,800664194,Elijah Shinkarenko,USA,2009
2770,800671981,VICTOR ANDREI FATU,ROU,2010
2770,800806693,Matan Amsalem,ISR,2010
2770,800812638,Zimo Rong,CHN,2009
2770,800815402,Thomaz Neris,BRA,2010
2770,800825952,Aleksandr Kharkov,AUS,2012
2770,800820739,Xijia Zhang,CHN,2012
2770,800821501,Jeronimo Ledesma,MEX,2008
2770,800689768,Jul Oostvogels,BEL,2011
2770,800673321,Tomas Fencl,CZE,2009
2770,800675252,Nikola Markulin,AUS,2010
2770,800804874,Yecine Karray,TUN,2010
2822,800696022,Mark Pavcic,SLO,2011
2822,800814400,Christopher Hong,USA,2008
2822,800836042,Agustin Burroni,ARG,2010
2822,800842853,Leo Chativat,FRA,2009
2822,800843644,Nicolas Carretero Diaz,ESP,2008
2822,800710360,Hussam Alradawin,JOR,2011
2822,800659640,Giorgi Bregvadze,KAZ,2010
2822,800705645,Nikola Micic,SRB,2009
2822,800704343,Atharva Sriramoju,IND,2010
2822,800680016,Juan Pablo Agudelo Giraldo,COL,2009
2822,800654946,Nikita Dogadin,RUS,2009
2822,800662186,Habib Mezghenni,TUN,2008
2822,800813160,Christopher Bright,USA,2009
2822,800593534,Charlie Riley,IRL,2009
2822,800701248,Darius Gabriel Trestianu,ROU,2011
2822,800808247,Casra Afsharipour,USA,2009
2822,800792274,Christeve Kiyari Mabiala,CGO,2010
2822,800793980,Hesamedean Tabatabaei,USA,2010
2822,800781215,Nicholas Chan,GBR,2011
2822,800756257,EDOARDO LUCIO VALLE,ITA,2008
2822,800739945,Nicolas Cudny,USA,2009
2822,800746154,Heet  Bhimshibhai Kandoriya,IND,2011
2822,800745011,Ravely NDONA,CGO,2009
2822,800757872,Phu Gia Le,VIE,2012
2822,800759858,Augusto felix Prato menso,ARG,2010
2822,800775320,Ziqi Shen,CHN,2009
2822,800734503,Callum Sharkey,GBR,2010
2822,800717417,Mohanad Elhelaly,EGY,2009
2822,800713291,Juan Pablo Ordonez Vargas,COL,2009
2822,800852705,Mohammed Shahin,JOR,2009
2822,800792342,Bienvenu Tresor Tchissialulu,CGO,2010
2822,800800231,Emad Bastoni,JOR,2012
2822,800732686,Hugh Murphy,IRL,2009
2855,800695385,Vallabh Akhil Challa,GBR,2008
2855,800733134,Brice Vincent Baisa,PHI,2009
2855,800723309,Lucas Zuercher,SUI,2010
2855,800715811,Ethan Chiang,SGP,2009
2855,800690484,Panawat Sienghen,THA,2011
2855,800708602,Hernando Max Ramirez Baez,FRA,2010
2855,800639836,PETROS PARSON,CYP,2008
2855,800674819,Daniel Soukup,CZE,2010
2855,800673327,Simon Prudek,CZE,2009
2855,800680887,Mael Doerfler,FRA,2009
2855,800653730,PEDRO TOBIAS,BRA,2008
2855,800675000,Peter Zavacky,SVK,2008
2867,800668366,Valentin TASCON--PIQUET,FRA,2010
2867,800733070,Atila Nezami,IRI,2008
2867,800735514,Alessandro Riccardi,ITA,2008
2867,800757973,YU-CHENG LI,TPE,2008
2867,800689616,Tafara Blessing Nhokwara,ZIM,2008
2867,800683865,Noah Walther,GER,2008
2867,800586901,Tim Gilniat,LUX,2008
2874,800625932,Darsheel Shrestha,NEP,2009
2875,800791362,Tinley Gregori,SUI,2008
2875,800765307,Loris Da Silva,FRA,2012
2875,800791866,Ruoyu Hua,CHN,2010
2875,800777354,Guanchen Jiang,CHN,2008
2875,800802506,Viren Suryavanshi,IND,2009
2875,800828175,Macklin Nocera,USA,2010
2875,800831897,Cosmas Munguriek,UGA,2011
2875,800844759,Gabriel Osamuyime Igbinovia,NGR,2010
2875,800736506,Sacha Bouillard,FRA,2009
2875,800734333,Koen Ceelaert,NED,2011
2875,800850307,Elie Elia,LBN,2010
2875,800706942,Ayush Bhandari,KEN,2009
2875,800631878,Mick-Angel Anicina-Dzhygurda,FRA,2009
2875,800695592,Ethan Huller,CAN,2011
2875,800677427,Vahe Balasanyan Zohrabyan,MEX,2010
2875,800673171,MERT ZORLUOGLU,TUR,2010
2875,800679990,Ji Hun Ryu,KOR,2010
2875,800682187,LEO AGNITHEY,FRA,2011
2875,800670840,kevin maugliani,ITA,2009
2875,800671426,Titouan Ichsan Raymond Parrod,INA,2011
2875,800655402,Gianluca Bacigalupo,ECU,2008
2875,800648890,IASON LYKOS,GRE,2008
2875,800631721,Leo Schneider,SUI,2008
2875,800697264,Hoi Shun Hui,HKG,2012
2899,800621070,Amir Skrijelj,BIH,2008
2899,800782233,Jiaqi Gu,CHN,2008
2899,800746943,Aleksi Hast,FIN,2011
2902,800697532,Roberto Hiram Del Bosque Trevino,MEX,2008
2902,800729113,Hector De Coulon,SUI,2009
2902,800714383,Ciaran McKenna,IRL,2008
2902,800820124,Mevi Irimiya,NGR,2009
2906,800694329,Tyson Sebastian Grant,ITA,2011
2906,800646395,VLADISLAV CHIBURAEV,RUS,2010
2906,800603720,Yehor Zaporozhchenko,UKR,2008
2906,800673007,Riccardo Pretolani,ITA,2010
2906,800709831,moetaz barkaoui,TUN,2009
2906,800693868,Gustaw Chudzikiewicz,SWE,2010
2906,800731849,Roderic Andersson,SWE,2009
2906,800733969,Wacil Madani,ALG,2009
2906,800843375,Essowe Prince Daniel Kidiya,TOG,2009
2906,800821721,Evan Krige,RSA,2012
2906,800809935,Edward Feuer,USA,2008
2906,800804698,Simeon Comlan Gaha,TOG,2011
2906,800774258,Nicolas Reyes Dominguez,MEX,2008
2919,800695585,Andrea De Luca,ITA,2009
2920,800660215,Kuzey Oner,TUR,2010
2920,800733995,Eugene Towcziga,POL,2008
2920,800739109,Santiago Brocker Ordaz,MEX,2009
2923,800640420,Rehan Gunawardhana,SRI,2008
2923,800598606,Rahman Mohamed,CZE,2009
2923,800695032,Nikita Kochegarov,RUS,2009
2923,800698060,Joshua Chung,USA,2009
2923,800670518,shuya machida,JPN,2008
2923,800710788,Avash Rezaeiparvin,IRI,2012
2923,800668875,Aurelien Ladouas,FRA,2009
2923,800682312,Herkus Zykus,LTU,2008
2923,800632736,Arnas Viktoravicius,LTU,2009
2923,800691386,Jonas Rousek,CZE,2011
2923,800632004,Minh Tran Duc,VIE,2009
2923,800676616,Milan Popov,RUS,2011
2923,800785688,Jahfal Tsaqif Dary Widayat,INA,2008
2923,800777626,Andreas Monoyios,CYP,2009
2923,800721610,Neo Ehlin,SWE,2010
2923,800770723,Quim Fuentes Duran,MEX,2008
2923,800747765,Bruno Renato Temi,ARG,2008
2923,800718979,Elroi Chiripamberi,AUS,2010
2923,800742662,RAFAEL ADRIAN SUAREZ COLMENARES,COL,2011
2923,800754531,Jordi pavel gateka,BDI,2008
2923,800824130,Gleb Funtikov,RUS,2010
2923,800818089,Alan Molodecki,POL,2008
2923,800740093,Punnapat NIMNUANKUL,THA,2012
2946,800767563,Otavio Azevedo santanna,BRA,2008
2946,800731521,Andrej Blagojevic,SUI,2009
2946,800733992,Idan Loshkariev,ISR,2010
2946,800719074,BAUTISTA MARCELLONI,ARG,2008
2946,800762812,Siao LI,CHN,2008
2946,800848260,Aaditya Sharma,IND,2009
2946,800738754,Tianyi Ma,CHN,2008
2946,800655101,Oliver Harmer,GBR,2009
2946,800657124,Oszkar Varga,HUN,2009
2946,800639570,TOMER TIKTINSKY,ISR,2008
2946,800831832,Dylan Jones,USA,2009
2946,800600462,Damianos Tsafis,GRE,2008
2946,800705593,Shiyu Hashizume,JPN,2009
2959,800812665,Lukas Calitz,RSA,2010
2959,800779213,Aarav Bharat,IND,2009
2959,800730392,Ishaayu P Desai,IND,2010
2962,800791869,Changpu Zhai,CHN,2011
2962,800710820,ISMOILJON TURSUNOV,UZB,2011
2962,800674853,Giuliano Puga Marini,PER,2009
2965,800723470,JUNHO LEE,KOR,2009
2965,800730760,Puneeth Manohar,IND,2012
2965,800724670,Hippolyte AMICE,FRA,2011
2965,800718285,Matheus Menegazzo,BRA,2010
2965,800766753,Nikunj Khurana,IND,2011
2965,800741263,Tomas Alonso Valladares,ARG,2010
2965,800770610,Raphael Braun,FRA,2012
2965,800770703,YOTA nishikori,JPN,2009
2965,800742412,hamza berrada,MAR,2010
2965,800742000,Yupei Liang,CHN,2009
2965,800850996,Adam Abdulhay,LBN,2011
2965,800772038,Henry Bisang,SUI,2009
2965,800830949,Michael Berger,USA,2012
2965,800670852,Sora Ando,JPN,2008
2965,800821454,Antoine Moughayar,LBN,2012
2965,800710230,Atharva Shukla,IND,2009
2965,800689243,Kayden Tiang,SGP,2010
2965,800830833,Jeronimo Monzo Marron,MEX,2011
2965,800655047,Rafael Jose De Lima Gonzalez,VEN,2009
2965,800785807,Jose Angel Munoz Rodriguez,ESP,2008
2965,800697883,EMILIANO GOCHICOA FLORES,MEX,2008
2965,800779869,Omar Jabado,LBN,2011
2965,800785736,Ibrahim Kazinga,BUR,2010
2965,800840631,Bireha Ordi Francis,BDI,2009
2965,800824014,Kevin Rutayisire,RWA,2010
2965,800799799,Matias Anchoriz Sunol,ESP,2008
2991,800672503,Kamran Arif,GBR,2011
2991,800757235,Sebastian Martinez Elias,ESA,2010
2991,800793458,Heman Aframai,NGR,2010
2991,800654035,Artsiom Askirka,BLR,2010
2991,800579212,Luc Haberkorn,FRA,2008
2996,800812341,Ray Xu,NZL,2009
2996,800750201,Luhan Van Niekerk,RSA,2010
2996,800688309,Tachatam Srisen,THA,2009
2996,800813471,Charles Kindt,NZL,2010
3000,800689578,SELIM BEN ROMDHANE,TUN,2010
3000,800762623,Jonathan Rudigert Visagie,RSA,2009
3002,800667736,Clement Ramos,FRA,2009
3002,800813878,Matteo Limones Munoz,MEX,2011
3002,800742376,Gonzalo Cardenas Goddard,CRC,2010
3002,800754806,Ningfan Chen,CHN,2008
3002,800757881,Aarav Galwa,IND,2010
3002,800731914,Abdellatif Mostafa,EGY,2011
3002,800593839,Abhinav Monikuttan,IND,2008
3002,800676227,Boyan Ilchev,GBR,2011
3002,800667699,Maximilian Wieser,AUT,2009
3002,800638224,Aidan Tait,CAN,2009
3012,800675671,Vadim Sidacenco,MDA,2010
3012,800705144,Ranak Pajpani,CAN,2008
3012,800707633,Antoine Duris,FRA,2009
3012,800679472,Balazs Kacskovics,HUN,2008
3012,800683440,Anton Lacoste-Mettey,FRA,2010
3012,800673729,Mateo Edwards,PER,2010
3012,800595921,Marko Johannson,EST,2009
3012,800674501,Harry Cartledge,GBR,2008
3012,800750178,Wihan Snyders,RSA,2008
3012,800740982,Martin Hlavnicka,CZE,2008
3012,800855615,Vincent Terekhin,MDA,2009
3012,800848969,Hoyun Jacob Choi,KOR,2010
3012,800778396,Nicolas Kenji Kanashiro Kanashiro,BRA,2011
3012,800808086,David Ioan Arcip,ROU,2010
3012,800643539,Tomas Tocha,POR,2009
3027,800638265,William Jesus Hernandez Ramirez,ECU,2008
3027,800774325,Stanislau Kunash,BLR,2009
3029,800598390,Freddie Mailer,GBR,2008
3029,800595811,Petr Bocharov,RUS,2009
3029,800661565,Daler Ulugov,UZB,2009
3029,800659931,Vasilis Vrahimis,CYP,2010
3029,800656978,Siddhant Mohapatra,IND,2008
3029,800655061,Hugo Roullier,FRA,2009
3029,800631739,Alexandru Nicholas Andrei Balcanu-Lupo,ROU,2008
3029,800653138,Maxim Tolchev,BUL,2010
3029,800646107,Emil Makiela,POL,2010
3029,800643648,Muhammad Nooh Nazih,MDV,2009
3029,800833330,Musa Mr Mamud,NGR,2010
3029,800601917,Jeremie Luttig,BEL,2008
3029,800652983,Nelson Gregor,AUT,2008
3029,800592426,Sergio Paulo Bastos Sousa Betanzos,ESP,2008
3029,800667938,Omar Santiago Vargas Medrano,BOL,2010
3029,800701514,Waylon Lin,USA,2010
3029,800701878,Vincenzo Loffredo,ITA,2010
3029,800698636,Alessandro Fronza,ITA,2011
3029,800707994,Brendon Lau,USA,2008
3029,800710052,Daksh Deepak Patil,IND,2010
3029,800687264,Kosei Sakamoto,JPN,2008
3029,800686686,Do Hyeon Kwak,KOR,2008
3029,800694445,Richard Hiemann,GER,2010
3029,800695084,PAOLO CARROCCIO,ITA,2011
3029,800679452,Josep Castellanos,ECU,2009
3029,800675061,Sergej Zdralo,BIH,2009
3029,800675977,ERIC BADENES GINER,ESP,2010
3029,800833743,Gloire Mbulu Mutombo,COD,2010
3029,800670721,Pacome Khuong,FRA,2008
3029,800705128,Yagiz Gundogdu,TUR,2010
3029,800839042,Nathaniel Aluko,NGR,2010
3029,800716380,Estevao Zarur,BRA,2009
3029,800816876,Ryo Koga,JPN,2010
3029,800770176,MARIO BIBAN,ROU,2008
3029,800769129,ZACH KING,BAR,2010
3029,800758878,Martin Seetso,BOT,2010
3029,800762014,Sai Karan Angamuthu,IND,2008
3029,800763199,Khabbo Gayen,BAN,2011
3029,800748510,Spencer Trattner,USA,2008
3029,800741171,Tobiah Goodchild,BER,2009
3029,800742386,Kenfack Emmanuel Ryan,CMR,2009
3029,800742197,Mochamad Aryasatya D Tarizky,INA,2009
3029,800747623,Yu-Hsiang Chuang,TPE,2008
3029,800745740,yusei Tanaka,JPN,2010
3029,800732095,Sneh Kashyap,IND,2008
3029,800822861,Aniel David Gonzalez,CUB,2008
3029,800730759,Rohan Srivant Hariharan,IND,2009
3029,800731644,Ludvig Ossian Sward,SWE,2009
3029,800732133,Timo Monier Vinard,FRA,2012
3029,800736359,Bouraoui Fares,TUN,2009
3029,800815344,Fabio Gulizzi-Pozzo,FRA,2009
3029,800802647,Jun Young Lee,KOR,2008
3029,800781857,Eduardo Licairac,DOM,2009
3029,800783716,Jasiel Jeevan,AUS,2011
3029,800730161,Angus Kelly,AUS,2009
3029,800780008,Ilan Crepieux,FRA,2010
3029,800783596,Sem Victoire La Gloire Nkolo Enyin,CMR,2011
3029,800711768,seyed ahmad sadra mirzadigohari,IRI,2009
3029,800717871,Samuel Mhizha,GBR,2010
3029,800719026,Lukas Siqueira,SVK,2010
3029,800722099,Frederic Chooi,CAN,2009
3029,800720564,Marc Khoury,LBN,2009
3029,800849272,Onyekachi Michael Ogumjiofor,NGR,2009
3092,800848753,Noah Bouzoubaa,USA,2011
3092,800748274,changduo sun,FIJ,2010
3092,800745472,Ivan Alejandro Hernandez,MEX,2008
3092,800728369,Pepe Garcia Ruiz,ESP,2011
3092,800734983,Ali Sami Hameurlaine,ALG,2008
3092,800780327,Lars Meyer,SUI,2008
3092,800720875,Franz Stich,SUI,2010
3092,800660261,Ben Gorka,GER,2009
3092,800700659,Takuma Minamoto,JPN,2009
3092,800839344,Mahuton Rodolphe Agoun,BEN,2010
3092,800707883,Tommaso Muratori,ITA,2008
3092,800663496,Kotaro Shirota,JPN,2008
3092,800665542,Nicolas Schiltz Solvi,LUX,2010
3092,800670271,Jonah Haidarian,AUT,2008
3106,800762394,Orlando Lucio Sassone,ITA,2008
3106,800716765,ALIAKSANDR VIARSOTSKI,BLR,2011
3108,800621248,Xodjiboev Abduraxmon,UZB,2008
3108,800698789,Nikola Bogojevic,CAN,2011
3108,800704399,Santiago Martinez Elias,ESA,2008
3108,800710221,Pedro Franco,BRA,2008
3108,800711061,Giulio Bozzanga,ITA,2011
3108,800672621,Goncalo Amorim,POR,2010
3108,800685295,Mwaitanyasha Nathan Mukudu,ZIM,2008
3108,800665537,Luca Stefan Adrian Constantinciu,ROU,2009
3108,800586524,Leon Jovicic,AUT,2008
3108,800671467,Filip Kolodzej,SVK,2009
3108,800695155,Lucas Bernardo Lopez del Alto,MEX,2008
3108,800581715,Luka Gibert,FRA,2008
3108,800625059,Esben Schilders,NED,2009
3108,800592194,Martin Matunak,SVK,2008
3108,800640557,Jonathan Hemed,ISR,2008
3108,800662497,Marcello Longano,ITA,2009
3108,800785819,Oliver Rogers,CAN,2009
3108,800747626,Armaan Patel,USA,2009
3108,800767446,Jakob Shibani,NOR,2011
3108,800738513,Patricio Quintana Zapata,MEX,2009
3108,800730227,Felix Standertskjold-Nordenstam,FIN,2009
3108,800726121,RENTARO OTAKA,JPN,2011
3108,800712687,Mark Padabed,BLR,2010
3108,800714720,Henri Geiger,GER,2009
3108,800594430,David Iliev,BUL,2008
3133,800719111,Youssef BEN AISSA,TUN,2008
3133,800716671,Mateo Garcia Castro,USA,2009
3133,800736753,Juan De Dios Moreno Mendoza,MEX,2009
3133,800849132,Segun Monday,NGR,2009
3133,800790682,Muchengeti Kudakwashe Manzungu,ZIM,2011
3133,800753870,David Gerremo Diedrichs,SWE,2008
3139,800694774,Adilet Nurumbet,KAZ,2009
3139,800718344,Savva Morozov,RUS,2008
3139,800717084,Ivo Sampayo,ITA,2008
3139,800734461,Melker Andersson,SWE,2011
3139,800776704,Halil Hatipoglu,TUR,2009
3139,800785317,Villiam Jousmaki,FIN,2009
3139,800814902,Marek Gebala,CZE,2008
3139,800670436,Callum Hooper,GBR,2009
3139,800668116,Aidan Hewitt,GBR,2009
3139,800637182,Minas Panagidis,CYP,2009
3149,800835398,Alejandro Gonzalez Fernandez,MEX,2012
3150,800683780,Dominik Klar,CZE,2011
3150,800690180,Faris Ouarzazi,MAR,2008
3150,800692066,Chang Hyun Lee,KOR,2009
3150,800688890,Thomas Lamine,FRA,2010
3150,800696231,Jose Andres Mendoza Preza,HON,2009
3150,800697265,Vlaho Petkovic,CRO,2011
3150,800698528,Forrest Cao,CAN,2009
3150,800594606,Vladimir Khodarkevich,RUS,2008
3150,800599011,Joao Vitor Bottino Antonaccio,ITA,2008
3150,800600511,Jesper Ekoff,SWE,2008
3150,800631047,RODRIGO REVILLA CAMPO,ESP,2008
3150,800711175,Riku Yamamura,JPN,2008
3150,800620794,Alejandro Benavides Almendros,ESP,2008
3150,800659826,Aazaan Assiz,IND,2008
3150,800660546,Sepehr Nobakht,IRI,2010
3150,800660107,Georgy Krasutin,RUS,2008
3150,800635133,Maita Munyimani,AUS,2008
3150,800632711,Semen Kolykhmatov,RUS,2009
3150,800711625,Sebastian Madrid,COL,2010
3150,800712202,Nicolas Panoussopoulos,SUI,2011
3150,800715316,NICOLAS MAXIMILIANO CHAVEZ AMORETTI,ECU,2009
3150,800715404,Adam Stepanek,CZE,2009
3150,800721336,Tien Anh Le,VIE,2011
3150,800653354,Mark Bakhanov,RUS,2009
3150,800721593,Camilo Ayala,COL,2010
3150,800710324,Ojasveer Singh,IND,2009
3150,800709692,Kei Nagata,JPN,2009
3150,800680491,Gurneil Singh,AUS,2008
3150,800679827,SHAN TSIA KING FUNG,FRA,2010
3150,800674670,Aleksandr Ponomarev,RUS,2011
3150,800675043,Mats Fischer,GER,2010
3150,800677268,Santiago Daniel Retacco,ARG,2008
3150,800675451,Matej Koehler,CZE,2009
3150,800675351,Maxime Peneau,BEL,2009
3150,800675488,Markas Mazrimas,LTU,2010
3150,800675833,Lev Bogdanov,RUS,2009
3150,800670661,Nicolo' Campetti,ITA,2009
3150,800709929,Arya Shabannejad,IRI,2010
3150,800665985,Amir Askar,KAZ,2011
3150,800699897,Bernardo Severino,POR,2009
3150,800699752,Daksh Mudunoori,IND,2008
3150,800699339,Tiago Korrodi Ritto,POR,2009
3150,800698709,Frans Ronnholm,FIN,2009
3150,800702946,Dylan Jacobo Calix Romero,HON,2008
3150,800703901,Pratyush Vishwanatham,IND,2009
3150,800706338,Avi Agarwal,IND,2010
3150,800708814,MARTIN SEBASTIAN ALMEIDA VELEZ,ECU,2010
3150,800708887,SOICHIRO FUKAZAWA,JPN,2009
3150,800708072,MIN GOOK CHO,PER,2011
3150,800667756,Ilari Jaemsae,FIN,2008
3150,800720169,Satiyar Haddadian,IRI,2012
3150,800656283,Arseni Shulski,BLR,2011
3150,800718833,Daniyal Kuandyk,KAZ,2010
3150,800766240,Ejohjoel Agbor,CMR,2008
3150,800848053,Honosuke Ishibe,JPN,2012
3150,800800422,Max-Olivier Papageorgiou,CAN,2010
3150,800801166,Peter Yoon,AUS,2010
3150,800799103,Dor Fartuk,ISR,2010
3150,800798804,Jan Pegios,SUI,2009
3150,800792273,Gabriele Mannelli,ITA,2009
3150,800780138,Hengzhi Cui,CHN,2010
3150,800783429,Alexander Walker,USA,2008
3150,800783723,SHEMA wesley,RWA,2008
3150,800765977,Aaryan Bhalla,USA,2009
3150,800807428,Zacharie Furlan,FRA,2010
3150,800819740,Amir Mohammed,NGR,2010
3150,800817844,Juan Manuel Aramburo Garcia,MEX,2010
3150,800811533,Ryo Furukawa,JPN,2008
3150,800809594,Lakshya Bidhuri,AUS,2010
3150,800815137,Jacob Mohd Yasin,BUL,2011
3150,800826943,Naoki Sato,JPN,2009
3150,800826002,Aarush Jupalli,USA,2009
3150,800842985,Abdouljabar Nduwimana,BDI,2012
3150,800835769,Gabriel Filippi,ITA,2008
3150,800835644,Zane Kirton,BAR,2012
3150,800802824,Vicent Baixauli Sospedra,ESP,2009
3150,800834942,Michael Collins,BER,2010
3150,800761597,Asher Negandhi,USA,2009
3150,800761263,FARAZ AKBARI KUOKIAEI,IRI,2011
3150,800728011,Mehrad Radmehr,IRI,2012
3150,800728141,Juan Nicolas Galan Ibarra,COL,2009
3150,800728113,Ace Johnson,GBR,2009
3150,800725975,manoa vildeuil,FRA,2012
3150,800725196,Kawelo Tsuneyoshi,JPN,2008
3150,800730780,Adam Ammor,MAR,2008
3150,800738854,Eric Gurin,CAN,2011
3150,800736625,Angel Minguez Arenas,ESP,2009
3150,800733689,Eric-Paul Zoons,NED,2011
3150,800733608,Lucas Strid,SWE,2009
3150,800761438,Elijah Kyeyune,GBR,2009
3150,800718971,Taro Inoue,AUS,2008
3150,800735479,Edouard Reuter-Thomas,FRA,2009
3150,800745651,Cooper McKenna,USA,2009
3150,800745398,Tiago Lalama Lopez,ECU,2011
3150,800746420,Seif Saleh,AUS,2008
3150,800749582,Khalil Burroughs,SKN,2008
3150,800748924,Thomas Rickards,CAN,2010
3150,800752897,Abdul Latif Ssendyowa,UGA,2009
3150,800753972,Sohith Tella,USA,2011
3150,800760972,Leonardo Signoret Vallejo,MEX,2009
3150,800761268,Astamur Katsiya,RUS,2008
3150,800735790,Axel Guezello,FRA,2011
3150,800834861,Tadeo Luis Avalos Reine,PAR,2009
3253,800822182,Johan Nicolaas Theron,NAM,2011
3253,800787245,Ernesto Del Valle,PUR,2010
3255,800761053,Luca Sevim,USA,2009
3255,800775148,Olorun-Damilola Agunbiade,NGR,2010
3255,800682137,Eliot LESTIR,FRA,2010
3258,800829965,Philipp Horst,GER,2009
3258,800782386,Juan Fernando Fondevila,PAN,2010
3258,800781192,Marco Andres Avendano Contreras,ESA,2010
3258,800787577,Phillipus DeBruin,RSA,2009
3258,800734246,Krzysztof Matusiak,POL,2009
3258,800728374,Adwaiy Vyas,IND,2008
3258,800720310,Alexander Hogga,NOR,2008
3258,800721514,Oleksandr Kachan,UKR,2011
3258,800717026,Aqil Adibi Rahiman,MAS,2009
3258,800717636,Christian Santos Domech,ESP,2008
3258,800714364,DIEGO INIGUEZ  CALDERON,CHI,2009
3258,800748948,Oleksii Heivashchuk,UKR,2011
3258,800728925,Asav Samrat Hada,NEP,2011
3258,800775782,oliver hall,IRL,2008
3258,800741407,Alexander Orlov,GEO,2009
3258,800677829,Mateusz Kas,POL,2009
3258,800675621,Tymofii Grytsenko,UKR,2009
3258,800692539,Kanishk Khathuria,IND,2008
3258,800697110,Ostap Talama,UKR,2008
3258,800709684,Mark Oleksandr Pashchenko,UKR,2009
3258,800593532,Stephane Pordan,LUX,2008
3258,800575831,Artemii Lazarev,RUS,2008
3258,800621779,Jayin De Saram,SRI,2009
3258,800661274,Jun Hyeok Kim,KOR,2008
3258,800661140,David Castillo,ESP,2008
3258,800593940,Tomas Saraiva,POR,2009
3284,800664388,Joan Rosello Vives,ESP,2010
3284,800594077,Juozas Juozapavicius,LTU,2009
3284,800668568,Toby Shaw,GBR,2009
3284,800679821,Samuel Tammi,FIN,2009
3284,800707566,Rafael Gabriel,NED,2010
3284,800687146,Michael Chang,USA,2009
3284,800690770,Ozzy Odom,ISV,2008
3284,800636001,Kei Matsumoto,JPN,2008
3284,800727518,Michal Mikus,SVK,2008
3284,800766273,Oliver Russell,GBR,2008
3284,800742799,Raunak Kashyap,IND,2008
3284,800723317,Leon Wei Xi Ho,SGP,2012
3284,800721417,Jan Goeberndorfer-Steiner,AUT,2008
3284,800719513,dan gun Kim,KOR,2010
3284,800794777,Cesar De Vena Gonzalez,ESP,2009
3284,800792883,Elisha Wee,AUS,2011
3284,800766448,Toby Blunden,GBR,2008
3301,800713929,Bhavesh Shah Hem Chandra Shah,IND,2011
3301,800826998,Felix Vallee,CAN,2009
3301,800714548,Guillermo Coquelet Felipa,PER,2010
3301,800857136,Nathan Herbert,RSA,2011
3301,800825270,Cameron Kock,RSA,2012
3301,800752278,Neve Upston,NZL,2011
3301,800815628,Max East,RSA,2009
3301,800750065,Matthew Goodchild,RSA,2009
3301,800742918,Joshua Yirui KUAN,SGP,2010
3301,800771841,Alexis Ricci,FRA,2011
3301,800773398,Leonardo Barretta,ITA,2008
3301,800761475,LiuBeiYi Zhang,CHN,2009
3301,800683587,Saidumar Saidakbarov,UZB,2009
3301,800750105,Jovan Mandic,RSA,2010
3315,800762092,Daniel Aznar Alvarez,ESP,2008
3315,800762256,Thiago Meirelles Galli Kohama,BRA,2008
3315,800762387,Benjamin Tukpeyi,GHA,2010
3315,800767094,Jordi Climent,ESP,2009
3315,800759644,Ignacio Morales Lopez,PAN,2010
3315,800758229,NING DING,CHN,2008
3315,800758162,Francisco De la Torre,ARG,2008
3315,800762107,Sairama Sriharshit Allam,GBR,2008
3315,800759575,Aslan HANCI,TUR,2010
3315,800766102,Elias Chrabieh,LBN,2011
3315,800684065,Martin Bravo,ECU,2008
3315,800673880,Mate Lorinc Lipp,HUN,2010
3315,800678186,Sebastian Janda,SVK,2011
3315,800674560,Adam Zikara,GBR,2011
3315,800758904,can Lawani,CHN,2011
3315,800664548,Alexander Sokol,CYP,2009
3315,800665357,Henrijs Miks Gulans,LAT,2009
3315,800664031,Romans Kravcovs,LAT,2010
3315,800667728,Denzell Darkey,GBR,2010
3315,800665707,Jakob Letsch,GER,2009
3315,800667636,Shun Osuna,JPN,2008
3315,800667582,Junho Choi,KOR,2010
3315,800670990,Eric Spiridon,ITA,2009
3315,800681737,Harsh Malik,IND,2008
3315,800760564,Patrick Doak,CAN,2009
3315,800775093,Marc Agusti,ESP,2009
3315,800774361,Bhavya Porwal,IND,2008
3315,800753314,JUNBO WANG,CHN,2009
3315,800755248,Parham Shabani khezri,IRI,2012
3315,800756251,Yaoyu Yang,CHN,2010
3315,800756803,Federico Gomez Bayona,COL,2011
3315,800749006,Jinxi Che,CHN,2008
3315,800751663,Jerome Koopmans,ARU,2008
3315,800751308,Gabriel Bendfeldt Falla,GUA,2009
3315,800742884,Alejandro Roesch,MEX,2009
3315,800743236,Isaias jesus alejandro Gimenez,ARG,2009
3315,800742373,Joseph Yannick Magama,CMR,2008
3315,800741862,Hugo Vahur,EST,2012
3315,800741868,Azzam Khairi Zhafir,INA,2010
3315,800740573,Alexandre Ghostine,LBN,2009
3315,800739993,Sang Hyun Lee,KOR,2011
3315,800739933,Hubert Poirier,CAN,2009
3315,800747360,Vittorio Golda,ITA,2011
3315,800748136,Iker Bejar Rosario,ESP,2009
3315,800771854,Ethan Pryor,NZL,2010
3315,800769486,Owen Conley,USA,2009
3315,800767354,Samuel Ilboudo,BUR,2009
3315,800768167,Pavak Chitania,IND,2010
3315,800768401,Benicio Madeo Roggero,ARG,2011
3315,800772382,Nikolay Andreev,RUS,2008
3315,800773740,Edoardo Gallo,ITA,2009
3315,800668795,Gregor Tillisson,EST,2011
3315,800761676,Mohammed Desheni Alhassan,GHA,2008
3315,800671815,Samuel Hill-Goetzhaber,AUT,2009
3315,800706476,Maksym Malyi,UKR,2010
3315,800671243,Kyle Babbage,GBR,2009
3315,800570384,Matous Cepelik,CZE,2008
3315,800630285,CHENG - HAN LU,TPE,2009
3315,800628871,Kouros Anssarizadeh,GBR,2008
3315,800636143,Harris Kopanyi,ROU,2008
3315,800638219,Dejan Desy,SLO,2008
3315,800638240,Alexander Chelidze,GEO,2009
3315,800648339,Jasper Riley,GBR,2008
3315,800651918,Juan Felipe Arias Jaramillo,COL,2008
3315,800661283,Eduardo Vinas Torres-Magana,MEX,2008
3315,800661060,Ruhan Komandur,IND,2009
3315,800662543,Andrea Cerbo,ITA,2010
3315,800589411,Muhammad Hussnain Ali Rizwan,PAK,2008
3315,800662082,Karlo Piticaru,ROU,2010
3315,800661620,Alex Prifti,ALB,2010
3315,800659479,Teodor Tarta Arsene,ROU,2008
3315,800657212,Jose Andres Traboulsi Roberto,VEN,2008
3315,800659976,Yahor Mukha,BLR,2009
3315,800659992,SAURISH MODI,IND,2008
3315,800660256,Moises Ricardo Araujo Betancourt,VEN,2008
3315,800652923,Artem Kolesnikov,RUS,2010
3315,800654475,Ilya Davidouski,BLR,2009
3315,800653964,Alexander Nenashev,RUS,2010
3315,800656598,Stefan Robert SZABO,ROU,2011
3315,800737004,Patricio Fuentes Valencia,MEX,2009
3315,800661707,Darsh Khedekar,IND,2010
3315,800591369,Jhon Fredy Ramirez,COL,2008
3315,800595128,Aleksandr Shishkanov,RUS,2008
3315,800693870,Jose Alejandro Jarrin Rivera,ECU,2008
3315,800706471,Ben Niffeler,SUI,2009
3315,800707554,Enzo Milanesi,BRA,2008
3315,800709441,Marc-Olivier Magnin,SUI,2008
3315,800709936,Zakaria Mohammed ABIDAT,ALG,2009
3315,800711132,Felipe Mifano Pinto,BRA,2008
3315,800698816,Hriman Sharma,IND,2010
3315,800702539,Oliver Sutton,GBR,2008
3315,800702547,Maxime Rochat,SUI,2008
3315,800702549,Emir Nalinci,TUR,2011
3315,800701028,Yannick Stephane Kengne Lebo,CMR,2008
3315,800702992,Karol Kosek,POL,2009
3315,800702763,Asher Simbarashe Chimedza,ZIM,2008
3315,800704431,Riccardo Landi,ITA,2010
3315,800704499,David Rodriguez,COL,2008
3315,800689318,Samuel Fussell,GBR,2010
3315,800690350,Khamid Aleev,RUS,2011
3315,800692113,Myles BONNARD,FRA,2010
3315,800692779,Massimo Ruspaggiari,ITA,2008
3315,800693277,Richard Guth,GER,2010
3315,800698405,Lukas Andonegui,ESP,2012
3315,800696379,Mikolaj Arent,POL,2011
3315,800695738,Salvatore Emanuele Storaci,ITA,2008
3315,800695772,Jesse Langerhuizen,NED,2010
3315,800694940,Edoardo Dolcetta-Capuzzo,ITA,2008
3315,800693830,Dylan Ram,GBR,2010
3315,800671204,Rares Alexandru Miron,ROU,2010
3315,800736355,Yanis Alliouche,ALG,2008
3315,800688029,Inam Qadir,PAK,2008
3315,800738164,Gustav Karlsson,SWE,2009
3315,800807034,Lucas Misbach,FRA,2011
3315,800824506,Karl Ekstrand,USA,2010
3315,800822970,Kenfack Idris Adjahoung,CMR,2011
3315,800822581,Amine Rosa,MOZ,2012
3315,800822681,Tinashe Phatshwane,BOT,2012
3315,800822815,Behrad Emamifar,IRI,2010
3315,800821729,Matias Pujadas Garcias,ESP,2010
3315,800737318,Shashank Iyer,USA,2009
3315,800828235,Edgar Nazaryan,USA,2008
3315,800826544,Tadiwa D Mombeyarara,ZIM,2011
3315,800826620,Qinduo Cai,CHN,2009
3315,800804136,Fedor Curiel Mendoza,MEX,2011
3315,800842992,Nishimwe Dan-Ken-Pascal,BDI,2011
3315,800841534,Shang-Kun Peng,TPE,2011
3315,800842313,Angelo Hernandez,DOM,2011
3315,800840836,Scout Buckley,AUS,2011
3315,800841328,Kamil Mantache,CAN,2009
3315,800843760,Thom Nenot,FRA,2011
3315,800843807,Delwende Elisee Ouedraogo,BUR,2011
3315,800844632,Eric Torto,GHA,2012
3315,800837102,Riquelme Lemos,ANG,2010
3315,800837953,Alexandre Thevenet,MRI,2012
3315,800833506,Yahuza Bello,NGR,2011
3315,800795588,Bekhruzbek Yunusbaev,UZB,2010
3315,800840643,Leonardo Kosek-Lloyd,CAN,2008
3315,800803803,Lukas Shbeir,LBN,2009
3315,800809493,James Anzalone,USA,2008
3315,800809805,Daniel Jendrejek,CZE,2008
3315,800852818,Henry Adevor,GHA,2008
3315,800862199,Jonas Garrido,GUY,2008
3315,800861846,Loyd Jully,FRA,2012
3315,800847592,Prince Jireh Moukam,CMR,2012
3315,800847688,Adam Mabrouki,TUN,2012
3315,800848874,Logan Rey,USA,2009
3315,800846931,Ricardo Ricardo,MEX,2008
3315,800849185,Samuel Adegbite,NGR,2011
3315,800849914,Jason Hajj,LBN,2012
3315,800850117,Alexander Lee Pieber,RSA,2012
3315,800851069,Reeves Mahelis,BAH,2009
3315,800850801,Peter Paul Gemayel,LBN,2011
3315,800850864,Paul Idowu Adebisi,NGR,2011
3315,800816375,Zhao Ziyi,CHN,2010
3315,800816422,Joel Roney,AUS,2010
3315,800817841,Sharon Danjuma,NGR,2012
3315,800811354,Santiago Balthazar Percipalle,ITA,2008
3315,800811440,Luke Treleaven,RSA,2009
3315,800812344,Jorge Rodrigo Estevez Urizar,GUA,2011
3315,800815312,Rishab Ramanan,IND,2008
3315,800807664,Edward Rusu,CAN,2010
3315,800807723,Zayd Ahfer,MAR,2010
3315,800808260,Cheng-Jui Chan,TPE,2011
3315,800810106,Abraham Khamey Liby,CIV,2011
3315,800809720,Gabriel Emilio Aceituno Bethancourt,GUA,2010
3315,800795939,Georgy Pronin,RUS,2011
3315,800798005,Malique Adlam Adlam,JAM,2009
3315,800812021,Brochton Kaveny,USA,2011
3315,800800589,Maximilian Achhammer Von Roeder,GER,2010
3315,800717193,Nithik Sivakumar,IND,2008
3315,800722456,Kamil Rhazali,MAR,2011
3315,800719769,Jose Santiago Germenos Gutierrez,MEX,2010
3315,800719981,Juan Sebastian Castellanos Mogollon,COL,2011
3315,800718942,Johan Smith Kvalvaag,NOR,2010
3315,800718964,D'Shaun Ansah,GHA,2008
3315,800719063,Chahine BEN AISSA,TUN,2011
3315,800718053,Kasra Karaji,IRI,2011
3315,800726261,donghwan lim,KOR,2009
3315,800727957,Steve Mbog,CMR,2009
3315,800731485,Yonatan Dvash,ISR,2009
3315,800715080,Rafael Andrade,ECU,2010
3315,800732087,Matej Bacik,CZE,2010
3315,800733068,Jonas Waelti,SUI,2012
3315,800732741,Shreyanth Mahanthesha,IND,2009
3315,800734482,Adam Stancati,TUN,2010
3315,800734980,Caelan Mckechnie,GBR,2010
3315,800734315,Urh Sevnik,SLO,2010
3315,800735484,Santiago Augusto Galindo Martinez,COL,2010
3315,800735374,Mohammmad Taha Zohari,IRI,2009
3315,800734013,Antonio Lozada,MEX,2010
3315,800733502,Navya Yadav,IND,2010
3315,800738232,Eduardo Jose Matute Valeriano,HON,2010
3315,800796815,Folaranmi Michael Fafowora,NGR,2011
3315,800732425,Damian Tabuteau,HAI,2009
3315,800714840,Jorge Gomez Danvila,ESP,2008
3315,800719749,Marc Stephan,LBN,2008
3315,800711868,Leonardo Totaro,ITA,2009
3315,800801392,Utku Madran,TUR,2010
3315,800799138,Yoshiaki Hirose,JPN,2009
3315,800792771,Israel Ayojesu Iyanuoluwa Adeusi,NGR,2008
3315,800792796,Mateo De Anton Benito De Anton Benito,ESP,2008
3315,800786381,Joshua Dolinsky,USA,2010
3315,800786160,Stepan Bilous,UKR,2010
3315,800789922,Amir Ali Etemadieh,IRI,2012
3315,800782527,Ivan Torres,PAN,2009
3315,800714177,Seonghyeon Moon,USA,2011
3315,800783304,Miguel Ricardo Lagac III,PHI,2010
3315,800781252,Adrian Piven,URU,2008
3315,800783979,Lorenzo Vasquez,ECU,2010
3315,800784013,Kelyan Kandassamy-Justine,GLP,2009
3315,800783128,Matthew Owen,SKN,2009
3315,800784428,Evgeniy Mazo,CYP,2008
3315,800714145,TANATHORN TAVACHPHONGSRI,THA,2009
3315,800785322,Frank Plaza,COL,2008
3315,800713869,Bautista Colina,URU,2009
3315,800778133,Rati Beriashvili,GEO,2009
3315,800781045,Kangting Shen,TPE,2010
3315,800714137,Mithun Sendilkumar,IND,2011
3315,800784445,Alberto Rossetti,ITA,2008
3315,800779484,Blake Okoh,USA,2010
3315,800780212,Nandor Karoly,HUN,2008
3315,800784238,Platon Chubarev,UKR,2010
3315,800780924,Yida LIU,CHN,2011
3539,800850678,Joel Badza,ZIM,2012
3539,800781489,Samuel Balcazar,USA,2008
3539,800789563,Ramez Michel,EGY,2011
3539,800791521,Muzamil Sebbi,UGA,2010
3539,800800596,Aaron Boettner,SUI,2009
3539,800794273,Halbie Wagstaff,GBR,2008
3539,800840789,Ian Pablo Espinosa Hernandez,MEX,2009
3539,800831435,Spencer Wolman,USA,2009
3539,800808203,Patricio Zarazua,MEX,2010
3539,800714307,Luis Stefano Berrocal Huanca,PER,2011
3539,800795997,Steven Dean,USA,2009
3539,800716757,Luke Brady,IRL,2009
3539,800773780,Rui Costa Tembe,MOZ,2008
3539,800772695,Andrija Dragicevic,SRB,2009
3539,800717028,Filat Bashkov,RUS,2010
3539,800578176,Salman Saifullah Pathan,USA,2008
3539,800583801,Jose Pablo Renovales Salazar,ESP,2008
3539,800676062,Krish Shetty,IND,2008
3539,800677065,Goncalo Pereira,POR,2010
3539,800660715,Maxim Guerber,SUI,2011
3539,800765217,Elias Cano Morales,MEX,2009
3539,800758937,Michael Baumann,SUI,2010
3539,800776339,Isaac Miguel Llovera De Lasse,MEX,2010
3539,800774152,Asser Nehad Fouad,EGY,2010
3539,800683091,Bernardo Cantisano,BRA,2009
3564,800753957,Mathias Llanos Astudillo,COL,2012
3564,800670389,Johan Hemmelmann,BRA,2009
3564,800672483,Julius Jauck,GER,2008
3564,800672697,Juan Pablo Salazar Schiaffino,PER,2008
3564,800671814,Florian Heiszer,HUN,2009
3564,800673426,Nils Alt,GER,2010
3564,800674069,Joao Guilherme Faggioni,BRA,2009
3564,800684432,Connor Edmonds,NZL,2008
3564,800683132,Atticus Felstead,GBR,2010
3564,800752649,JUNJIE YANG,CHN,2010
3564,800765510,ryushin sakuma,JPN,2012
3564,800749305,Mirac Baris Yesilyurt,TUR,2009
3564,800742026,Marco Perez,PUR,2010
3564,800743623,boyin Zhang,CHN,2008
3564,800763702,Yassin hany Elakkad,EGY,2010
3564,800668010,Nate de Mariveles,GBR,2009
3564,800761238,Pengfei Ye,CHN,2008
3564,800761201,siwon lee,KOR,2012
3564,800759975,Diego Dugarte Gamez,VEN,2010
3564,800758227,Alejandro Holmann,NCA,2009
3564,800769306,Damian Tairi-Barros,NZL,2008
3564,800767954,Aashray Arun,USA,2009
3564,800753437,Enzo Donatti,URU,2009
3564,800665459,Max Cichon,GBR,2009
3564,800696065,Jonah Mielke,GER,2008
3564,800694368,Samuel Hostiuc,GBR,2010
3564,800767906,Addison Roach,USA,2008
3564,800645414,Dominic Channo,GBR,2008
3564,800649399,Ohad Cohen,ISR,2008
3564,800653002,Solen Aerts,BEL,2009
3564,800655360,Fernando Alfredo Berrocal Ascencios,PER,2008
3564,800599885,Hyeon Bin Park,KOR,2009
3564,800600258,Desch Cole,HUN,2008
3564,800598437,Ollie Anderson,GBR,2008
3564,800629463,Eren Kip,TUR,2009
3564,800595388,Oleg Chiburaev,RUS,2009
3564,800693797,Matthew Popa,CAN,2011
3564,800570388,Ozgur Erdem Turgut,TUR,2008
3564,800707429,Omer Steinberg,ISR,2010
3564,800708600,Luka Kostic,SRB,2010
3564,800709908,Zachariah Wu,NZL,2009
3564,800699719,Niklas Bergmann,GER,2008
3564,800706077,Chukka Lakshya Vardhan Chukka,IND,2010
3564,800703604,Mihaly Ieliszejev,HUN,2010
3564,800692569,Nicola Scanavin,ITA,2009
3564,800695734,Ruinclife Baraka Ominde,KEN,2008
3564,800695344,Louden Muha,USA,2010
3564,800694849,Hassan Mahmoud Amer,EGY,2008
3564,800586195,Julius Erdmann Jesnitzer,GER,2009
3564,800768300,Edward Mwakio,KEN,2008
3564,800851944,Noah Garcia,FRA,2009
3564,800777202,Krishna hriday reddy Somavarapu,IND,2008
3564,800796325,David Sanchez Florensa,ESP,2008
3564,800795607,Jonathan Higa,USA,2008
3564,800845163,Kiril Lytovchenko,UKR,2009
3564,800844807,Ou Nakamura,JPN,2011
3564,800835118,Eric Solano Fons,ESP,2009
3564,800837439,Roshan Gede,ZIM,2012
3564,800821940,Munehito Kawanabe,JPN,2011
3564,800820965,Zhixuan Liu,CHN,2010
3564,800826985,Sahar Rozenberg,ISR,2008
3564,800830047,William Claus,USA,2008
3564,800797818,Jules Cornut-Chauvinc,FRA,2009
3564,800815764,Daniel Marosvolgyi,HUN,2008
3564,800813755,Yuxuan Huang,CHN,2009
3564,800815245,Zuen Chen,USA,2013
3564,800803559,Ben Spotswood,AUS,2011
3564,800804274,Sarvin Dev Mahadavan,AUS,2010
3564,800776054,MinHui Zhang,CHN,2010
3564,800804701,Louis Sabet,UAE,2009
3564,800805940,Mohamed Bensalah,ALG,2008
3564,800810367,Aki Takeuchi,JPN,2010
3564,800810196,Mostafa Anan,EGY,2010
3564,800846199,Konan Kawabata,JPN,2010
3564,800817320,Nikau Going,NZL,2008
3564,800799950,Raul De Almeida Leandro,BRA,2008
3564,800804224,Victor Aleksander Gonzalez,MEX,2010
3564,800781530,Alex Boeve,AUS,2009
3564,800785149,Daven Aga,USA,2009
3564,800773688,Kian Patel,IND,2011
3564,800728246,Everest Wade Kim,USA,2008
3564,800730707,Izan Bofarull,ESP,2008
3564,800731231,Julius Feldmann,GER,2011
3564,800734332,Benjamin Blania Loof,SWE,2009
3564,800733209,Bede Mccashin,NZL,2008
3564,800733305,Qihao Zeng,CHN,2008
3564,800733491,Mufeng Yu,CAN,2010
3564,800737746,Hakanarda Aydin,TUR,2008
3564,800736305,Vishvajeet Sanas,IND,2008
3564,800728571,Eric Quintero,PAN,2009
3564,800737371,Gabriel Borges Mansur,BRA,2009
3564,800736287,Arjun Veluri,IND,2009
3564,800780373,Tyler Davis,BAR,2010
3564,800779717,Cameron Middleton,AUS,2008
3564,800779806,Sidhant Wodeyar,IND,2009
3564,800779206,Enzo Carvalho,USA,2008
3564,800718896,Wilmer Haakansson,SWE,2010
3564,800721384,Angel David Herrera Uribe,COL,2010
3564,800737353,Ricard Lazaro Farres,ESP,2008
3564,800716894,Leo Mathieu van Huet,GER,2011
3564,800785323,Antonio Genduso Genduso,ITA,2009
3665,800720439,Mohamed Mezghani,TUN,2009
3665,800846400,Md Tanvir,BAN,2009
3665,800719189,Caio magalhaes,BRA,2008
3665,800719121,MATTEO SANSON,SVK,2012
3665,800723479,Bernardo Furtado,BRA,2008
3665,800733166,Louis Golz,GER,2011
3665,800735496,Jacob Edmondson,GBR,2008
3665,800769763,Albert Molina Martinez,ESP,2008
3665,800729876,Simon Escudero,ARG,2010
3665,800774037,Pedro Juan Cardona Castano,COL,2008
3665,800769066,Muhammad Yahya Muhammad Yahya,PAK,2009
3665,800747821,Seolhoo Moon,KOR,2010
3665,800745309,Daniel Lang,CAN,2008
3665,800743712,Ioannis-Panagiotis Vasileiadis,GRE,2011
3665,800712012,Dere Woods,NED,2008
3665,800731637,William Silvstedt Warholm,SWE,2010
3665,800714117,JIAN PYUN,KOR,2008
3665,800798290,Juan Ignacio Yulita,ARG,2008
3665,800780319,Jinkang Huang,CHN,2008
3665,800741129,Muhamad Eyad Saleem,SYR,2012
3665,800831104,Portelat Promesse Kitsoukou,CGO,2011
3665,800826701,Kona Parseghian,JPN,2010
3665,800824287,Jaime Moran,ESP,2008
3665,800822891,Daniil Ohorodnyk,UKR,2010
3665,800833741,Ken Mathieu Mpoy Mpoy,COD,2011
3665,800843004,Arthur Stys,BRA,2009
3665,800780331,Jiawei Dai,CHN,2009
3665,800796965,Thomas Rheault,USA,2008
3665,800788026,Gregg Rubbers,RSA,2009
3665,800787447,Y Jie Tang,CHN,2008
3665,800781505,Dimitri Kirton,BAR,2010
3665,800784939,Hady Grari,MAR,2010
3665,800778761,Marat Kayali,RUS,2008
3665,800777679,Yen-chia Tseng,TPE,2011
3665,800777938,Timofey Dobrovolsky,CAN,2010
3665,800801245,Seungwoo Han,KOR,2008
3665,800748421,Chadrack KINKOLESSA BANZOUZI,CGO,2008
3665,800732285,Nasko Dobrev,CAN,2009
3665,800748708,justin Perrot,FRA,2009
3665,800589500,Maksim Treneski,MKD,2008
3665,800594797,Konrad Punger,EST,2009
3665,800602857,John Danaher,IRL,2008
3665,800628371,Andreas Udall,FRA,2009
3665,800659389,Nived Ponnapa Konerira,IND,2008
3665,800660614,Nicholai H Petersen,DEN,2010
3665,800656350,Daniel Turcan,MDA,2010
3665,800573013,Aaron Kelle,EST,2008
3665,800656335,Guilherme Kawano Cho,BRA,2008
3665,800643404,Nahel nedjaoui,FRA,2010
3665,800638855,Emilian David Negoita,ROU,2009
3665,800651412,Shivam Shiv Patel,SWE,2009
3665,800652072,Georgii Pluzhnikov,RUS,2008
3665,800644533,Gregory Gorskiy,RUS,2010
3665,800643769,Daoud Shaheeb,MDV,2008
3665,800748943,Nikita Penkov,RUS,2008
3665,800654619,Ivan Ushakov,UKR,2009
3665,800584764,WAN HIM DONOVAN YIM,HKG,2008
3665,800661951,Filip Dymak,CZE,2008
3665,800700481,Oscar Palmer,GBR,2008
3665,800710953,Daniele Longo,ITA,2010
3665,800680110,Hugo Bucht,SWE,2008
3665,800681948,Igor Debrito,FRA,2009
3665,800675465,Leonard Ucher,POL,2009
3665,800671793,Mauro Kort,NED,2008
3665,800670114,Rei Iwasaki,JPN,2009
3665,800668601,Veer Tumber,GBR,2010
3665,800663782,Michael Wilson,GBR,2009
3665,800754852,Haochen Zhang,CHN,2008
3665,800664153,Pavle Vukosavljevic,MNE,2009
3665,800697061,Lukasz Andrzej Maliszewski,POL,2010
3665,800685025,dominykas merkys,LTU,2009
3665,800685136,Anatolii Voskresenskii,RUS,2011
3665,800688352,Danial Shalkhimbayev,KAZ,2008
3665,800703489,ROGER GABRIEL GIMENEZ OCAMPOS,PAR,2009
3665,800698773,Jose Miguel Padron,VEN,2008
3665,800664173,Turarsaid Darken,KAZ,2010
3741,800726231,Reyan Bulsara,KEN,2009
3741,800726011,santiago gomez roca,BOL,2009
3741,800775980,Dhruv Promod,IND,2009
3741,800774891,Raul Gonzalez Lopez,MEX,2008
3741,800760831,Emilio Obregon,MEX,2009
3741,800682315,BROOKLYN NYASHA JUMBE,ZIM,2009
3741,800677459,William McKay,GBR,2010
3741,800670073,Leonardo Raymond Lopez Victorio,BOL,2008
3741,800690428,Khaled Ibrahim,EGY,2008
3741,800693784,Amaury PIERRE,FRA,2011
3741,800693284,Louis Kosak,FRA,2011
3741,800703836,Sisu Makinen,FIN,2010
3741,800660858,Christian Javier Antezana Seleme,BOL,2008
3741,800654519,Emiliano Vela,ECU,2009
3741,800632686,Ricardo Estrada,MEX,2009
3741,800727664,Iain Navarro Bocage,ESP,2010
3741,800697914,ALASTAIR VICTOR JOSEPH ARPUTHARAJ,IND,2010
3741,800731217,Imaro Rakotondranaly,FRA,2009
3741,800748967,Yeray Gomez,MEX,2011
3741,800721201,Roberto Alexis Vega Velazquez,MEX,2008
3741,800734238,Bink Vente,NED,2009
3741,800852223,Valentino Leonell Mejia Deza,PER,2010
3741,800862193,Noe Thomas,FRA,2009
3741,800855107,Edward Gan,USA,2012
3741,800859323,Tyler Sharpe,USA,2012
3741,800830646,Germanier Vincent,SUI,2008
3741,800831041,Francisco Santander Reyes,MEX,2012
3741,800835627,Bjorn Nyamunokora,ZIM,2012
3741,800844939,Dominik Lohmann,MEX,2010
3741,800855792,Corey Dixon,AUS,2012
3741,800804375,Erick Yovanni Ibarrola Alvarez,MEX,2010
3741,800781223,Nathan Nguyen,CAN,2010
3741,800782124,Pablo Tolay,BOL,2008
3741,800784211,Helder Caballero Espejel,MEX,2008
3741,800779271,Marco Rodriguez Garcia,PUR,2009
3741,800714073,Rex Willow,CAN,2010
3741,800816985,Jose Angel Gomez Velazquez,MEX,2008
3741,800722557,Bruno Ahrens Milani,BRA,2009
3779,800733051,Prahalad Dharma,USA,2009
3779,800731144,Kei Ichikawa,JPN,2009
3779,800751612,Mateo Azirovic,AUS,2009
3779,800724909,Rogelio Mamai,KEN,2009
3779,800768619,Tang Shangqin,CHN,2009
3779,800771713,Jaden Chui,HKG,2010
3779,800768340,Gabriel Daroca,BOL,2010
3779,800736194,Sergio Garin,MEX,2009
3779,800768697,Tendai Nawa,BOT,2010
3779,800726026,Luke Colson,USA,2008
3779,800735028,Viktor Serikov,KAZ,2011
3779,800737195,Max Peinado Esteban,ESP,2008
3779,800738855,Mark Gurin,CAN,2011
3779,800739309,Simon Leitner,AUT,2008
3779,800736459,Mohamed Mallouli,TUN,2011
3779,800737579,Zain Daim-Pan,GBR,2008
3779,800737109,Alvaro De Miguel Montero,ESP,2009
3779,800737120,Brian Donnelly,AUS,2008
3779,800737153,Lucas Font Tant,ESP,2008
3779,800773750,TZU-I HUANG,TPE,2010
3779,800737000,Matteo Pennisi,ITA,2008
3779,800720598,Iosef Ureche,GER,2010
3779,800720663,Oleksandr Tyshchenko,UKR,2010
3779,800733082,Kerem Bozkurt,TUR,2011
3779,800774103,Mariano Darelli,PER,2008
3779,800742050,Mans Ljungkull,SWE,2010
3779,800767109,Sonompuntsag Enkhjargal,MGL,2008
3779,800723042,Clement HUGON,FRA,2012
3779,800752277,Jacques Rupe,NZL,2011
3779,800751824,Paul Verronneau,FRA,2010
3779,800751868,Hao Yi Zhang,CHN,2008
3779,800750428,Jan Tichy,CZE,2011
3779,800751025,Emilio Mateo Diaz,MEX,2009
3779,800757612,Kabir Jaitly,IND,2008
3779,800754019,Rihito Komuro,JPN,2010
3779,800754723,Kindness mutsawashe Mukweza,ZIM,2009
3779,800752555,Kishan Rua Correa,ARU,2008
3779,800753658,Finley Cox,ZIM,2009
3779,800766769,Mohamed Ladhari,TUN,2008
3779,800746961,Klopocki Mikolaj,POL,2008
3779,800741910,Leonardo Winkel,CUW,2010
3779,800739794,Pramit Chand Suvarnakanti,USA,2010
3779,800741078,Jadon Spriggs,BER,2009
3779,800740945,Oliver Weisskapp,GER,2009
3779,800759958,Ilya Shershnev,RUS,2009
3779,800761404,Yu-Jui Su,TPE,2009
3779,800758232,Eduardo Pena Ibanez,CHI,2008
3779,800759747,Omar Boudih,MAR,2010
3779,800759260,Pablo Javierre Romeo,ESP,2009
3779,800763721,Ashton Lim,AUS,2010
3779,800765183,Hashim Abdulhusain A Karim Altoobli,BRN,2010
3779,800745990,Mohamed Ilyes Boudriga,TUN,2010
3779,800719896,MUCHAMMAD AZKA AZAM AL ARSYAD,INA,2010
3779,800786480,Somogyi Abel,HUN,2009
3779,800718134,Tomohisa Shioya,JPN,2009
3779,800800866,Joshua Coquet,MRI,2009
3779,800799465,Lucas Emilio Piquin,ARG,2008
3779,800798426,Rayan Khabthani,TUN,2011
3779,800790288,Markus Ingwersen,ARU,2010
3779,800790555,Noah Claudio Alejandro Martinez Martinez,ARU,2010
3779,800786955,Shoma Kitamura,JPN,2011
3779,800751597,ILGAZ CAN,TUR,2008
3779,800791478,Colby Kuo,AUS,2011
3779,800792882,Zhixin Jin,CHN,2009
3779,800804625,Jarah Vinks,AUS,2008
3779,800804219,Alfons Jennfors,SWE,2008
3779,800801305,Jacob Jacelon,TTO,2011
3779,800802590,Julius Rippl,USA,2011
3779,800810460,Raku Yoshimoto,JPN,2011
3779,800808604,Colton Gilbert,USA,2010
3779,800809714,Lucas Ihnen,USA,2010
3779,800807558,Ignatus Raeel Feudjeu,CMR,2011
3779,800817014,Patrik David Boldut,ROU,2010
3779,800816089,Joel prosper Michael,NGR,2011
3779,800816104,Iyanuoluwa Taiwo,NGR,2009
3779,800820906,Robin Linnavirta,FIN,2010
3779,800814919,Hugo Elmblad,SWE,2010
3779,800811733,Manan Dhir Sheetal Taneja Dhir,IND,2008
3779,800843799,Alan Idriss Steven Tapsoba,BUR,2009
3779,800810443,Takumi Hatsuda,JPN,2011
3779,800794057,Yichen Liu,CHN,2011
3779,800794328,Christian Robrecht,USA,2011
3779,800794317,Simon Friessnegger,AUT,2009
3779,800713320,perrin patel,IND,2008
3779,800713191,Jannik Rochus El Filali,AUT,2010
3779,800712925,Didrik Roos,SWE,2008
3779,800712699,Miguel Perez Toribio,ESP,2009
3779,800712709,Igor Bartnik,POL,2011
3779,800711795,Mohammad radin Taghavi,IRI,2012
3779,800717490,Alexander Cernetic,ITA,2008
3779,800717499,Jorge Pareja Nieto,ESP,2009
3779,800717700,Benjamin Meyer,ARG,2009
3779,800714616,Gil Kita,SLO,2010
3779,800715809,Sze Ting Chen,SGP,2008
3779,800715396,Krystof Stepanek,CZE,2009
3779,800779343,Lukman Praditya Nugroho,INA,2009
3779,800780312,Wyatt Bounds,USA,2009
3779,800778222,HENRIQUE PERRONE CUSTODIO,BRA,2011
3779,800778272,Mateo Istrate,CAN,2010
3779,800778817,Mohamed Nazim Leghraba,ALG,2010
3779,800777650,Jose Paredes,ECU,2008
3779,800777533,Channing Clarke,USA,2010
3779,800777387,Motian Qian,CHN,2010
3779,800784420,Mohamed Nail Abed,ALG,2011
3779,800784476,Dingchen Cui,CHN,2009
3779,800782458,Lionel Kouakou Bessebro,BUR,2010
3779,800782966,Kota Arai,USA,2008
3779,800795298,Jaden Batten,AUS,2011
3779,800718347,Alper PANCAR,TUR,2009
3779,800749505,Ayush Salunkhe,AUS,2011
3779,800671265,Dylan Yap,INA,2009
3779,800748703,Reaven Rio Suryana,INA,2011
3779,800622380,Martin Latinchev,BUL,2008
3779,800628633,Kevinas Pumputis,LTU,2008
3779,800625711,Enzo Kahi,GBR,2008
3779,800630426,Sami Hayes,MAR,2008
3779,800630789,Alex Romano,ITA,2009
3779,800597887,Andris Pavlovs,LAT,2009
3779,800703847,Andrei Capatos,ROU,2011
3779,800703450,Marco Brignoli,ITA,2010
3779,800703007,Iker Fernandez Rincon,MEX,2010
3779,800703983,Artyom Fremd,KAZ,2010
3779,800705654,Keisuke KOSAKA,JPN,2011
3779,800591685,Alberto Arancon,ESP,2008
3779,800705828,Faisal Alqazaz,IRQ,2009
3779,800698716,Farouk Ben Mrad,TUN,2010
3779,800701566,Calin Mihai Munteanu,ROU,2011
3779,800702039,Sebastiano Mantovani,ITA,2010
3779,800702191,Maximo Garrone,URU,2010
3779,800702276,Jaime Munoz Pardo,ESP,2009
3779,800702396,Louca Codispoti,FRA,2010
3779,800711045,Fedi Bennani,TUN,2010
3779,800709962,Mokshak Reddy Challa,IND,2009
3779,800709321,Lev Klimov,KAZ,2009
3779,800709793,MOHAMED AMIR ALLOUACH,ALG,2010
3779,800709485,Gavin Kraut,PHI,2009
3779,800705178,Florin Robert Pantelimon,ROU,2009
3779,800708606,Dilan Da Silva,ZIM,2008
3779,800591602,Maxim Kolarov,BUL,2008
3779,800587538,Victor Mazerie,FRA,2008
3779,800843806,Nikiema Arsene,BUR,2009
3779,800634957,Denis Tukmakov,RUS,2009
3779,800636776,Yaroslav Potapov,RUS,2009
3779,800642843,Methika Nuran Wickramasinghe Wickramasinghe Mudiyanselage,SRI,2009
3779,800651765,Ulad Dalbusin,BLR,2009
3779,800650828,Kyriacos Pyrishis,CYP,2008
3779,800650846,Noah Alexandros Ioannides,CYP,2008
3779,800644043,Ahmed Ghezal,TUN,2008
3779,800645224,Louis Stewart,GBR,2008
3779,800644703,Szymon Podczaszy,POL,2008
3779,800653633,Felix Loward,BEL,2009
3779,800543474,Artak Bunoyan,KAZ,2008
3779,800653504,Marco Ciarrocchi,AUS,2008
3779,800655373,Jan Pasiorowski,POL,2009
3779,800661468,Vladimir Tzonkov,BUL,2010
3779,800661598,Relja Hubert,SRB,2009
3779,800662148,Sandro Weber,SUI,2010
3779,800662035,Lorenzo Rauner,GER,2010
3779,800658368,Leonid Kompaniiets,UKR,2008
3779,800660634,Arken Syzdykov,KAZ,2010
3779,800660234,Marko Aleksovski,MKD,2011
3779,800660240,Rahil Rizvie,SRI,2010
3779,800582910,Saksham Bikram Shah,NEP,2008
3779,800585052,Raj Bir Pradhan,NEP,2008
3779,800656963,Riccardo Pepe,ITA,2010
3779,800749655,Chenjia He,CHN,2008
3779,800708594,Anotipa Chigudu,ZIM,2010
3779,800689827,Mikail Iqbal,CAN,2008
3779,800675368,Hamood Eyad Al-Areqi,YEM,2010
3779,800675536,Bogdan Popa,ROU,2010
3779,800675597,Andrija Sadzakovic,SRB,2010
3779,800675653,Junsuk Bang,KOR,2009
3779,800675929,Gustav Leo Bentley Galow,GER,2011
3779,800673508,Duarte Santa Maria,POR,2010
3779,800674087,JUAN CAMILO BELTRAN JIMENEZ,COL,2008
3779,800674540,Nikolaj Dusanic,BIH,2008
3779,800674475,Kristian Simek,CZE,2010
3779,800674677,Hector Freitas,AUT,2011
3779,800674687,Nicholas Matos,BRA,2008
3779,800675479,Ryo Ono,JPN,2008
3779,800674800,Rico Kalli,GBR,2009
3779,800681525,Davi de Oliveira da Silva,BRA,2009
3779,800680922,Kerem Sezer,TUR,2010
3779,800684375,Maksim Serebrov,RUS,2009
3779,800682961,Ridvan Loianov,KGZ,2010
3779,800680014,Santiago Gamez fuentes,COL,2009
3779,800680170,Preet Chaudhary,IND,2009
3779,800678207,Joaquin Bertaina,ARG,2009
3779,800678432,Khachatur Avetisyan,ARM,2010
3779,800678321,Andrey Dudin,RUS,2010
3779,800679061,Arber Dano,ALB,2011
3779,800678911,Santiago Clavero,CHI,2008
3779,800674856,Santiago Montoya Martinez,COL,2008
3779,800708245,Ian Liu,TPE,2010
3779,800678117,Ignacio Costa Cadilla,ARG,2008
3779,800667552,MAKSYM KRYVYI,UKR,2008
3779,800689834,NOHAM MULLER,FRA,2009
3779,800692121,Lorenzo Lopez,USA,2008
3779,800692254,Ayan Dahiya,IND,2010
3779,800689056,Nestor Aaron Schmidt,SUI,2010
3779,800693793,Matias Hernandez Ramirez,ECU,2010
3779,800693690,Ioannis Motsakos,GRE,2010
3779,800693828,Bulut Kayakent,TUR,2011
3779,800693869,Bruno Cabezas,ECU,2010
3779,800694027,Asher Yule Ong,SGP,2009
3779,800694028,Niki Zandes,AUS,2008
3779,800695001,Juan Diego Molina Munoz,ECU,2010
3779,800665808,Egert Trave,EST,2009
3779,800695270,Alexander Van San,BEL,2011
3779,800670874,Dominik Hradilek,SVK,2010
3779,800670988,Gardan Hermawan,INA,2009
3779,800670432,Lorenz Rovagnati,AUT,2008
3779,800671747,Benjamin Schmidt,GER,2010
3779,800671352,Lucas Alexander Winoto,INA,2009
3779,800671930,Fritz Boberg,GER,2010
3779,800662940,can ozturk,TUR,2009
3779,800665073,Francesco Montenet,ITA,2008
3779,800664831,Yair Dayan,ISR,2009
3779,800664857,Vittorio Peluffo,ITA,2009
3779,800668304,Ray Gallacher,GBR,2010
3779,800696203,Samuel Vozar,SVK,2008
3779,800841506,Sebastian Lopez,USA,2010
